13890  10  0
    0    1918   604  3393  3816   4034  4035  4036  4037  4038  4039
    1    2402     5  3256  3288   4040  4041  4042  4043  4044  4045
    2     746   291  3285  3678   4046  4047  4048  4049  4050  4051
    3     118   672  2134  2856   4052  4053  4054  4055  4056  4057
    4     199   351   983  3466   4058  4059  4060  4061  4062  4063
    5     362  1247   364  3496   4064  4065  4066  4067  4068  4069
    6    3526   687   690  3596   4070  4071  4072  4073  4074  4075
    7     822  2456  1653  3767   4076  4077  4078  4079  4080  4081
    8    2047  3056  3083  3089   4082  4083  4084  4085  4086  4087
    9     692  1170  2200  3398   4088  4089  4090  4091  4092  4093
   10    1765  2115  2673  3294   4094  4095  4096  4097  4098  4099
   11    2767  2631  3105  3182   4100  4101  4102  4103  4104  4105
   12    2528  2530  3379  3396   4106  4107  4108  4109  4110  4111
   13    3087  3498  3733  3735   4112  4113  4114  4115  4116  4117
   14     469  1126  3098  3239   4118  4119  4120  4121  4122  4123
   15     544  2136  2930  3438   4124  4125  4126  4127  4128  4129
   16    1719  1371   143  3182   4130  4131  4132  4133  4134  4135
   17    2813  1099  2951  3048   4136  4137  4138  4139  4140  4141
   18    2729  2586  2962  3111   4142  4143  4144  4145  4146  4147
   19    2770  1476  3043  3179   4148  4149  4150  4151  4152  4153
   20     194  2110  3144  3469   4154  4155  4156  4157  4158  4159
   21    2578  1844  1845  3217   4160  4161  4162  4163  4164  4165
   22    3629  3267  3908  3922   4166  4167  4168  4169  4170  4171
   23    3575  3111  3687  3815   4172  4173  4174  4175  4176  4177
   24    2421   519  3666  3844   4178  4179  4180  4181  4182  4183
   25    3019  1877  3020  3490   4184  4185  4186  4187  4188  4189
   26    1134  1943   977  3206   4190  4191  4192  4193  4194  4195
   27     797    78   398  3109   4196  4197  4198  4199  4200  4201
   28     875   876   933  3223   4202  4203  4204  4205  4206  4207
   29      49    50  2119  3691   4208  4209  4210  4211  4212  4213
   30     802  2800  2963  3236   4214  4215  4216  4217  4218  4219
   31    3814  3741  3963  3979   4220  4221  4222  4223  4224  4225
   32     283  1714  2886  3980   4226  4227  4228  4229  4230  4231
   33    2360  2403  2544  2851   4232  4233  4234  4235  4236  4237
   34    3368  3265  3542  3746   4238  4239  4240  4241  4242  4243
   35    1824  2339  1510  2705   4244  4245  4246  4247  4248  4249
   36      12  1474  1864  3425   4250  4251  4252  4253  4254  4255
   37     390   761  2275  3477   4256  4257  4258  4259  4260  4261
   38     507  1010   506  3660   4262  4263  4264  4265  4266  4267
   39    1313  2699  2855  3728   4268  4269  4270  4271  4272  4273
   40    3175  3117  3489  3954   4274  4275  4276  4277  4278  4279
   41    3095  3062  3418  3742   4280  4281  4282  4283  4284  4285
   42    2641  2620  2972  3757   4286  4287  4288  4289  4290  4291
   43     267  3566  3856  3916   4292  4293  4294  4295  4296  4297
   44    2768  2698  2950  3447   4298  4299  4300  4301  4302  4303
   45    3858  3324  3863  4020   4304  4305  4306  4307  4308  4309
   46    3384  3372  3650  3784   4310  4311  4312  4313  4314  4315
   47    1327  1321  2683  2880   4316  4317  4318  4319  4320  4321
   48    3364  3086  3416  3894   4322  4323  4324  4325  4326  4327
   49    3317   960  3665  3758   4328  4329  4330  4331  4332  4333
   50     491   909  2056  3944   4334  4335  4336  4337  4338  4339
   51    3249   395  3537  3645   4340  4341  4342  4343  4344  4345
   52    3532  2974  3753  3793   4346  4347  4348  4349  4350  4351
   53    1895    66  2873  3693   4352  4353  4354  4355  4356  4357
   54     313  2312  3076  3715   4358  4359  4360  4361  4362  4363
   55    1393  1342  3707  3959   4364  4365  4366  4367  4368  4369
   56    3537  3794  3819  4005   4370  4371  4372  4373  4374  4375
   57    3867  3926  3939  4008   4376  4377  4378  4379  4380  4381
   58    3079  2736  3253  3346   4382  4383  4384  4385  4386  4387
   59     140  3342  3551  4001   4388  4389  4390  4391  4392  4393
   60     263   185  2816  3693   4394  4395  4396  4397  4398  4399
   61    3139  2962  3314  3679   4400  4401  4402  4403  4404  4405
   62    2343   260  3602  3930   4406  4407  4408  4409  4410  4411
   63    3369  2948  3610  3883   4412  4413  4414  4415  4416  4417
   64    2168   693  3184  3996   4418  4419  4420  4421  4422  4423
   65     929  2543  3362  3987   4424  4425  4426  4427  4428  4429
   66    2647  2602  2741  2775   4430  4431  4432  4433  4434  4435
   67      92   587  1864  3429   4436  4437  4438  4439  4440  4441
   68    2893  3221  3879  3283   4442  4443  4444  4445  4446  4447
   69    2341  2833  3367  3427   4448  4449  4450  4451  4452  4453
   70     462  2386  3720  3764   4454  4455  4456  4457  4458  4459
   71    3564   210  4017  3779   4460  4461  4462  4463  4464  4465
   72    1248   362   358  3712   4466  4467  4468  4469  4470  4471
   73    1827    89  1826  3900   4472  4473  4474  4475  4476  4477
   74    3794  3537  3972  4005   4478  4374  4372  4479  4371  4480
   75    3789  3384  3856  3884   4481  4482  4483  4484  4485  4486
   76     421  1561  3103  3778   4487  4488  4489  4490  4491  4492
   77    1591  3221  3858  3948   4493  4494  4495  4496  4497  4498
   78     950   964  2940  3766   4499  4500  4501  4502  4503  4504
   79    3738  3819  3889  4005   4505  4506  4507  4508  4370  4509
   80     221   262  2447  3698   4510  4511  4512  4513  4514  4515
   81     522  2330  3377  3436   4516  4517  4518  4519  4520  4521
   82    2637  1269  2816  2892   4522  4523  4524  4525  4526  4527
   83    1027   557  3189  3848   4528  4529  4530  4531  4532  4533
   84     808   250  3392   872   4534  4535  4536  4537  4538  4539
   85     103   490  3203  3563   4540  4541  4542  4543  4544  4545
   86     695  1285  2256  2969   4546  4547  4548  4549  4550  4551
   87    3379  1155  3519  3520   4552  4553  4554  4555  4556  4557
   88     706  1476  2770  3495   4558  4559  4560  4150  4561  4562
   89    2944  3079  3300  3331   4563  4564  4565  4566  4567  4568
   90    2822   572  2929  3222   4569  4570  4571  4572  4573  4574
   91    2198  1049  1051  3419   4575  4576  4577  4578  4579  4580
   92     894  1126  1044  3239   4581  4582  4583  4584  4122  4585
   93    2191  2468  3090  3203   4586  4587  4588  4589  4590  4591
   94    1597    93  3081  4004   4592  4593  4594  4595  4596  4597
   95    1606  1061  3678  3827   4598  4599  4600  4601  4602  4603
   96    2967  3090  3145  3637   4604  4605  4606  4607  4608  4609
   97     427  1592  2948  3479   4610  4611  4612  4613  4614  4615
   98     908   680   669  3569   4616  4617  4618  4619  4620  4621
   99    2591  2754  2927  2943   4622  4623  4624  4625  4626  4627
  100    3280  1811  3434  3610   4628  4629  4630  4631  4632  4633
  101    1279  1277  3640  3743   4634  4635  4636  4637  4638  4639
  102     218  3224  3747  3783   4640  4641  4642  4643  4644  4645
  103    2396  2395  3254  3962   4646  4647  4648  4649  4650  4651
  104     230  2849  2910  3914   4652  4653  4654  4655  4656  4657
  105    2921  2791  3165  3194   4658  4659  4660  4661  4662  4663
  106    3379  1912  3551  3706   4664  4665  4666  4667  4668  4669
  107     151  2131  3114  3189   4670  4671  4672  4673  4674  4675
  108    2049  1879  1502  3177   4676  4677  4678  4679  4680  4681
  109     600  1469   919  3068   4682  4683  4684  4685  4686  4687
  110      32  2853  2968  3061   4688  4689  4690  4691  4692  4693
  111     334   822  2930  3767   4694  4695  4696  4697  4077  4698
  112    1907  2817  3124  3207   4699  4700  4701  4702  4703  4704
  113    1690   654   607  3612   4705  4706  4707  4708  4709  4710
  114    3325  3456  2746  3719   4711  4712  4713  4714  4715  4716
  115      18    19  2677  2686   4717  4718  4719  4720  4721  4722
  116    2106  1537  2120  3274   4723  4724  4725  4726  4727  4728
  117    3132  3882  3895  3917   4729  4730  4731  4732  4733  4734
  118    2245  2455  3882  3917   4733  4735  4736  4737  4738  4739
  119    2910  2810  3229  3263   4740  4741  4742  4743  4744  4745
  120    1117  1812   332  3295   4746  4747  4748  4749  4750  4751
  121    3122   455  3494  3630   4752  4753  4754  4755  4756  4757
  122    2639  2771  3154  3861   4758  4759  4760  4761  4762  4763
  123     640  1224  2603  3229   4764  4765  4766  4767  4768  4769
  124    1811  2188   400  3109   4770  4771  4772  4773  4774  4775
  125    3325  2746  3030  2876   4776  4777  4716  4778  4779  4780
  126    1870   521  1974  3426   4781  4782  4783  4784  4785  4786
  127    2615  2616  2685  3197   4787  4788  4789  4790  4791  4792
  128    1313  2855  2869  3686   4793  4794  4273  4795  4796  4797
  129    1024  1620  1049  3419   4579  4798  4799  4800  4801  4802
  130     918  1662   311  3184   4803  4804  4805  4806  4807  4808
  131    3435  3705  3818  3929   4809  4810  4811  4812  4813  4814
  132    1811  2188  3280  3448   4815  4816  4772  4817  4818  4630
  133     440   750   162  4017   4819  4820  4821  4822  4823  4824
  134     359   341  1245  3617   4825  4826  4827  4828  4829  4830
  135    2982  2919  3138  3401   4831  4832  4833  4834  4835  4836
  136    2708  2718  2773  3116   4837  4838  4839  4840  4841  4842
  137    2453  1382  3123  3656   4843  4844  4845  4846  4847  4848
  138    2842  2880  2979  3186   4849  4850  4851  4852  4853  4854
  139    2880  1327  2945  3203   4855  4856  4317  4857  4858  4859
  140    2836  1266  3247  3353   4860  4861  4862  4863  4864  4865
  141    3153  3150  3695  3706   4866  4867  4868  4869  4870  4871
  142    1717   147  3580  4002   4872  4873  4874  4875  4876  4877
  143     571  1624  3427  3815   4878  4879  4880  4881  4882  4883
  144    3218  2498  3028  3027   4884  4885  4886  4887  4888  4889
  145    2664  2704  3088  3722   4890  4891  4892  4893  4894  4895
  146    1696   329  2166  3231   4896  4897  4898  4899  4900  4901
  147    1727  1812  1117  3395   4902  4903  4904  4748  4905  4906
  148    1151  1560  3175  4014   4907  4908  4909  4910  4911  4912
  149    2863  2907  2913  3442   4913  4914  4915  4916  4917  4918
  150      32   117    31  2968   4919  4693  4920  4921  4922  4923
  151      19   372  1220  2686   4924  4721  4925  4926  4927  4928
  152    2928  2784  3100  3599   4929  4930  4931  4932  4933  4934
  153    2874  3309  3475  3911   4935  4936  4937  4938  4939  4940
  154    1120  1446  3320  3560   4941  4942  4943  4944  4945  4946
  155    1164  2873  3211  3215   4947  4948  4949  4950  4951  4952
  156    1464  2458  2879  3209   4953  4954  4955  4956  4957  4958
  157    3187  3296  3732  3805   4959  4960  4961  4962  4963  4964
  158    2675  2604  3167  3228   4965  4966  4967  4968  4969  4970
  159    2262  2466  2085  2897   4971  4972  4973  4974  4975  4976
  160    2749  2621  3071  3453   4977  4978  4979  4980  4981  4982
  161     933  1360  3424  3959   4983  4984  4985  4986  4987  4988
  162    1363   535  1507  3043   4989  4990  4991  4992  4993  4994
  163    2775  2899  3060  3473   4995  4996  4997  4998  4999  5000
  164    2272   340  3259  3719   5001  5002  5003  5004  5005  5006
  165    2710  3070  3279  3590   5007  5008  5009  5010  5011  5012
  166    1570  1124  1824  2705   4245  5013  5014  5015  5016  5017
  167    1039  1182  3204  3380   5018  5019  5020  5021  5022  5023
  168     337   336  3278  3807   5024  5025  5026  5027  5028  5029
  169     591   582  1470  2673   5030  5031  5032  5033  5034  5035
  170    2149  1505  1189  2673   5036  5037  5038  5039  5040  5041
  171    2602  1491  2638  3327   5042  5043  5044  5045  5046  5047
  172     241  2306  2243  3656   5048  5049  5050  5051  5052  5053
  173    1571   612  2353  3616   5054  5055  5056  5057  5058  5059
  174    2670  2886  3106  3980   5060  5061  5062  5063  4226  5064
  175    2430   479   855  3609   5065  5066  5067  5068  5069  5070
  176    2743   938  2867  3131   5071  5072  5073  5074  5075  5076
  177     640  1077  2766  3229   5077  4765  5078  5079  5080  5081
  178     471  1981   654  3606   5082  5083  5084  5085  5086  5087
  179    2102  3279  3611  4012   5088  5089  5090  5091  5092  5093
  180    2118   221  2547  3698   5094  5095  5096  5097  4511  5098
  181    3738  3722  3855  3889   5099  4509  5100  5101  5102  5103
  182    1191   332  1812  3295   4750  5104  5105  4749  4746  5106
  183     653  1872  2802  3184   5107  5108  5109  5110  5111  5112
  184    2008  1258   721  2819   5113  5114  5115  5116  5117  5118
  185    2595  2810  2927  3039   5119  5120  5121  5122  5123  5124
  186    1850  2316  2950  2489   5125  5126  5127  5128  5129  5130
  187    3574  2891  3890  4002   5131  5132  5133  5134  5135  5136
  188    1681  1435  1649  2828   5137  5138  5139  5140  5141  5142
  189    2824  1706  2987  3380   5143  5144  5145  5146  5147  5148
  190    3407  1610  3814  3963   4225  5149  5150  5151  5152  5153
  191    1227  2748  3169  3760   5154  5155  5156  5157  5158  5159
  192     458  3376  3381  3641   5160  5161  5162  5163  5164  5165
  193    3397  1823  3782  3807   5166  5167  5168  5169  5170  5171
  194    3267  2645  3335  3465   5172  5173  5174  5175  5176  5177
  195    2711   806  2814  3518   5178  5179  5180  5181  5182  5183
  196    1240   361  2654  2714   5184  5185  5186  5187  5188  5189
  197    2304  1862  2764  3182   5190  5191  5192  5193  5194  5195
  198    2213   683  3649  3898   5196  5197  5198  5199  5200  5201
  199    1933   747   675  3093   5202  5203  5204  5205  5206  5207
  200     235  1962  3290  3983   5208  5209  5210  5211  5212  5213
  201     722  2579  2412  3292   5214  5215  5216  5217  5218  5219
  202    2129   917   198  3575   5220  5221  5222  5223  5224  5225
  203    1807   497  2906  3354   5226  5227  5228  5229  5230  5231
  204     731  2484  1529  3041   5232  5233  5234  5235  5236  5237
  205     958  2860  3264  3758   5238  5239  5240  5241  5242  5243
  206    2695  2626  3272  3712   5244  5245  5246  5247  5248  5249
  207    2870  2818  3045  3881   5250  5251  5252  5253  5254  5255
  208     545  1644  2671  3345   5256  5257  5258  5259  5260  5261
  209     123  1556  3863  3884   5262  5263  5264  5265  5266  5267
  210     721   975   181  3453   5268  5269  5270  5271  5272  5273
  211     907  3183  2388  3770   5274  5275  5276  5277  5278  5279
  212     517    18    17  3402   5280  5281  5282  5283  5284  5285
  213    2760  2688  3272  3457   5286  5287  5288  5289  5290  5291
  214    3277  3271  3581  3880   5292  5293  5294  5295  5296  5297
  215    3722  2707  3738  3855   5103  5101  5298  5299  5300  5100
  216    1608  1610  3407  3904   5301  5302  5303  5150  5304  5305
  217    1012   623  3472  3729   5306  5307  5308  5309  5310  5311
  218    2719  2718  2747  3477   5312  5313  5314  5315  5316  5317
  219     605  1715  3803  3853   5318  5319  5320  5321  5322  5323
  220    3374  1416  3858  3948   4493  5324  5325  5326  5327  5328
  221    2865  3046  3078  3328   5329  5330  5331  5332  5333  5334
  222    3325  2876  3647  3719   5335  4712  4777  5336  5337  5338
  223    2744  2883  2907  3052   5339  5340  5341  5342  5343  5344
  224      37  2686  3274  3608   5345  5346  5347  5348  5349  5350
  225    1332  1331  1451  3646   5351  5352  5353  5354  5355  5356
  226    3544  3567  3986  4032   5357  5358  5359  5360  5361  5362
  227    2510  3507  2511  3556   5363  5364  5365  5366  5367  5368
  228    2973  2884  3792  4011   5369  5370  5371  5372  5373  5374
  229    3147  3135  3586  3743   5375  5376  5377  5378  5379  5380
  230    2221   373  3206  1943   4194  5381  5382  5383  5384  5385
  231    1537   208   747  3093   5206  5386  5387  5388  5389  5390
  232    2638  2902  3423  3752   5391  5392  5393  5394  5395  5396
  233    2033  1484  3063  3578   5397  5398  5399  5400  5401  5402
  234    1662   758   122  3137   5403  5404  5405  5406  5407  5408
  235     682  1811  2920  3610   5409  5410  5411  5412  4632  5413
  236    3489  2891  3560  3711   5414  5415  5416  5417  5418  5419
  237    2930  2757  2955  3684   5420  5421  5422  5423  5424  5425
  238    3352  3465  3267  2783   5426  5427  5428  5173  5429  5430
  239     865   411  3497  3569   5431  5432  5433  5434  5435  5436
  240    1267  1262  2663  3227   5437  5438  5439  5440  5441  5442
  241    2652  2912  3051  3496   5443  5444  5445  5446  5447  5448
  242    1848   651  2801  3243   5449  5450  5451  5452  5453  5454
  243    2805  2972  3538  3757   5455  5456  5457  5458  4286  5459
  244    2848  2919  2982  3401   4832  5460  5461  4833  4835  5462
  245    1486  3169  3269  3608   5463  5464  5465  5466  5467  5468
  246    2630  2688  2796  3289   5469  5470  5471  5472  5473  5474
  247    2635  1223  2808  2897   5475  5476  5477  5478  5479  5480
  248    2718  2735  2877  3792   5481  5482  5483  5484  5485  5486
  249    1715   605   276  3853   5487  5322  5320  5488  5319  5489
  250    2294  1805  2538  2913   5490  5491  5492  5493  5494  5495
  251    1927  1343  1047  3975   5496  5497  5498  5499  5500  5501
  252    2598  2975  3091  3115   5502  5503  5504  5505  5506  5507
  253     585  1590  1683  3769   5508  5509  5510  5511  5512  5513
  254    1471  1622   860  3992   5514  5515  5516  5517  5518  5519
  255    1138   502   242  3157   5520  5521  5522  5523  5524  5525
  256    2984  3239  3366  3576   5526  5527  5528  5529  5530  5531
  257    3094  1114  3194  3649   5532  5533  5534  5535  5536  5537
  258    1230   883  2700  2743   5538  5539  5540  5541  5542  5543
  259    2457   145  2864  3591   5544  5545  5546  5547  5548  5549
  260    2737  2713  2921  3795   5550  5551  5552  5553  5554  5555
  261     425  3817  3842  3887   5556  5557  5558  5559  5560  5561
  262    3252  2349  3561  3762   5562  5563  5564  5565  5566  5567
  263    2912  2652  3475  3496   5568  5447  5445  5569  5444  5570
  264     874   386  1988  3942   5571  5572  5573  5574  5575  5576
  265    1615  3796  3814  3998   5577  5578  5579  5580  5581  5582
  266    1829  2562  3713  3892   5583  5584  5585  5586  5587  5588
  267    2112   882  3202  3995   5589  5590  5591  5592  5593  5594
  268    2333   287  1196  3693   5595  5596  5597  5598  5599  5600
  269    1193  1452  2903  3247   5601  5602  5603  5604  5605  5606
  270    1603   945  2972  3757   4286  5607  5608  5609  5610  5611
  271      91  2131  3189  3756   5612  5613  5614  4674  5615  5616
  272    2587  2586  3105  3111   5617  5618  5619  5620  4146  5621
  273     147  1717  3574  4002   5132  4876  4874  5622  4873  5623
  274     661  2206  2944  3708   5624  5625  5626  5627  5628  5629
  275     806  2935  2240  3379   5630  5631  5632  5633  5634  5635
  276    1834   513  2827  3128   5636  5637  5638  5639  5640  5641
  277     759   414  2633  3274   5642  5643  5644  5645  5646  5647
  278    1600  2906  2963  3721   5648  5649  5650  5651  5652  5653
  279    1503  3972  3978  4005   5654  5655  5656  5657  4478  5658
  280     908  1386   111  3183   5659  5660  5661  5662  5663  5664
  281    1513  1774  2877  4033   5665  5666  5667  5668  5669  5670
  282     572  1053  2298  3222   5671  4573  5672  5673  5674  5675
  283    1526  2258  3056  3770   5676  5677  5678  5679  5680  5681
  284    3303  3290  3355  3983   5682  5683  5684  5685  5208  5686
  285     391   538  3597  3653   5687  5688  5689  5690  5691  5692
  286    2035  1486  2598  2969   5693  5694  5695  5696  5697  5698
  287    2269  2345  2786  3215   5699  5700  5701  5702  5703  5704
  288     212  1980   703  3418   5705  5706  5707  5708  5709  5710
  289    2098  1441  3044  3380   5711  5712  5713  5714  5715  5716
  290     159   860  3071  3812   5717  5718  5719  5720  5721  5722
  291    2447  2549  3698  3941   5723  5724  5725  5726  5727  4510
  292    2549  1110  3482  3941   5728  5727  5729  5730  5731  5732
  293    3332   891  3458  3646   5733  5734  5735  5736  5737  5738
  294    3005   520  2646  3587   5739  5740  5741  5742  5743  5744
  295     483  2154   417  3790   5745  5746  5747  5748  5749  5750
  296    3829  2877  4023  4033   5751  5752  5753  5754  5665  5755
  297    2593  2663  2810  3227   5756  5757  5758  5759  5437  5760
  298    3089  1413  3511  3512   5761  5762  5763  5764  5765  5766
  299    2577   722  2465  3450   5767  5768  5769  5770  5771  5772
  300     997  1443  2767  2929   5773  5774  5775  5776  5777  5778
  301    2602  2647  3689  3761   5779  5780  4432  5781  5782  5783
  302    3243  2964  3627  3718   5784  5785  5786  5787  5788  5789
  303    3349  2795  3467  3619   5790  5791  5792  5793  5794  5795
  304     600  2480  1469  3295   5796  5797  5798  5799  5800  4684
  305    2322   681   588  3769   5801  5802  5803  5804  5805  5806
  306    3462  2338   583   100   5807  5808  5809  5810  5811  5812
  307     963  1760   928  3397   5813  5814  5815  5816  5817  5818
  308     236  1341  2053  3641   5819  5820  5821  5822  5823  5824
  309    2192  2389  1052  2906   5825  5826  5827  5828  5829  5830
  310    1477  2189    55  3615   5831  5832  5833  5834  5835  5836
  311    3175  2731  3330  3489   5837  4279  5838  5839  5840  5841
  312     377  1032  1046  3247   5842  5843  5844  5845  5846  5847
  313    1652    26  2120  3274   4723  5848  5849  5850  5851  5852
  314     250  1541    77  3392   5853  4537  5854  5855  5856  5857
  315     625   626  1557  3701   5858  5859  5860  5861  5862  5863
  316    2761  2833  3222  3938   5864  5865  5866  5867  5868  5869
  317    2663  2606  2671  2862   5870  5871  5872  5873  5874  5875
  318    2437   394  3240  3826   5876  5877  5878  5879  5880  5881
  319    1886   245  2703  3763   5882  5883  5884  5885  5886  5887
  320    1431  1802  1059  3349   5888  5889  5890  5891  5892  5893
  321    2936   807  3034  3944   5894  5895  5896  5897  5898  5899
  322     104  2421   519  3666   4181  5900  5901  4180  4183  5902
  323    2845  3139  3394  3790   5903  5904  5905  5906  5907  5908
  324    1818  2063  2109  3444   5909  5910  5911  5912  5913  5914
  325    2063  1818  2435  3444   5915  5913  5911  5916  5910  5917
  326     150  1230   883  2700   5541  5918  5919  5540  5543  5920
  327    2077   329  1095  3944   5921  5922  5923  5924  5925  5926
  328     231   351  3466  3739   5927  5928  5929  4062  5930  5931
  329    2972   489  3284  3556   5932  5933  5934  5935  5936  5937
  330    2338   100  3462  3893   5938  5939  5811  5808  5940  5809
  331    2137    19    18  2686   4718  5941  5942  4719  4721  5943
  332    2730  2652  2912  3051   5446  5944  5945  5445  5448  5946
  333    1956  1955   842  3716   5947  5948  5949  5950  5951  5952
  334     143   234  1443  2767   5776  5953  5954  5955  5956  5957
  335     946  1728  1427  3076   5958  5959  5960  5961  5962  5963
  336    3738  2707  3772  3855   5964  5103  5299  5965  5300  5966
  337    3221  3264  3858  3879   5967  4445  5968  5969  5970  4496
  338    3188  1395   580  4003   5971  5972  5973  5974  5975  5976
  339    3771  3806  3978  4005   5654  5977  5978  5979  5980  5981
  340     999  3501  3499  3610   5982  5983  5984  5985  5986  5987
  341     667  3622  3727  3852   5988  5989  5990  5991  5992  5993
  342    3736  2914  3829  3935   5994  5995  5996  5997  5998  5999
  343    3075  3580  3672  3908   6000  6001  6002  6003  6004  6005
  344     329  2077  2464  3944   6006  5925  5923  6007  5922  6008
  345    3385  3869  3897  3968   6009  6010  6011  6012  6013  6014
  346    3683  3386  3771  3907   6015  6016  6017  6018  6019  6020
  347    1696  2166  2987  3231   6021  4897  4901  6022  4896  6023
  348    2961  2926  3277  3675   6024  6025  6026  6027  6028  6029
  349     814  2299   392  2915   6030  6031  6032  6033  6034  6035
  350    3188   580  3212  4003   6036  5972  5976  6037  5971  6038
  351    3420   432  2242  3467   6039  6040  6041  6042  6043  6044
  352    2828  2833  3367  3938   6045  6046  6047  4451  5868  6048
  353    1718  3239  3246  3576   6049  6050  6051  6052  5530  6053
  354     898   899  3498  3733   4115  6054  6055  6056  6057  6058
  355    2622  3273  3812  3992   6059  6060  6061  6062  6063  6064
  356    3740  3741  3814  3979   4221  6065  6066  4222  4224  6067
  357      14   353    15  3311   6068  6069  6070  6071  6072  6073
  358    2202   978   575  3585   6074  6075  6076  6077  6078  6079
  359     139  1117  1578  2779   6080  6081  6082  6083  6084  6085
  360    1925   205  2953  3777   6086  6087  6088  6089  6090  6091
  361     516  2788  3573  3603   6092  6093  6094  6095  6096  6097
  362     485  1958   844  3813   6098  6099  6100  6101  6102  6103
  363    2454   314  3334  2099   6104  6105  6106  6107  6108  6109
  364    1002  2320   939  3138   6110  6111  6112  6113  6114  6115
  365    2058   704  3684  4004   6116  6117  6118  6119  6120  6121
  366     594  2804  3037  3654   6122  6123  6124  6125  6126  6127
  367    2613  2717  3039  3177   6128  6129  6130  6131  6132  6133
  368    2691  1757  2781  2898   6134  6135  6136  6137  6138  6139
  369    3080   109  1169  3486   6140  6141  6142  6143  6144  6145
  370    2603  1224  2674  2676   6146  6147  4767  6148  6149  6150
  371     877  1403  1843  2990   6151  6152  6153  6154  6155  6156
  372    3511  3089  3512  3943   6157  6158  5766  5762  6159  5761
  373    3305  2668  3966  4031   6160  6161  6162  6163  6164  6165
  374    3238  3229  3291  3439   6166  6167  6168  6169  6170  6171
  375     148  2420  3788  3985   6172  6173  6174  6175  6176  6177
  376      99  1604  3034  3586   6178  6179  6180  6181  6182  6183
  377    3037  1413  3083  3089   4082  6184  6185  6186  5763  6187
  378    2002  1633   537  2809   6188  6189  6190  6191  6192  6193
  379    3036  2833  3139  3427   6194  6195  6196  6197  4452  6198
  380    1057  1783  2929  3687   6199  6200  6201  6202  6203  6204
  381     933   876  3365  3412   6205  6206  4205  6207  6208  6209
  382     288  3545  3805  3880   6210  6211  6212  6213  6214  6215
  383    1822  2042  2014  3177   6216  6217  6218  6219  6220  6221
  384    3328  2865  3572  3780   6222  6223  5330  6224  6225  6226
  385    1870  3405  3426  3980   6227  6228  6229  6230  6231  4782
  386     533  2633  2677  2985   6232  6233  6234  6235  6236  6237
  387    1513  1012  3829  3935   5994  6238  6239  6240  6241  6242
  388    3300   664  3622  3913   6243  6244  6245  6246  6247  6248
  389    2015  3403  3452  3586   6249  6250  6251  6252  6253  6254
  390    2382  1862  1768  2764   6255  6256  6257  6258  5193  6259
  391    2735  3250  3549  3552   6260  6261  6262  6263  6264  6265
  392    2988  1764  2943  3432   6266  6267  6268  6269  6270  6271
  393     922  2057  1721  3592   6272  6273  6274  6275  6276  6277
  394     244  1566   561  3859   6278  6279  6280  6281  6282  6283
  395    3410  1447  3834  3858   6284  6285  6286  6287  6288  6289
  396    1740   176  2121  3286   6290  6291  6292  6293  6294  6295
  397     808   250  1979  3392   6296  4539  4536  6297  4537  6298
  398    1467  1854   682  3883   6299  6300  6301  6302  6303  6304
  399    2193  2426  3036  3139   6198  6305  6306  6307  6308  6309
  400    3241  2932  3397  3782   5171  6310  6311  6312  6313  6314
  401    2842  2984  3145  3605   6315  6316  6317  6318  6319  6320
  402      78   400  2188  3109   4774  4200  6321  4773  4770  6322
  403     178   967   466  3433   6323  6324  6325  6326  6327  6328
  404    3279  3642  3694  3899   6329  6330  6331  6332  6333  6334
  405    1105  1008  1478  2801   6335  6336  6337  6338  6339  6340
  406    1374  1775  1162  2855   6341  6342  6343  6344  6345  6346
  407    1201   122   758  3137   5407  6347  6348  5406  5403  6349
  408    1519  2069  1933  2802   6350  6351  6352  6353  6354  6355
  409    2249  2248  3378  3655   6356  6357  6358  6359  6360  6361
  410    3746  3924  3970  4029   6362  6363  6364  6365  6366  6367
  411    1144   388  2669  2764   6368  6369  6370  6371  6372  6373
  412    1487  2651  2726  2743   6374  6375  6376  6377  6378  6379
  413     355   357  2163  3373   6380  6381  6382  6383  6384  6385
  414    1517  2333  1124  2671   6386  6387  6388  6389  6390  6391
  415    2769   240  3284  3336   6392  6393  6394  6395  6396  6397
  416    2901  2479  3322  3375   6398  6399  6400  6401  6402  6403
  417    2932  2683  3625  3038   6404  6405  6406  6407  6408  6409
  418     599  2158  2385  3997   6410  6411  6412  6413  6414  6415
  419    3345  3055  3773  3816   6416  6417  6418  6419  6420  6421
  420     144  2174  2636  3325   6422  6423  6424  6425  6426  6427
  421    1036  1187  3090  3673   6428  6429  6430  6431  6432  6433
  422     800   598  3902  3947   6434  6435  6436  6437  6438  6439
  423      24   700    22  2605   6440  6441  6442  6443  6444  6445
  424    3771  1064  3907  3978   6446  5981  6447  6448  6449  6015
  425    1491  1928  2638  3327   5042  5046  6450  6451  6452  5045
  426     479   642  3609  3962   6453  6454  6455  6456  6457  5069
  427    1265  2661  2774  2816   6458  6459  6460  6461  6462  6463
  428    2622  2621  2685  3422   6464  6465  6466  6467  6468  6469
  429    2945  1324  3607  3673   6470  6471  6472  6473  6474  6475
  430    3384  3566  3856  3888   6476  6477  6478  4295  6479  4484
  431    2304  1371  1719  3182   4131  5191  6480  4132  4134  6481
  432    1053  2022  2822  3222   4570  5674  6482  6483  6484  6485
  433    2610     0  2645  2797   6486  6487  6488  6489  6490  6491
  434     249  1043  1476  3495   4561  6492  6493  6494  6495  6496
  435    1852   345  1119  3844   6497  6498  6499  6500  6501  6502
  436    1983  2066  3125  3247   6503  6504  6505  6506  6507  6508
  437    1007   524  3374  3595   6509  6510  6511  6512  6513  6514
  438    1353   937  3232  3245   6515  6516  6517  6518  6519  6520
  439    2929  3105  3111  3180   6521  6522  6523  5617  6524  6525
  440    1715  1689  2556  3692   6526  6527  6528  6529  6530  6531
  441    1229  1779   121  3558   6532  6533  6534  6535  6536  6537
  442    2661  2606  3192  3474   6538  6539  6540  6541  6542  6543
  443    2107  2217   431  3395   6544  6545  6546  6547  6548  6549
  444    2354   926  2877  3831   6550  6551  6552  6553  6554  6555
  445    1888   690  3476  3577   6556  6557  6558  6559  6560  6561
  446    1795   903  3176  3187   6562  6563  6564  6565  6566  6567
  447     809   340  3030  3325   4780  6568  6569  6570  6571  6572
  448    1057  2141  1783  3687   6203  6200  6573  6574  6575  6201
  449    2698  2950  3220  3440   6576  6577  4301  6578  6579  6580
  450    2256  2445   905  3744   6581  6582  6583  6584  6585  6586
  451     910  1123    97  3680   6587  6588  6589  6590  6591  6592
  452    1503  3806  3889  4005   4505  5655  6593  6594  5980  6595
  453    1444  1657  2727  2832   6596  6597  6598  6599  6600  6601
  454     783   153  1114  3649   5536  6602  6603  6604  6605  6606
  455    2609  2672  2921  3795   5550  6607  6608  6609  6610  6611
  456    1893  2488  3314  3366   6612  6613  6614  6615  6616  6617
  457    2959  3046  3224  3378   6618  6619  6620  6621  6622  6623
  458     705    97   848  3680   6624  6625  6626  6627  6587  6628
  459    2877  1080  4023  4033   5751  5665  6629  6630  6631  5754
  460    3212  3046  3242  3328   6632  6633  6634  6635  5333  6636
  461     615  1792   219  2840   6637  6638  6639  6640  6641  6642
  462     170  2748  3061  3704   6643  6644  6645  6646  6647  6648
  463    1982  1886  2703    69   6649  6650  6651  5887  6652  6653
  464    1118  1992  3138  3286   6654  6655  6656  6657  6658  6659
  465    2722  2627  2798  2920   6660  6661  6662  6663  6664  6665
  466    3042  2731  3175  3783   6666  6667  6668  5838  6669  6670
  467    2353   991   225  3865   6671  6672  6673  6674  6675  6676
  468    1328  1323  2842  2979   4854  6677  6678  6679  6680  6681
  469    3224   218  3727  3783   6682  4644  4642  6683  4641  6684
  470     412   142  1799  3540   6685  6686  6687  6688  6689  6690
  471    1082  2635  2649  2802   6691  6692  6693  6694  6695  6696
  472      50    49  2875  3691   6697  4212  4210  6698  4209  6699
  473     415   461  3608  3704   6700  6701  6702  6703  6704  6705
  474     129  1959  3100  3436   6706  6707  6708  6709  6710  6711
  475    2174   809  3030  3325   4780  6426  6712  6572  6568  6713
  476    1856  1855  3464  3549   6714  6715  6716  6717  6718  6719
  477    1172  3561  1986  3762   6720  6721  6722  6723  5562  6724
  478    1172  2379  2536  3442   6725  6726  6727  6728  6729  6730
  479     991   726   990  3865   6731  6675  6732  6733  6734  6735
  480    2652  2916  3052  3496   6736  5444  6737  6738  6739  6740
  481    2718  2735  3549  3552   6260  6741  5483  6265  6261  6742
  482    1492  2618  2687  2822   6743  6744  6745  6746  6747  6748
  483     516   626  2788  3603   6096  6093  6749  6750  6751  6094
  484     558   473  3256  3813   6752  6753  6754  6755  6756  6757
  485     426   604  3345  3773   6421  6758  6759  6760  6761  6762
  486    1545   552  3397  3398   6763  6764  6765  6766  6767  6768
  487    2707  2704  3722  3738   5100  5299  6769  4894  6770  5298
  488     707  2180  3473   725   6771  6772  6773  6774  6775  6776
  489    2835  2901  2950  3440   6579  6777  6778  6779  6780  6781
  490    1769  1730  2747  3540   6782  6783  6784  6785  6786  6787
  491    1221  1550  2871  2877   6788  6789  6790  6791  6792  6793
  492    3681   976  3714  3954   6794  6795  6796  6797  6798  6799
  493    3098   469  3239  3246   6052  6800  4123  4119  6801  4118
  494     960   958  3264  3758   5238  4332  6802  5243  5239  6803
  495    2022   923  2822  2929   4574  6804  6805  6806  6807  6483
  496    2002  1763  1541  2809   6808  6189  6809  6810  6811  6812
  497    2649  2786  2808  3457   6813  6814  6815  6816  6817  6818
  498    2707  3559  3738  3772   5966  5965  6819  6820  6821  5299
  499    2901  2479  1770  3322   6822  6403  6400  6823  6401  6824
  500    1301  2602  2601  2829   6825  6826  6827  6828  6829  6830
  501    1751   771  2558  3930   6831  6832  6833  6834  6835  6836
  502    3152  2689  3647  3719   5335  6837  6838  6839  6840  6841
  503    2116  1894   129  3285   6842  6843  6844  6845  6846  6847
  504    2020   746   514  3678   6848  6849  6850  6851  4047  6852
  505    2962  2984  3576  3815   6853  6854  6855  5527  6856  6857
  506    1827  1711   290  3900   6858  4473  6859  6860  6861  6862
  507    2453   677  2243  3656   5048  4844  6863  6864  6865  6866
  508     613  1438  2450  3108   6867  6868  6869  6870  6871  6872
  509    2661  2606  2786  3457   6817  6873  6540  6874  6875  6876
  510    2866  2837  2903  3321   6877  6878  6879  6880  6881  6882
  511     150     9     8  2700   6883  5918  6884  6885  6886  6887
  512      44  1503  3978  4005   5654  6888  6889  5658  5655  6890
  513     860   470   159  3071   5722  5720  6891  6892  6893  5719
  514    3524  1661  3596  3967   6894  6895  6896  6897  6898  6899
  515     118    71  2856  3233   6900  6901  6902  6903  6904  4053
  516    2028   613  2450  3061   6905  6906  6907  6872  6908  6909
  517    3413  3460  3981  4009   6910  6911  6912  6913  6914  6915
  518    2961  3271  3277  3880   5293  6916  6917  5294  5296  6029
  519    2670  2673  3106  3308   6918  6919  6920  6921  6922  5064
  520    3284  3493  3556  3836   6923  6924  6925  6926  6927  5932
  521       4   421  2746  2827   6928  6929  6930  6931  6932  6933
  522    2845  2467  3036  3790   6934  5904  6935  6936  6937  6938
  523    1703   487  3642  3854   6939  6940  6941  6942  6943  6944
  524    1410  1411  3280  3448   4815  6945  6946  6947  6948  6949
  525     364   362  3496  3712   6950  6951  4069  4065  4470  4064
  526    1567  2306   795  3990   6952  6953  6954  6955  6956  6957
  527    1178  2901  3121  3458   6958  6959  6960  6961  6962  6963
  528     204  2260  2365  3116   6964  6965  6966  6967  6968  6969
  529    1683  1199  3060  3626   6970  6971  6972  6973  6974  6975
  530     144  2174  3325  3991   6976  6977  6424  6426  6978  6423
  531    1930  1493  2647  2934   6979  6980  6981  6982  6983  6984
  532    3132  3333  3824  3917   6985  4730  6986  6987  6988  6989
  533    1840  1039   476  3380   6990  6991  6992  6993  5019  6994
  534    1790  1146   222  3251   6995  6996  6997  6998  6999  7000
  535    2915  1785  2983  3395   7001  7002  7003  7004  7005  7006
  536    2800  2765  2906  2963   5651  4217  7007  7008  7009  7010
  537    2101  1078  1062  2963   7011  7012  7013  7014  7015  7016
  538    1537  2397  3093  3289   7017  7018  7019  7020  7021  5386
  539    1065   688   518  2634   7022  7023  7024  7025  7026  7027
  540    1857   838  2455  3535   7028  7029  7030  7031  7032  7033
  541    2266   632  2265  3573   7034  7035  7036  7037  7038  7039
  542    2685  2815  3179  3422   7040  6464  7041  7042  7043  7044
  543    2055   733   734  3464   7045  7046  7047  7048  7049  7050
  544     557    91  1027  3189   4533  4531  7051  7052  5616  4530
  545     425   437  3817  3887   5560  5557  7053  7054  7055  5558
  546    1429  1839  2325  3219   7056  7057  7058  7059  7060  7061
  547     260  2343  2558  3930   6831  4410  4408  7062  4407  7063
  548    2872  3002  3153  3695   4871  7064  7065  7066  7067  7068
  549    3195  1157  3923  3951   7069  7070  7071  7072  7073  7074
  550    2802  1872  2985  3184   7075  5107  5110  7076  5111  7077
  551    1293  1286  3455  3896   7078  7079  7080  7081  7082  7083
  552    2677    18  2686  3402   7084  7085  4722  4718  5284  4717
  553     838  2455  3535  3882   7086  7087  7031  7028  4737  7032
  554     987  2763  3181  3266   7088  7089  7090  7091  7092  7093
  555    2708   195  2735  3159   7094  7095  7096  7097  7098  7099
  556    2225  1314  1311  2618   7100  7101  7102  7103  7104  7105
  557    2774  1269  2816  3680   7106  7107  7108  4525  7109  6458
  558    3444  3323  3678  3827   4598  7110  7111  7112  7113  7114
  559    3089  1526  3770  3836   7115  7116  7117  5677  7118  7119
  560    3156  2874  3252  3359   7120  7121  7122  7123  7124  7125
  561    3000  2512  2632  3153   7126  7127  7128  7129  7130  7131
  562     191  1299  1096  2712   7132  7133  7134  7135  7136  7137
  563     418  2493  1378  2963   7138  7139  7140  7141  7142  7143
  564    2020  1536  3045  3678   7144  6849  7145  7146  7147  7148
  565     981  1426  3139  3679   4401  7149  7150  7151  7152  7153
  566    1020   290  3607  3900   7154  7155  7156  7157  6858  7158
  567    3259  3340  3410  3991   7159  7160  7161  7162  7163  7164
  568    2711  2935  3379  3551   4669  7165  7166  5634  7167  7168
  569     438  1510  2339  2705   4248  7169  7170  4247  4244  7171
  570     984  1149  3789  3856   4486  7172  7173  7174  7175  7176
  571     940  1802  3245  3349   7177  7178  7179  7180  5892  7181
  572    1072  1073  3258  3661   7182  7183  7184  7185  7186  7187
  573    3502  3369  3501  3610   5986  7188  7189  7190  4417  7191
  574    1951  2864  3347  3927   7192  7193  7194  7195  7196  7197
  575    2100  1183  2486  3202   7198  7199  7200  7201  7202  7203
  576    2678  2875  2890  3691   7204  7205  7206  7207  6697  7208
  577    2410  1197  2537  3917   7209  7210  7211  7212  7213  7214
  578     234  2280    71  2856   6903  7215  7216  7217  7218  7219
  579    1097  1135  1180  2779   7220  7221  7222  7223  7224  7225
  580    1997   892  2148  3898   7226  7227  7228  7229  7230  7231
  581    1609  2731  3117  3489   4277  7232  7233  7234  5840  7235
  582     967  1522   384  2678   7236  7237  7238  7239  7240  7241
  583    3449  1291  3455  3896   7078  7242  7243  7244  7245  7246
  584    2292   252  2987  3495   7247  7248  7249  7250  7251  7252
  585    1768  1862  1657  2764   7253  6255  6258  7254  5193  7255
  586    1590   624  1433  3626   7256  7257  7258  7259  7260  7261
  587    2874  2817  2925  3911   7262  4936  7263  7264  7265  7266
  588    3020   679  3021  3411   7267  7268  7269  7270  7271  7272
  589     721  2008  3644  3797   7273  7274  5118  7275  7276  7277
  590    2903  2866  3035  3667   7278  7279  6882  7280  7281  7282
  591    3818  3821  4008  4032   7283  7284  7285  7286  7287  7288
  592    2723  2955  3486  3791   7289  7290  7291  7292  7293  7294
  593    2659  2713  3171  3811   7295  7296  7297  7298  7299  7300
  594    3611  3529  3642  2701   7301  7302  7303  7304  7305  7306
  595     339    71  2856   672   4056  7307  7308  6903  7309  7310
  596     902  1563  2903  3035   7282  7311  7312  7313  7314  7315
  597    1992  2011  1679  2908   7316  7317  7318  7319  7320  7321
  598    3748  1915  3877  3903   7322  7323  7324  7325  7326  7327
  599    2885  2728  3064  3932   7328  7329  7330  7331  7332  7333
  600    2889  3272  3617  3901   7334  7335  7336  7337  7338  7339
  601    1716   966   883  2743   5542  7340  7341  7342  7343  7344
  602    2564  1829  3688  3892   7345  7346  7347  7348  5584  7349
  603    2543  3987   164  3362   7350  4427  4428  7351  4424  7352
  604    2333  2671    66  2862   7353  7354  6390  7355  5870  7356
  605    1451  1781  2568  3860   7357  7358  7359  7360  7361  7362
  606    2521  3516  2522  2814   7363  7364  7365  7366  7367  7368
  607    3497  3369  3502  3883   7369  7370  7371  7189  4413  7372
  608     253  2308  1666  3463   7373  7374  7375  7376  7377  7378
  609    1207  1208  3250  3552   6264  7379  7380  7381  7382  7383
  610      64   796    63  3064   7384  7385  7386  7387  7388  7389
  611     604  3345  3773  3816   6416  4038  6760  6421  6417  6761
  612    2260  1924  1712  3120   7390  7391  7392  7393  7394  7395
  613    2790  2895  2957  3200   7396  7397  7398  7399  7400  7401
  614    2519  2520  3012  3047   7402  7403  7404  7405  7406  7407
  615    2594  2628  2726  2833   7408  7409  7410  7411  7412  7413
  616    2531   580  3242  3655   7414  7415  7416  7417  7418  7419
  617    2614  2639  2755  3406   7420  7421  7422  7423  7424  7425
  618    2859  2883  3255  3363   7426  7427  7428  7429  7430  7431
  619    3454  3867  3939  3940   7432  7433  7434  4381  7435  7436
  620    1520   637   278  3901   7437  7438  7439  7440  7441  7442
  621    3115   353  3311  3402   7443  7444  7445  6072  7446  7447
  622    1316  1310  2607  2727   7448  7449  7450  7451  7452  7453
  623    3821  3604  3862  4019   7454  7455  7456  7457  7458  7459
  624    2609  2672  3792  4011   5369  7460  6608  7461  7462  7463
  625    2287  1444   525  2832   7464  7465  7466  7467  6597  7468
  626    1055   973  3167  3766   7469  7470  7471  7472  7473  7474
  627    2858  2613  3029  3177   7475  7476  7477  7478  6129  7479
  628    2281   298   222  2928   7480  7481  7482  7483  7484  7485
  629    1062  1078   418  2963   7139  7011  7014  7486  7015  7487
  630    1550   926  1080  2877   6629  6792  7488  7489  6553  7490
  631    3413  1151  3555  3714   7491  7492  7493  7494  7495  7496
  632     524  1007  3374  3948   5324  7497  6511  6514  7498  6512
  633    3918   954  3933  3982   7499  7500  7501  7502  7503  7504
  634     550  1475  1713  3961   7505  7506  7507  7508  7509  7510
  635    3221  3374  3879  3888   7511  7512  7513  7514  7515  4445
  636     812   533  2630  2633   7516  7517  7518  7519  6234  7520
  637    1646  2468  1545  3397   6768  7521  7522  7523  7524  7525
  638    1990  2089   108  3422   7526  7527  7528  7529  7530  7531
  639     367   368  2478  3710   7532  7533  7534  7535  7536  7537
  640    1466  1677  3446  3583   7538  7539  7540  7541  7542  7543
  641    2739  2809  2846  3648   7544  7545  7546  7547  7548  7549
  642    1114   153   798  3649   7550  5536  6604  7551  6605  7552
  643    2901  2950  3121  3447   7553  7554  6779  7555  4298  6961
  644    2894  2775  2899  3060   4998  7556  7557  4997  5000  7558
  645    2997  2501  2996  3143   7559  7560  7561  7562  7563  7564
  646    1013  2100  3231  3944   7565  7566  7567  7568  7569  7570
  647     270  1839  1786  2867   7571  7572  7573  7574  7575  7576
  648    2262  2085  2671  2897   7577  4972  4976  7578  4971  7579
  649    2032  1204  1060  3186   7580  7581  7582  7583  7584  7585
  650     700  1396  2711  3396   7586  7587  7588  7589  7590  7591
  651     781   728  3157  3461   7592  7593  7594  7595  7596  7597
  652    3121  1449  3585  3800   7598  7599  7600  7601  7602  7603
  653    1447  2953  3164  3834   7604  6287  7605  7606  7607  7608
  654    3768  2208  3852  3871   7609  7610  7611  7612  7613  7614
  655    2783  3267  3407  3624   7615  7616  5426  7617  7618  7619
  656     444   194  3549  3552   6260  7620  7621  7622  7623  7624
  657     695   980  1048  3347   7625  7626  7627  7628  7629  7630
  658    2108  1658  2236  3807   7631  7632  7633  7634  7635  7636
  659    2009  1723   796  2885   7637  7638  7639  7640  7641  7642
  660     595  2286   554  3469   7643  7644  7645  7646  7647  7648
  661    2991  2639  3154  3861   4758  7649  7650  4763  4759  7651
  662    2934  3314  3366  3592   7652  7653  7654  6612  7655  7656
  663     422   649  2828  3367   6048  7657  7658  7659  7660  7661
  664    2941  3029  3125  3247   6503  7662  7663  7664  7665  7666
  665    2661  2606  2873  3211   4950  7667  6540  7668  7669  7670
  666    1191  1456  2989  3295   7671  5104  7672  7673  7674  7675
  667    2206  2210  2944  3708   5624  5628  7676  7677  7678  5627
  668    2259  1983  3029  3247   7665  7679  7680  7681  6504  7682
  669    3023  3497  2506  3999   7683  7684  7685  7686  7687  7688
  670    3453  2970  3590  3644   7689  7690  7691  7692  7693  7694
  671    2017   854  3148  3238   7695  7696  7697  7698  7699  7700
  672     341  3618  1245  3617   4825  4829  7701  7702  7703  4828
  673    2656  3312  3555  3981   7704  7705  7706  7707  7708  7709
  674    1675  2904  3459  3477   7710  7711  7712  7713  7714  7715
  675    2650  2629  2692  3053   7716  7717  7718  7719  7720  7721
  676    3366   715  1168  2222   7722  7723  7724  7725  7726  7727
  677     979  2387   114  2892   7728  7729  7730  7731  7732  7733
  678    2714  2626  2916  3712   7734  7735  7736  7737  5248  7738
  679    1260  1255   860  3812   5721  7739  7740  7741  7742  7743
  680    1929  2687  2737  2822   7744  7745  7746  7747  6743  7748
  681    2416   436  3301  3421   7749  7750  7751  7752  7753  7754
  682    3385  3352  3389  3810   7755  7756  7757  7758  7759  7760
  683    2145  1819  1918  3816   4035  7761  7762  7763  7764  7765
  684    2280   234  1371  2856   7766  7218  7216  7767  7215  7768
  685    2530  2527  3379  3396   4106  4110  7769  7770  7771  4109
  686    1964  1579  1699  3895   7772  7773  7774  7775  7776  7777
  687    1936   644    88  3401   7778  7779  7780  7781  7782  7783
  688    1112   801  3251  3599   7784  7785  7786  7787  7788  7789
  689    1908  1907  2655  3350   7790  7791  7792  7793  7794  7795
  690    2526  3008  3009  3396   7796  7797  7798  7799  7800  7801
  691    2466  2262    96  2897   7802  4975  4973  7803  4972  7804
  692    3118  3271  3711  3934   7805  7806  7807  7808  7809  7810
  693    1630  1691   994  3552   7811  7812  7813  7814  7815  7816
  694     639  1223  2844  2897   7817  7818  7819  7820  5479  7821
  695     699  1399   345  3715   7822  7823  7824  7825  7826  7827
  696      32  1640  1129  3306   7828  7829  7830  7831  7832  7833
  697    2672  2609  3685  3795   7834  6610  6608  7835  6607  7836
  698     496   422   748  2828   7837  7838  7839  7840  7661  7841
  699    1473  2493   802  2963   4219  7842  7843  7844  7142  7845
  700      82  3458  3646  3860   7846  7847  7848  5733  7849  7850
  701    2596  2614  2840  3406   7851  7852  7853  7854  7421  7855
  702    3629  3357  3839  3921   7856  7857  7858  7859  7860  7861
  703    2149    74   591  2673   5031  5037  7862  7863  7864  7865
  704    2854  1271  3041  3343   7866  7867  7868  7869  7870  7871
  705    3414  2891  3574  4002   5132  7872  7873  5133  5135  7874
  706     732    63    62  3613   7875  7876  7877  7878  7879  7880
  707    3670  2974  3753  3899   7881  7882  7883  4349  7884  7885
  708    2776  2595  2810  2927   5122  7886  7887  5121  5124  7888
  709    2290  2253  1165  2834   7889  7890  7891  7892  7893  7894
  710    3183  1386  3214  3601   7895  7896  5663  7897  7898  7899
  711    3235  2830  3471  3582   7900  7901  7902  7903  7904  7905
  712    1612  1610  3963  3979   4220  7906  7907  5152  7908  7909
  713    2113  1567   795  3990   6952  7910  7911  6957  6953  7912
  714     185  2387   799  2816   7913  4397  7914  7915  7916  7917
  715    2633   533  2802  2985   7077  6236  6234  7918  6233  7919
  716     751  2605  2711  3248   7920  7921  7922  7923  7924  7925
  717    2306   586  1382  3123   4846  7926  7927  7928  7929  7930
  718    2746  1561  2876  3103   7931  7932  7933  7934  4490  4779
  719     521  3379  3426  3521   7935  7936  7937  7938  7939  4785
  720    1644   962  2671  3345   5256  5260  7940  7941  7942  5259
  721    2895  2957  3200  3240   7943  7944  7399  7396  7945  7400
  722    1825  2031  2636  2745   7946  7947  7948  7949  7950  7951
  723    2947  1439  3421  3914   7952  7953  7954  7955  7956  7957
  724     593  2047   697  3056   7958  7959  7960  7961  4084  7962
  725      57   351    58  3739   7963  7964  7965  7966  5930  7967
  726    1620  2407  2264  2831   7968  7969  7970  7971  7972  7973
  727     559  2151   560  3571   7974  7975  7976  7977  7978  7979
  728      75   681  2322  3219   7980  7981  7982  5803  7983  7984
  729    2757  3121  3585  3800   7598  7985  7986  7603  7599  7987
  730    1059   621  1431  3619   7988  7989  7990  7991  7992  5893
  731     223  1928  2638  3752   5392  7993  7994  6451  7995  7996
  732    1889   254  3133  3931   7997  7998  7999  8000  8001  8002
  733    1197  2410  2535  3917   8003  7213  7211  8004  7210  8005
  734     489   945   831  3538   8006  8007  8008  8009  8010  8011
  735    1529  2988  3032  3041   8012  5232  8013  8014  8015  8016
  736     275  1528  2315  3145   8017  8018  8019  8020  8021  8022
  737       3  1754  3069  3451   8023  8024  8025  8026  8027  8028
  738    2527  3379  3396  3518   8029  8030  7770  4106  8031  7771
  739    3058  2839  3213  3730   8032  8033  8034  8035  8036  8037
  740    2138  1647  1962  3827   8038  8039  8040  8041  8042  8043
  741    2765  2650  2909  3354   8044  8045  8046  8047  8048  8049
  742    3368  3542  3745  3746   8050  4239  4243  8051  4238  8052
  743    2804   594  3037  3943   8053  8054  6124  6127  8055  6125
  744    2622  2757  2882  3191   8056  8057  8058  8059  8060  8061
  745    2556  1688   184  3304   8062  8063  8064  8065  8066  8067
  746     144  2942  3149  3663   8068  8069  8070  8071  8072  8073
  747     394  1676  2565  3240   8074  5879  8075  8076  8077  8078
  748    1318  2614  3406  3861   8079  8080  8081  7421  8082  8083
  749    2675  1055  3551  4001   4388  8084  8085  8086  8087  8088
  750     331  3067  3730  3892   8089  8090  8091  8092  8093  8094
  751    2658  2860  3317  3665   4333  8095  8096  8097  8098  8099
  752     129  3285  3377  3436   4516  6707  6842  8100  8101  8102
  753     891   442  2173  3621   8103  8104  8105  8106  8107  8108
  754    1104   769  1366  2857   8109  8110  8111  8112  8113  8114
  755    1476  1507   706  3043   8115  4151  8116  8117  4989  4560
  756     547   257  1031  3160   8118  8119  8120  8121  8122  8123
  757    1414   995  3420  3619   8124  8125  8126  8127  8128  8129
  758    2667  2650  2775  2899   4997  8130  8131  8132  8133  8134
  759    1469  2480  3068  3295   8135  5796  5799  8136  5800  4686
  760    2924  2599  3066  3443   8137  8138  8139  8140  8141  8142
  761    1916   199   719  3739   8143  8144  8145  8146  8147  8148
  762    1434  1837  3186  3209   8149  8150  8151  8152  8153  8154
  763    2062   137  1866  2881   8155  8156  8157  8158  8159  8160
  764    1944  2884  3451  3729   8161  8162  8163  8164  8165  8166
  765    2602  2638  2741  2775   4430  4434  5047  8167  8168  4433
  766    2831  2720  3606  3612   8169  8170  8171  8172  8173  8174
  767    2487  1466  3446  3583   7538  8175  8176  7543  7539  8177
  768    3373  3593  3668  3937   8178  8179  8180  8181  8182  8183
  769    3144  2747  3469  3485   8184  8185  8186  8187  8188  4154
  770    2146  1006  2738  3128   8189  8190  8191  8192  8193  8194
  771    1931  1790   298  2928   7484  8195  8196  8197  8198  8199
  772     567  2159  3138  1581   8200  8201  8202  8203  8204  8205
  773      93   508  3081  3854   8206  8207  8208  8209  8210  4595
  774    3123  2870  3391  3990   8211  8212  8213  8214  8215  8216
  775    1642  2068  1415  3094   8217  8218  8219  8220  8221  8222
  776    1843   299  2669  2856   8223  8224  8225  8226  8227  8228
  777    3225   254  3537  3840   8229  8230  8231  8232  8233  8234
  778     841  1134  1368  2846   8235  8236  8237  8238  8239  8240
  779    2216  1584  2826  3243   8241  8242  8243  8244  8245  8246
  780     956   951  3933  3982   7499  8247  8248  8249  8250  8251
  781    1222  1626  3167  4001   8252  8253  8254  8255  8256  8257
  782     338  2701  3143  3611   8258  8259  8260  8261  7302  8262
  783    3147  2958  3403  3743   8263  5376  8264  8265  8266  8267
  784     873  2014  2042  3029   8268  8269  8270  6219  8271  8272
  785    1600   448  1052  2875   8273  8274  8275  8276  8277  8278
  786     316  2261  2569  3969   8279  8280  8281  8282  8283  8284
  787    2039  1435  2828  2923   8285  8286  8287  5141  8288  8289
  788    2167   379   756  3923   8290  8291  8292  8293  8294  8295
  789    2771  2682  3607  3955   8296  8297  8298  8299  8300  8301
  790      77  1541  2809  3392   8302  5853  5855  6808  5856  8303
  791    2505  3504  2506  3497   7686  8304  8305  8306  8307  8308
  792    2641  2908  2982  3601   8309  8310  8311  8312  8313  8314
  793    2628  2586  2933  2962   8315  8316  8317  8318  4145  8319
  794    3170  3407  3741  3814   4222  8320  8321  8322  5153  8323
  795    2474   970  3338  3601   8324  8325  8326  8327  8328  8329
  796     583   297  3066  3462   8330  5812  8331  8332  8333  8334
  797    1269  2759  2816  2892   4522  4526  8335  8336  8337  4525
  798    3098  2309  3334  3637   8338  8339  8340  8341  8342  8343
  799    2899  3466  3725  3068   8344  8345  8346  8347  8348  8349
  800      83  1836  1038  3861   8350  8351  8352  8353  8354  8355
  801     668   665  2731  3913   8356  8357  8358  8359  8360  8361
  802    3037   328  3512  3513   8362  8363  8364  8365  8366  8367
  803     827   574  3621  3995   8368  8369  8370  8371  8372  8373
  804    1495  2549  3482  3698   8374  8375  8376  5732  5726  8377
  805    2672  3608  3685  3704   8378  8379  8380  8381  6700  7836
  806     623     1  3472  3729   5306  5310  8382  8383  8384  5309
  807    2183  1477  1045  3615   8385  8386  8387  8388  5832  8389
  808    1214  2949  2274  3399   8390  8391  8392  8393  8394  8395
  809    3253  1054  3451  3578   8396  8397  8398  8399  8400  8401
  810    1114   837  1734  3194   8402  5535  8403  8404  8405  8406
  811    3393   604  3773  3816   6416  4034  4037  6761  4038  8407
  812    1680  1785   561  3395   8408  8409  8410  8411  7005  8412
  813    1436  3748  3772  3886   8413  8414  8415  8416  8417  8418
  814    3223   202  3300  3331   4563  8419  8420  8421  8422  8423
  815     555   166  1404  3236   8424  8425  8426  8427  8428  8429
  816     950  1471  2376  3992   8430  8431  8432  8433  5515  8434
  817    1673  1441   716  3380   8435  8436  8437  8438  5715  8439
  818    2731  1609  3117  3915   8440  8441  7233  7235  8442  7234
  819     741  2442  3049  3710   8443  8444  8445  8446  8447  8448
  820    2369   438  2158  3301   8449  8450  8451  8452  8453  8454
  821    3297  3092  3648  3718   8455  8456  8457  8458  8459  8460
  822    2790  2732  2895  3494   8461  8462  8463  8464  8465  7398
  823    2480  2899  3068  3295   8135  5800  8466  8345  8467  8136
  824    3071  3279  3453  3642   8468  8469  8470  8471  6331  4977
  825    2860   958  3317  3758   4329  5242  5240  8472  5239  8097
  826     661  2944  3079  3300   4566  8473  5629  4565  4568  8474
  827     896   897  1400  3027   8475  8476  8477  8478  8479  8480
  828    2884  3451  3729  4011   8481  5373  8164  8161  8482  8165
  829    2698  2753  3220  3923   8483  8484  8485  8486  8487  6580
  830      55    53  1477  3615   5832  5831  8488  8489  8490  5836
  831    3263  2954  3393  3816   4034  8491  8492  8493  8494  8495
  832    2359  1030  1820  3608   8496  8497  8498  8499  8500  8501
  833     180  2190  1588  2764   8502  8503  8504  8505  8506  8507
  834    1082   533  2600  2985   8508  8509  8510  8511  6233  8512
  835    1233  1230  2700  3288   8513  8514  8515  5543  8516  8517
  836    2924  3066  3462  3731   8518  8519  8142  8330  8520  8521
  837    3804   954  3879  3918   8522  8523  8524  8525  7501  8526
  838    2718  2949  3116  3552   8527  6741  8528  8529  8530  4841
  839    2883  3072  3255  3641   8531  8532  8533  8534  8535  7429
  840    1647   235  1962  3990   8536  8537  8538  5210  8539  8041
  841    2885  1723  3064  3763   8540  8541  7641  8542  8543  7333
  842    2438   237   257  3632   8544  8545  8546  8547  8548  8549
  843     279   330  3582  3709   8550  8551  8552  8553  8554  8555
  844    2612  2611  2654  3474   8556  8557  8558  8559  8560  8561
  845    2765  2650  2800  2875   8562  8563  8046  8564  8565  7007
  846    1075  1909   342  3417   8566  8567  8568  8569  8570  8571
  847    2397  1537  2106  3289   8572  7021  7019  4725  7018  8573
  848    2132  2642  3042  3168   8574  8575  8576  8577  8578  8579
  849     263  1196   287  3316   8580  8581  8582  5598  8583  8584
  850    2720  2661  2759  2816   8336  8585  8586  8587  6462  8588
  851    2971   513  3128  3155   8589  8590  8591  5640  8592  8593
  852    2093  2193  1882  3036   8594  8595  8596  8597  6309  8598
  853    1605  1053  2822  3222   4570  8599  8600  6485  5674  8601
  854    2056  2413  1183  3944   8602  4334  8603  8604  8605  8606
  855    2072   573  3074  3154   8607  8608  8609  8610  8611  8612
  856      15    16  3311  3402   7443  8613  8614  8615  8616  6068
  857     567  1992  2908  3138   8617  8205  8618  7317  6657  8619
  858     205  1925  2952  3339   8620  8621  6088  8622  8623  8624
  859    2967  2682  3090  3334   8625  8626  8627  8628  8629  4606
  860    1930  1493  2934  2962   8630  8631  6981  6983  8632  6980
  861    1589  2459  2879  3630   8633  8634  8635  8636  8637  8638
  862    1262  2606  2661  3474   6539  8639  8640  6540  6542  8641
  863    3111  2761  3687  3815   4172  4176  8642  8643  8644  4175
  864    3165  3084  3232  3565   8645  8646  8647  8648  8649  8650
  865    2792  2735  2914  3935   5998  8651  8652  8653  8654  8655
  866    2793  2655  3663  3777   8656  8657  8658  8659  8660  8661
  867    2040   720  3471  3582   7900  8662  8663  8664  8665  8666
  868    2917   709  3424  3993   8667  8668  8669  8670  8671  8672
  869    1390   432   694  3619   8673  8674  8675  8676  8677  8678
  870    3078  2865  3328  3780   6223  8679  5334  5330  6225  5329
  871     369  1959  2021  3436   8680  8681  8682  8683  6710  8684
  872     621  1059  1348  3619   8685  7992  7990  8686  7989  8687
  873    1840  1182  1039  3380   5019  6991  8688  5020  5022  6992
  874    2855  2699  3446  3728   8689  4268  4271  8690  4272  8691
  875    3278  3038  3397  3782   5171  8692  8693  8694  8695  8696
  876    2831  3255  2720  3072   8697  8698  8699  8700  8534  8171
  877      68  2418  1590  3769   5512  8701  8702  8703  8704  8705
  878     299   877  1843  2669   8228  8226  8706  6156  8707  8225
  879    2674  2739  3297  3417   8708  8709  8710  8711  8712  8713
  880     512   569   711  3885   8714  8715  8716  8717  8718  8719
  881    2345   777  2786  3099   8720  8721  8722  8723  8724  5702
  882    1504  2114   142  2951   8725  8726  8727  8728  8729  8730
  883    2797  2780  2900  3267   8731  8732  8733  8734  8735  8736
  884    1822  1173  3316  3749   8737  8738  8739  8740  8741  8742
  885    1924   204  1925  2952   8622  8743  8744  8745  8746  8747
  886     669   970  3183  3338   8748  8749  8750  8751  8327  8752
  887    2695  2626  2720  3474   8753  8754  5246  8755  8756  8757
  888    1560   785  3413  3555   7496  8758  8759  8760  8761  8762
  889     765   570  1627  2949   8763  8764  8765  8766  8767  8768
  890     599   568  3749  3997   8769  6411  8770  8771  8772  8773
  891    2290  2834  3400  3823   8774  8775  7890  8776  8777  8778
  892    2715  2841  3363  3803   8779  8780  8781  8782  8783  8784
  893    2445  1809   905  2857   8785  8786  8787  8788  8789  6584
  894    1209  1621  3190  3592   8790  8791  8792  8793  8794  8795
  895    1615  1616  3796  3998   5581  5578  8796  8797  8798  5579
  896     285  2166  3231  3495   8799  8800  8801  4896  8802  8803
  897    2703  2676  2809  2846   7547  8804  8805  8806  8807  8808
  898     236   325   458  3641   5161  5820  8809  8810  8811  8812
  899    1019  1377  3587  3706   8813  8814  8815  8816  8817  8818
  900     507   824  2201  3415   8819  8820  8821  8822  8823  8824
  901     957   958  3264  3849   8825  8826  8827  5243  8828  8829
  902    2921  2784  3436  3881   8830  8831  8832  8833  8834  8835
  903    2535  2409  1810  3333   8836  8837  8838  8839  8840  8841
  904    1686  1980  3418  3443   8842  8843  8844  5709  8845  8846
  905    2746  2827  2876  3176   8847  8848  6928  8849  8850  4779
  906     564  2311  2177  3734   8851  8852  8853  8854  8855  8856
  907    2620  2647  2931  3761   8857  8858  8859  8860  5782  8861
  908     270  1716  2867  3786   8862  8863  8864  8865  8866  7572
  909    1427   706  2770  3495   4558  8867  8868  4562  4559  8869
  910     865  3338  3569  3883   8870  8871  8872  8873  8874  5432
  911     570  1177   419  2904   8875  8876  8877  8878  8879  8880
  912    3631  3759  3817  3818   8881  8882  8883  8884  8885  8886
  913    2213  1558   683  3898   5200  5197  8887  8888  8889  5198
  914    2922  2643  3069  3451   8023  8890  8891  8892  8893  8894
  915    2763  2828  2857  2975   8895  8896  8897  8898  8899  8900
  916    3051  2912  3593  3668   8181  8901  5446  8902  8903  8904
  917     339    71  2280  2856   7218  7310  7308  7217  6903  8905
  918    1578  2779  3068  3236   8906  8907  6080  8908  8909  8910
  919    2143   911  3181  3639   8911  8912  8913  8914  8915  8916
  920     762  1197  1579  3917   8917  8918  8919  8920  7213  8921
  921    1824  1124  1195  2705   8922  4245  5015  8923  5016  8924
  922    1983  2066  2052  3125   8925  6508  6505  8926  6506  8927
  923     613  2028   284  3061   8928  6908  6907  8929  6906  8930
  924     351  2800  2826  3615   8931  8932  8933  8934  8935  8936
  925    3095  1656   424  3742   8937  4281  8938  8939  8940  8941
  926    1078   497  1135  3354   8942  8943  8944  8945  5230  8946
  927     558   500   473  3813   6756  6753  8947  8948  8949  6754
  928    2933  2965  2984  3111   8950  8951  8952  8953  8954  8955
  929    1820  2153  3269  3608   5463  8496  8956  8957  8958  8959
  930    2984  2934  3366  3605   8960  6319  8961  7656  8962  5531
  931    2747   530  3469  3485   8184  8188  8963  8964  8965  8187
  932    2135  1177  3376  3459   8966  8967  8968  8969  8970  8971
  933    2667  2983  3214  3354   8972  8973  8974  8975  8976  8977
  934    2739  2882  3080  3297   8978  8711  8979  8980  8981  8982
  935    2534   317  1351  3478   8983  8984  8985  8986  8987  8988
  936    2951   494  3093  3099   8989  8990  8991  8992  8993  8994
  937    2213   606  3436  3649   8995  5201  8996  8997  8998  8999
  938    3086  3249  3307  3416   9000  4325  9001  9002  9003  9004
  939     453  1063  2425  3108   9005  9006  9007  9008  9009  9010
  940    2673  1505  2678  3106   9011  6921  5040  9012  9013  9014
  941    1462  1559   828  2806   9015  9016  9017  9018  9019  9020
  942    2192  1052  2875  2906   9021  5826  5830  8273  5825  9022
  943    2914  2735  3356  3549   9023  9024  8653  9025  6265  9026
  944    1327  1328  2682  2967   8627  9027  9028  9029  9030  9031
  945     778  1642  1063  3094   9032  9033  9034  9035  8218  9036
  946    2606  2663  2774  2862   9037  5874  5872  9038  5871  9039
  947    1323  1328  2842  2967   9040  9041  6678  6681  9030  6679
  948    2496  3270  3874  4012   9042  9043  9044  9045  9046  9047
  949      55  1388    56  3615   9048  5831  9049  9050  9051  9052
  950    1425   330  2446  3491   9053  9054  9055  9056  9057  9058
  951    2754  2834  3041  3432   9059  9060  9061  9062  9063  9064
  952    2891  3168  3714  3796   9065  9066  9067  9068  9069  9070
  953    2757  2950  3220  3447   9071  9072  9073  6578  4298  9074
  954    2351  2112  3202  3995   5589  9075  9076  5594  5590  9077
  955     652  1428  3830  3851   9078  9079  9080  9081  9082  9083
  956    3115  2143  3181  3639   8911  9084  9085  8916  8912  9086
  957    1877   679  3020  3411   7268  9087  9088  7269  7271  4187
  958    3188  3535  3682  3895   9089  9090  9091  9092  9093  9094
  959    2996  2995  3143  4012   9095  9096  9097  9098  9099  7559
  960    1470  1432  3106  3308   6918  9100  9101  9102  9103  9104
  961     380  2445  1285  2969   4550  9105  9106  9107  9108  9109
  962    2560  2230  1406  3213   9110  9111  9112  9113  9114  9115
  963    2495  1577  2342  3041   9116  9117  9118  9119  9120  9121
  964    3132  3824  3882  3917   4733  4730  6989  9122  6985  4731
  965    2818  2669  3123  3958   9123  9124  9125  9126  9127  9128
  966     525   553  1694  2832   9129  7464  9130  9131  9132  9133
  967    2667  2779  3068  3295   8135  9134  9135  8908  9136  9137
  968    2859  2637  2903  3321   6877  9138  9139  9140  9141  9142
  969     195  1903  2793  3159   9143  7098  9144  9145  9146  9147
  970     187   754  2316  3081   9148  9149  9150  9151  9152  9153
  971    3305  2944  3881  4031   9154  6161  9155  9156  9157  9158
  972    1559  1089   732  3613   7876  9159  9160  9161  9162  9163
  973    1077   344  1278  3197   9164  9165  9166  9167  9168  9169
  974    2708  2695  3272  3712   5244  9170  9171  5249  5245  9172
  975    2678  2625  2826  3294   9173  9174  9175  9176  9177  9178
  976    1218  3095  3481  3657   9179  9180  9181  9182  9183  9184
  977     751    22  2605  3248   7924  7921  9185  6440  9186  7922
  978    2695  2708  2952  3712   9187  5245  9171  9188  9170  9189
  979    1445  1227  2748  3169   5157  9190  9191  5156  5159  9192
  980     377  2387   979  2816   9193  9194  9195  7730  7916  9196
  981    1572   458   325  3376   9197  9198  9199  8810  5162  9200
  982    2230  3730  2560  2231   9201  9202  9203  9204  9205  9112
  983     669  3183   908  3569   4617  4616  8752  5660  9206  4621
  984     938  1230   818  3288   9207  9208  9209  9210  8516  9211
  985     534  1083  2728  3932   7332  9212  9213  9214  9215  9216
  986     508  1703  2157  3854   9217  8210  9218  9219  6940  9220
  987    1000  2831  3072  3255   8534  9221  9222  8698  8699  9223
  988    2934  2647  3190  3620   9224  9225  6979  9226  9227  9228
  989    1045  2183  3615  3721   9229  9230  8389  8386  9231  8385
  990    2229  2473  3497  3999   7687  9232  9233  9234  9235  9236
  991    2781  2741  2894  3162   9237  9238  9239  9240  9241  9242
  992    2025    82  1178  3458   6959  9243  9244  9245  7848  9246
  993     646  1602  2636  3802   9247  9248  9249  9250  9251  9252
  994     205  1925  3339  3777   9253  6090  6088  8623  6087  8621
  995    2785  1313  2869  3686   4793  9254  9255  4797  4794  9256
  996    2818  2905  3355  3391   9257  9258  9259  9260  9261  9262
  997    3036  3266   229  3268   9263  9264  9265  9266  9267  9268
  998    2795  3254  3535  3682   9092  9269  9270  9271  9272  9273
  999    2323   888  1369  3791   9274  9275  9276  9277  9278  9279
 1000    2278  1336  1788  3823   9280  9281  9282  9283  9284  9285
 1001     419  1675  2904  3459   7713  9286  9287  7712  7715  8875
 1002    1778   210   824  3779   9288  9289  9290  9291  4464  9292
 1003    2670  2706  3106  3627   9293  9294  9295  9296  9297  5064
 1004    2359   610  1445  3169   9190  9298  9299  9300  9301  9302
 1005      30  2450    31  3061   9303  9304  9305  9306  6905  9307
 1006     141   519  3844  3893   9308  9309  9310  4182  9311  9312
 1007    3142  2656  3170  3407   8321  9313  9314  9315  9316  9317
 1008    2775  2641  2931  3327   9318  9319  9320  9321  9322  9323
 1009    3033  3304  3692  3930   9324  9325  9326  9327  9328  9329
 1010    2268   724  2873  3693   4352  9330  9331  9332  9333  9334
 1011    2676  2691  2648  3627   9335  9336  9337  9338  9339  9340
 1012    1094  2673  1505  3294   9341  9342  9343  5040  4094  9344
 1013    2931    73  3209  3473   9345  9346  9347  9348  9349  9350
 1014    2924  1686  3095  3418   4285  9351  9352  9353  8846  9354
 1015    1315  2855  3686  3728   9355  9356  9357  4796  4268  9358
 1016     366  2124  3603  3701   9359  9360  9361  9362  9363  9364
 1017     337  1823  2108  3807   7632  5025  9365  9366  5170  9367
 1018    3122  2782  3563  3630   9368  4753  9369  9370  9371  9372
 1019    2873  2661  3211  3215   4947  4951  7670  7667  9373  4950
 1020    2157  1703  3642  3854   6939  9217  9219  6944  6940  9374
 1021    2053   972  3641   551   9375  9376  9377  9378  9379  5819
 1022    3174  3643  2961  3950   9380  9381  9382  9383  9384  9385
 1023    3052  2907  3351  3561   9386  9387  5339  9388  9389  9390
 1024     247  1849  2058  3684   6121  9391  9392  9393  9394  9395
 1025     579  1348   694  3619   8673  9396  9397  9398  8685  9399
 1026     939  2320  1794  2982   9400  9401  6113  9402  9403  9404
 1027     431  1803  1437  2983   9405  9406  9407  9408  9409  9410
 1028    1754  2922  3069  3451   8023  8027  9411  8894  8890  8026
 1029    2444  1544  3681  3714   6799  9412  9413  9414  9415  9416
 1030    1131  1503  3889  4005   4505  9417  9418  6595  5655  9419
 1031    2754  2613  2927  2943   4622  4626  9420  9421  9422  4625
 1032    1967   989  2012  2964   9423  9424  9425  9426  9427  9428
 1033    1990   108   978  3585   6078  9429  7531  9430  9431  9432
 1034    3221  2953  3777  3948   9433  4497  9434  6086  9435  9436
 1035    2898   558  3256  3813   6752  9437  9438  6757  6753  9439
 1036    3100  2870  3285  3377   8100  9440  9441  9442  9443  9444
 1037    2321  3199  3299  3868   9445  9446  9447  9448  9449  9450
 1038    2741  2629  2781  2894   9242  9240  9451  9452  9453  9239
 1039      19    20  1347  2677   9454  4720  9455  9456  9457  9458
 1040    1758  2227  3118  3675   9459  9460  9461  9462  9463  9464
 1041    1975  1500   484  3469   9465  9466  9467  9468  9469  9470
 1042      33   927   788  3306   9471  9472  9473  9474  9475  9476
 1043    3139   383  3394  3790   5903  5907  9477  9478  9479  5906
 1044    3178  2704  3705  3857   9480  9481  9482  9483  9484  9485
 1045    1526   907  3770  3836   7115  7118  9486  5275  9487  5677
 1046    2336  2216  2826  3243   8241  9488  9489  8246  8242  9490
 1047    3590  3279  3797  3906   9491  9492  5007  9493  9494  9495
 1048     378  1094  1090  3294   9496  9497  9498  9499  9342  9500
 1049    2312   674  1430  3715   9501  4362  9502  9503  9504  9505
 1050    1333  2245  2455  3882   4737  9506  9507  4736  4739  9508
 1051    1707  2408  2097  3757   9509  9510  9511  9512  9513  9514
 1052      92  1474   134  3429   9515  4437  9516  9517  9518  9519
 1053    3361  2644  3388  3764   9520  9521  9522  9523  9524  9525
 1054     752  1651  2901  3375   6399  9526  9527  9528  9529  9530
 1055    2833  2761  2962  3427   9531  4452  5866  9532  9533  9534
 1056     380  1104  2969  3402   9535  9536  9537  9538  9539  9105
 1057    2773  2881  3600  3942   9540  9541  9542  9543  9544  9545
 1058    3464  3103  3736  3778   9546  9547  9548  9549  4487  9550
 1059    1028  1468  2073  3760   9551  9552  9553  9554  9555  9556
 1060    1359  2123  2122  2986   9557  9558  9559  9560  9561  9562
 1061      32   927    33  2853   9563  4690  9564  9473  9565  9566
 1062     547  3072  3160  3641   9567  9568  9569  9570  8535  8119
 1063    2703  2676  3763  3932   9571  9572  8805  9573  9574  5882
 1064     244  1679  2011  3859   9575  6279  9576  7319  9577  9578
 1065    3629  3557  3633  3847   9579  9580  9581  9582  9583  9584
 1066    2858  2850  3244  3564   9585  9586  9587  9588  9589  9590
 1067    1951  2864  3269  3347   9591  7197  7194  9592  7195  9593
 1068     504   749   458  3381   5165  9594  9595  9596  9597  9598
 1069    2456   179  1653  3476   9599  9600  9601  9602  9603  4079
 1070    2814  2605  3047  3515   9604  9605  9606  9607  9608  9609
 1071    2128  1817  2127  3315   9610  9611  9612  9613  9614  9615
 1072     642   855   479  3609   5069  6456  9616  5068  5065  6455
 1073     385   288  3581  3880   5292  9617  9618  9619  6211  9620
 1074    2791  2830  3084  3582   9621  9622  9623  9624  7904  9625
 1075     553  1694  2832  2840   9626  9627  9131  9129  9628  9132
 1076    1281  1280  2734  2987   9629  9630  9631  9632  9633  9634
 1077    3271  2961  3643  3880   9635  5296  6917  9383  6916  9636
 1078    2605  3037  3047  3514   9637  9638  9639  9640  9641  9607
 1079    1870  2005   521  3426   4785  4782  9642  9643  9644  4783
 1080    2706  2890  2935  3433   9645  9646  9647  9648  9649  9650
 1081    1680   561  3383  3395   9651  8409  8412  9652  8408  9653
 1082     984  3789  3850  4006   9654  9655  7176  9656  9657  9658
 1083     788    35    34  3709   9659  9660  9661  9662  9663  9664
 1084    3166  2894  3626  3769   9665  9666  9667  9668  9669  9670
 1085    3084   457   569  3885   8718  9671  9672  9673  9674  9675
 1086    3580  3267  3672  3908   6000  6004  9676  9677  4169  6003
 1087    2937  3332  3458  3646   5733  9678  9679  5738  5734  9680
 1088    2535   188   189  3799   9681  9682  9683  9684  9685  9686
 1089    3102  3394  3592  3961   9687  9688  9689  9690  9691  9692
 1090     751   776    25  3248   9693  7921  9694  9695  9696  9697
 1091    3303  3355  3437  3488   9698  9699  5686  9700  9701  9702
 1092    3355  3550  3827  3941   9703  9704  9705  9706  9707  9708
 1093    1744  2358   789  3536   9709  9710  9711  9712  9713  9714
 1094    1180  2335  2779  3354   9715  9716  9717  9718  9719  7220
 1095    1902  3445  3589  3700   9720  9721  9722  9723  9724  9725
 1096     910   377  3247  3680   9726  6588  9727  5843  9728  9729
 1097    2974  3793  3899  4012   9730  9731  4350  9732  9733  7884
 1098    3071  2757  3220  3447   9071  9734  9735  9074  9072  9736
 1099     924  1021  1718  3576   6050  9737  9738  9739  9740  9741
 1100     377  2637  3247  3680   9726  9728  9742  9743  9744  5843
 1101    1913  1960  2669  2990   9745  9746  9747  9748  9749  9750
 1102    1048   481   695  2969   4547  9751  9752  9753  9754  7630
 1103    1629  1337   851  3157   9755  9756  9757  9758  9759  9760
 1104    2687  2737  2822  2923   9761  9762  7747  7744  9763  6743
 1105    1085  1063  3108  3760   9764  9765  9766  9009  9767  9768
 1106    2434  2415  3461  3462   9769  9770  9771  9772  9773  9774
 1107    3234  2220  3324  4020   4308  9775  9776  9777  9778  9779
 1108    1511   432  1390  3467   9780  9781  9782  8675  6043  9783
 1109    3146  1222  3167  3228   4965  9784  9785  8257  9786  9787
 1110    3437  3487  3488  3550   9788  9789  9790  9791  9792  9698
 1111     334  1181  3476  4004   9793  9794  9795  9796  9797  9798
 1112    3323  3355  3391  3827   9799  7113  9800  9257  9708  9801
 1113    2738  1944  2884  3057   9802  9803  9804  8163  9805  9806
 1114     955  3221  3264  3991   9807  9808  9809  5968  9810  9811
 1115    2368  2452  2401  2964   9812  9813  9814  9815  9816  9817
 1116    1048   980   634  3269   9818  9819  7628  9820  9821  9822
 1117    2726  2763  2833  2845   9823  9824  9825  9826  9827  7408
 1118    1696  2987  3034  3231   9828  4897  6023  9829  6021  9830
 1119    3437  3482  3487  3941   9831  9832  9833  9834  5728  9790
 1120    2408  1306  2104  3757   9835  9513  9836  9837  9838  9839
 1121     252  1706  1039  2987   9840  7250  9841  9842  5146  9843
 1122     781  2017   728  3461   7596  7593  9844  9845  9846  7594
 1123    1491   223  1928  3327   6452  5046  9847  7994  9848  6450
 1124    2588  2755  2991  3756   9849  9850  9851  9852  9853  9854
 1125    2870  2818  3123  3391   8216  8214  5252  9128  9258  8213
 1126    2472    91   557  3246   9855  9856  9857  7051  9858  9859
 1127    2347  1209  1721  3592   6272  9860  9861  9862  8791  9863
 1128    3037  2518  3512  3943   6157  8053  9864  9865  9866  8367
 1129    2017   510   854  3238   7699  7696  9867  9868  9869  7697
 1130    3349  2148  3467  3898   9870  9871  9872  9873  7226  5795
 1131    2354  1550  1221  2877   6789  6555  9874  6790  6792  9875
 1132    2068   116  1415  3436   9876  9877  9878  9879  9880  8220
 1133    1988  1219  1946  3600   9881  9882  9883  9884  9885  9886
 1134    1447   821  3834  3858   6284  6288  9887  9888  9889  6287
 1135    3372  3650  3674  3879   9890  9891  4313  9892  9893  9894
 1136      51    50  2875  3691   6697  9895  9896  6699  4212  9897
 1137     594   655  2789  3943   9898  8055  9899  9900  9901  9902
 1138    1966   930  1061  3444   9903  9904  9905  9906  9907  9908
 1139     991  2353   612  3865   9909  6675  6673  5057  6672  9910
 1140    1181  1597  3476  4004   9793  9797  9911  9912  4593  9796
 1141    2791  3084  3313  3582   9913  9622  9625  9914  9621  9915
 1142    3698  3287  3876  3882   9916  9917  9918  9919  9920  9921
 1143    2680  2749  2819  3453   9922  9923  9924  9925  4978  9926
 1144    2996  2499  2995  4012   9099  9096  9927  9928  9929  9097
 1145    2115  1179  2216  2826   8246  9930  9931  9932  9933  9934
 1146    1329   615  2840  3756   9935  9936  9937  6638  9938  9939
 1147    2506  3497  3556  3999   9940  7683  7686  9941  7687  9942
 1148     486  2997  2996  3143   7559  9943  9944  7564  7560  9945
 1149    2736  2939  2971  3155   8590  9946  9947  9948  9949  9950
 1150     764   544  2930  3767   4694  9951  9952  4129  9953  9954
 1151    2886   477  1714  3767   9955  9956  9957  9958  9959  4229
 1152    2870  2669  2990  3123   9960  8213  9961  9745  9126  9962
 1153      46   772  3176  3750   9963  9964  9965  9966  9967  9968
 1154    3386  3629  3683  3847   9969  9970  9971  9972  9580  6017
 1155     182  1379   228  3180   9973  9974  9975  9976  9977  9978
 1156    3532   714  1569  3899   9979  9980  9981  9982  9983  9984
 1157    1300  1303   196  3319   9985  9986  9987  9988  9989  9990
 1158    1355  2102  3611  4012   5088  9991  9992  5093  5089  9993
 1159    2150  1141  3291  3893   9994  9995  9996  9997  9998  9999
 1160    3221  2893  3879  3374   7514  7513  4444  4447 10000  4445
 1161    1724  1994  2988  3041   8015 10001 10002 10003 10004 10005
 1162    3222   572  3687  3938  10006  5864  4573 10007 10008 10009
 1163     286  2171  3211  3215   4947 10010 10011 10012 10013 10014
 1164     862  2358  2128  3536  10015 10016 10017 10018  9713 10019
 1165    1284  3754  3835  4025  10020 10021 10022 10023 10024 10025
 1166    2079  2341  3367  3427   4448 10026 10027  4453  4449 10028
 1167    1925  1924  2952  3120  10029 10030  8747  8743  7394  8622
 1168     207  1801  2543  3876  10031 10032 10033 10034 10035 10036
 1169    3083  2765  3276  3654  10037 10038 10039 10040 10041 10042
 1170    1489  1505  2673  3106   6921 10043 10044  5040  9013 10045
 1171     136  2070  2886  3980   4226 10046 10047 10048 10049 10050
 1172    3300  2944  3622  3708  10051 10052  4568 10053  5624  6248
 1173    2641  2982  3338  3601   8324  8310  8314 10054  8309 10055
 1174    3511  2517  3089  3943   6159  6158 10056 10057 10058  5766
 1175     987  2439  2763  3266   7092  7089 10059 10060 10061  7090
 1176    2718  2773  2904  3459   7713 10062  4840 10063 10064 10065
 1177    3587  3003  3695  3706   4866  8813 10066 10067 10068 10069
 1178     706  1633  2770  3043   4153  8115 10070 10071 10072  4562
 1179    2403  1234  2907  3381  10073 10074 10075 10076 10077 10078
 1180    2455  2245   762  3917   8918  4738  4736 10079  4735 10080
 1181    1979    77  1982  3392  10081  6296 10082 10083  5853 10084
 1182    3316   263  3680  3693  10085 10086  8581 10087  4395 10088
 1183     705   848   263  3680  10087  6625  6628 10089  6624 10090
 1184     822  1653   477  3767   9959  4077  4081 10091  4076 10092
 1185     461    29    28  3704  10093  6704 10094 10095 10096 10097
 1186    1617  1594   658  3327  10098 10099 10100 10101 10102 10103
 1187      47  2971  3128  3464  10104 10105 10106  8593 10107 10108
 1188     675  1933  3093  3548  10109 10110  5207  5203 10111  5202
 1189    3399  1500  2448  3469  10112 10113 10114 10115  9469 10116
 1190    1035  2364  2813  3048   4137 10117 10118 10119 10120 10121
 1191    2513  3509  2515  3836  10122 10123 10124 10125 10126 10127
 1192    1761  2789  3012  3047   7402 10128 10129 10130 10131 10132
 1193    3253  2896  3811  3975  10133 10134 10135 10136 10137 10138
 1194    2651  2662  2700  2887  10139 10140 10141 10142 10143 10144
 1195     902  1193   792  2903  10145  7315 10146 10147  5606 10148
 1196     499  2198  1035  3329  10149 10150 10151 10152 10153 10154
 1197    1106  1672  2584  3670  10155 10156 10157 10158 10159 10160
 1198    2891  3489  3624  3711  10161  5418  5416 10162  5415 10163
 1199    3611  3279  3694  4012  10164  5088  5091  6334  5092 10165
 1200    3194  2791  3313  3582   9913 10166  4662  9915  9622 10167
 1201    2964  2670  3627  3718   5784  5788 10168  9294 10169  5787
 1202    1521  1657  2832  2855  10170 10171 10172  6600 10173 10174
 1203    2567  1676  3200  3484  10175 10176 10177 10178 10179 10180
 1204    1243   361  2714  3712   7735 10181 10182  5188 10183 10184
 1205    2748  2921  3169  3760   5154  5158 10185 10186 10187  5157
 1206     801  1112  1516  3599  10188  7788  7786 10189  7785 10190
 1207    1337  1684  3066  3185  10191 10192 10193 10194 10195 10196
 1208    2563   738   739  3579  10197 10198 10199 10200 10201 10202
 1209     428  2462  1548  2769  10203 10204 10205 10206 10207 10208
 1210    1405    84  2903  3321   6877 10209 10210 10211 10212 10213
 1211     880  1951  2864  3269   9592 10214 10215  7194  9593 10216
 1212     508  1898  3081  3577  10217 10218 10219 10220 10221  8209
 1213      51  1113  2119  3691   4208  9895 10222 10223 10224 10225
 1214    2349  2350  3252  3561   5567  5565 10226 10227 10228  5564
 1215    2321  3364  3597  3653   5687 10229 10230 10231 10232 10233
 1216    2045   608  3329  3632  10234 10235 10236 10237 10238 10239
 1217    1597   508  1898  3081  10220  4597 10240 10219  8209 10241
 1218    1315  1313  2855  3728   4268  9356 10242  4273  4269  9357
 1219     697  1807   593  3056   7959  7958 10243 10244 10245  7962
 1220    3557  3633  3847  3903  10246 10247  9582  9579 10248  9583
 1221     964   825  1622  2940  10249  4502 10250 10251 10252 10253
 1222    2395  2396  3254  3727  10254 10255  4648  4651 10256  4649
 1223     667  2731  3042  3783   6667 10257 10258  6668  6669 10259
 1224    2254  2934  3366  3592   7652 10260 10261  7656  7653 10262
 1225    2942  2793  3663  3777   8656 10263 10264  8661  8657  8072
 1226     807  1639   744  3586  10265 10266 10267 10268 10269 10270
 1227    2876  3149  3325  3647   5338  5336 10271 10272 10273  4777
 1228    1306  2408  1307  3757  10274  9838  9836 10275  9513 10276
 1229     834  2574   835  3375  10277 10278 10279 10280 10281 10282
 1230    1297  2709  2905  3059  10283 10284 10285 10286 10287 10288
 1231    1400   896  3027  3028   4884 10289  8480  8476 10290  8475
 1232     491   909  3067  3730   8092 10291  4336 10292 10293 10294
 1233     666   659  3754  3843  10295 10296 10297 10298 10299 10300
 1234    1064  1436  3771  3907   6015  6448 10301 10302 10303  6447
 1235    1821   248  2276  3072  10304 10305 10306 10307 10308 10309
 1236    1566  2011   365  3859  10310  6282 10311 10312  9575 10313
 1237    2633  3274  3289  3704  10314 10315  5642 10316 10317 10318
 1238    1335  1336   904  3823  10319 10320 10321 10322  9284 10323
 1239    1158  3784  3856  4006  10324 10325 10326 10327 10328 10329
 1240    1362   966  1984  3268  10330 10331 10332 10333 10334 10335
 1241    1509   255   839  3605  10336 10337 10338 10339 10340 10341
 1242    2795  3045  3254  3881  10342 10343 10344 10345  5250  9270
 1243     703  1980  2475  3443  10346 10347  5708 10348  8845 10349
 1244      40  1971    41  3471  10350 10351 10352 10353 10354 10355
 1245     649  1538  1963  3938  10356 10357 10358 10359 10360 10361
 1246    2450    30  2028  3061   6906  6905  9305 10362  9304  6909
 1247    1160  2915  2320  3138   6114 10363 10364 10365 10366 10367
 1248    2480  1726  1469  3473  10368 10369 10370 10371 10372  5799
 1249    1238   599  3749  2416  10373 10374 10375  8773 10376 10377
 1250     135   466  3106  3433  10378 10379 10380 10381  6323 10382
 1251    1852  1546  3666  3844   4178  6498 10383 10384 10385 10386
 1252    1419   780  1869  2910  10387 10388 10389 10390 10391 10392
 1253    1450   840  3308  3584  10393 10394 10395 10396 10397 10398
 1254      64    63  2898  3064  10399  7385  7389 10400  7384 10401
 1255    2845  3036  3139  3790   5907  5904  6938  6198  6934  5905
 1256    1728   946  1358  3076  10402  5962  5960 10403  5959 10404
 1257     223   941  1928  3752   7995  7993 10405 10406 10407  7994
 1258    2833  2341  3367  3938   6045  5868  4450  4453 10408  4451
 1259    2876  3176  3187  3719  10409  5337  8847  6562 10410 10411
 1260     519  3263  3666  3844   4178  4182 10412 10413 10414  4181
 1261     173   197  2296  3401  10415 10416 10417 10418 10419 10420
 1262    2638  1344  2902  3752   5395  5392 10421 10422 10423  5393
 1263    3196  3154  3616  3635  10424 10425 10426 10427 10428 10429
 1264    3758  3208  3832  3929  10430 10431 10432 10433 10434 10435
 1265     777  1421  1455  3099  10436  8724 10437 10438 10439 10440
 1266    2744  2715  2811  2883  10441  5341 10442 10443 10444 10445
 1267      85  1884  2812  3477  10446 10447 10448 10449 10450 10451
 1268     490   963  1472  3203  10452  4543 10453 10454 10455 10456
 1269    1997  1802   940  3349   7178 10457 10458  7179  5892 10459
 1270    3264  2860  3985  4020  10460 10461  5241 10462 10463 10464
 1271    1570  1824  2671  2705  10465  5013  5017 10466  4245 10467
 1272    3527   690  1888  3596  10468 10469 10470  6558  4070 10471
 1273      16  2214    15  3275  10472 10473 10474 10475 10476  8614
 1274    2543  1800   929  3876  10477 10031 10478 10479 10480  4426
 1275     320  2532  3762  4015  10481 10482 10483 10484 10485 10486
 1276    1266  2903  3247  3353   4860  4864 10487  5601 10488  4863
 1277     605  1751  2332  3692  10489 10490 10491 10492 10493 10494
 1278    1001  1735  2882  3486  10495 10496 10497 10498 10499 10500
 1279     969  1951  1804  3927  10501 10502 10503 10504  7193 10505
 1280    2062  1712   137  3600  10506 10507 10508 10509 10510  8157
 1281    2101  1600  2906  2963   5651  7012 10511  5650  5653 10512
 1282    2732  2683  2932  3038   6405 10513 10514  6406  6408 10515
 1283     667  3224  3727  3783   6682 10257 10516  6684  4644  5993
 1284    2508  2510  3020  3556  10517 10518 10519 10520  5364 10521
 1285     360   357  3309  3373  10522 10523 10524 10525  6384 10526
 1286    2254  1893  3314  3366   6612 10262 10527  6617  6613 10528
 1287    2187  2050   430  3137  10529 10530 10531 10532 10533 10534
 1288    2911   127  2917  3424   8672 10535 10536 10537 10538 10539
 1289    3372  3384  3879  3888   7511 10540  4312 10541  6477  9891
 1290    2104  3319  3479  3757  10542  9835 10543 10544 10545 10546
 1291     817  1029   226  3393  10547 10548 10549 10550 10551 10552
 1292     416   181   239  3797  10553 10554 10555 10556 10557 10558
 1293    2543   929  3362  3876  10559 10031  4426  4429 10477  4427
 1294     115   166   555  3236   8425 10560 10561  8426  8428 10562
 1295    3131  2898  3256  3813   6752 10563 10564  9439  9437 10565
 1296    3368  3335  3465  3846  10566 10567 10568  5172 10569 10570
 1297    1843   672  2856  3591  10571 10572 10573  4056 10574  8224
 1298    1784  1453  2414  3477  10575 10576 10577 10578 10579 10580
 1299     464  1744  3210  3406  10581 10582 10583 10584 10585 10586
 1300    3117  3320  3560  3954  10587  4278 10588  4941 10589 10590
 1301    1976   407  2493  3236  10591 10592 10593 10594 10595 10596
 1302    3081   508  3577  3854  10597  8206  8209 10218  8210 10217
 1303     865  3497  3503  3883  10598  8871  5436 10599  7370 10600
 1304    2733  2869  2905  3303  10601 10602 10603 10604 10605 10606
 1305    3088  2707  3542  3559  10607 10608 10609 10610  6819 10611
 1306      37  2630  3685  3704   8378 10612 10613 10614 10615 10616
 1307     698   968  1624  3687  10617 10618 10619 10620 10621 10622
 1308    2268  1690   607  3612   4705 10623 10624  4710  4706 10625
 1309     652  1428  3889  3925  10626 10627  9080 10628 10629 10630
 1310    3202   882  3422  3995  10631  5589  5592 10632  5593 10633
 1311    2896  3171  3811  3975  10133 10137 10634  7295 10635 10136
 1312      87  1965  2235  3092  10636 10637 10638 10639 10640 10641
 1313     290  1232  3607  3614  10642 10643 10644 10645 10646  7157
 1314    2700  2743  3131  3288  10647  8513  5538  5072 10648 10649
 1315    1664   772  2917  3277  10650 10651 10652 10653 10654 10655
 1316    1872  1587   653  2802   5112  5110 10656 10657 10658  5109
 1317    2706  2675  3342  3627  10659  9297 10660 10661 10662 10663
 1318    2544  1618  1638  2851  10664  4232 10665 10666 10667 10668
 1319    3291  2766  3462  3893   5938  9994 10669 10670 10671 10672
 1320     112  1729  2907  3723  10673 10674 10675 10676 10677 10678
 1321    1990  1103  2882  2955  10679 10680 10681 10682 10683 10684
 1322    1530  2140  3071  3611  10685 10686 10687 10688 10689 10690
 1323    3594  2289  3811  3975  10133 10691 10692 10693 10694 10695
 1324    2724  2692  2801  3627  10696 10697 10698 10699 10700 10701
 1325     276  3803  3837  3853  10702  5487 10703 10704  5318 10705
 1326    3232  3165  3245  3349   7177 10706  8650 10707 10708  6515
 1327    1674    13  1864  3425   4250 10709 10710 10711 10712 10713
 1328    2710  2666  2970  3453   7691 10714 10715 10716 10717 10718
 1329     913  1167   912  3974  10719 10720 10721 10722 10723 10724
 1330    2430  2795  3535  3609  10725  5066 10726  9273 10727 10728
 1331    2526  2527  3008  3396   7800  7797 10729 10730  7771  7798
 1332    2745  1856  3103  3356  10731 10732 10733 10734 10735 10736
 1333    2552  1458  3661  3837  10737 10738 10739 10740 10741 10742
 1334    3096  2024  3647  3798  10743 10744 10745 10746 10747 10748
 1335    1866   137  1678  2881  10749  8155  8158 10750  8159 10751
 1336    1098    87  3092  3648   8458 10752 10753 10637 10754 10755
 1337    3033  3035  3602  3930   4406  9325 10756 10757 10758 10759
 1338    2434   851  1601  3066  10760 10761 10762 10763 10764 10765
 1339    1455  1766  3048  3099  10766 10436 10767 10768 10769 10770
 1340    2589  2699  2725  3603  10771 10772 10773 10774 10775 10776
 1341    2920  2805  3338  3883   8874 10777 10778 10779 10780 10781
 1342      84  1405  2892  3321  10782 10212 10210 10783 10209 10784
 1343     212  1585  1656  3742   8940 10785 10786 10787 10788 10789
 1344     664  3300  3622  3708  10051 10790  6245  6248 10052  6246
 1345    2706  2675  3426  3551  10791 10792 10660 10793  8088 10794
 1346    2501  2502  3529  3694  10795 10796 10797 10798 10799 10800
 1347    2815  3202  3422  3447  10801 10802 10803 10633 10804  7043
 1348    1757    54  2651  3131  10805 10806 10807 10808 10809 10810
 1349    2205  2208  3768  3871   7610 10811 10812  7611  7613 10813
 1350    2814   648  2890  3276  10814 10815 10816 10817 10818 10819
 1351    2172    45  3732  3805   4959 10820 10821 10822 10823 10824
 1352    2110  3144  2440  3549  10825 10826  4157 10827 10828 10829
 1353    2596  2607  2694  2727  10830 10831 10832 10833  7448 10834
 1354    3313  2311  3565  3734  10835 10836 10837 10838  8855 10839
 1355    2647  1320  2842  2934  10840  6979 10841 10842 10843 10844
 1356    2672  2748  3608  3704   6700  8379 10845 10846  6647  8380
 1357    2393   383   550  3394  10847 10848 10849 10850  9478 10851
 1358    1909   973   950  3167  10852 10853 10854 10855  7472 10856
 1359    3126   344  1278  3229  10857 10858 10859  9167 10860 10861
 1360    2727  2470  2832  3161  10862 10863 10864 10865 10866  6596
 1361    3278  3038  3782  3807   5166  5024  8693  8695 10867  8692
 1362    3393  2954  3657  3816  10868  4034  8493 10869  8494 10870
 1363    2049  1952  1238  3177  10871  4677 10872 10873 10874 10875
 1364    3071  2701  3611  3642   7306  8469 10876  7302  7301 10685
 1365    3509   907  1526  3836   7118 10126 10877  9486  9487 10878
 1366     626  2788  3603  3701   9359  5862  6750  6096 10879  6751
 1367    1723  2009   609  2885  10880  7641  7639 10881  7638 10882
 1368    2024   903  2876  3628  10883 10884 10885 10886 10887 10888
 1369    2686  2035  2716  2969  10889 10890 10891 10892  5694 10893
 1370    2984  3111  3576  3815   6853  6856  8950 10894  4176  5527
 1371     812   533  2633  2677   6235 10895  7518  6234  6237  7517
 1372    2516  2515  3089  3836   7116 10896 10897 10898 10122 10899
 1373    3926  3699  3939  3965  10900 10901 10902 10903 10904  4379
 1374    3926  3404  3986  4032   5357 10905 10906 10907 10908 10909
 1375    2975  2585  3091  3115   5502  5506 10910 10911 10912  5505
 1376    2309  1748   894  3098  10913  8340 10914 10915 10916 10917
 1377    2159   197  3138  3401   4831 10918 10919 10920 10419  8203
 1378     988  1172  1370  2907  10921 10922 10923 10924 10925 10926
 1379    1662   758  3481  3996  10927 10928  5405 10929 10930 10931
 1380    3544  3136  3631  3818   8882 10932 10933 10934 10935 10936
 1381    2905  3323  3355  3391   9257  9261 10937  9800  9801  9260
 1382    3272  2760  3457  3474  10938 10939  5291  5287 10940  5286
 1383    1602   646  3159  3802  10941  9251  9249 10942  9248 10943
 1384     938  2065  3131  3288  10647  9208 10944 10945 10946  5075
 1385     755  1450  2235  3092  10636 10947 10948 10949 10950 10951
 1386    1646  1036  3090  3673   6428 10952 10953  6433  6429 10954
 1387     109  1111  1169  3486   6140  6144 10955 10956 10957  6143
 1388    3264  2860  3410  3985  10958 10464  5241 10959 10462 10960
 1389    2874  2652  3156  3475  10961  4940 10962 10963  5569  7122
 1390    3636  3607  3673  3676  10964 10965 10966  6470 10967 10968
 1391    1073   120  2548  3258  10969  7185 10970 10971 10972 10973
 1392    2787  2600  3091  3742  10974 10975 10976 10977 10978 10979
 1393     298  1790   222  2928   7480  7484  8197  7000  8198  7483
 1394    1659   690   687  3476  10980 10981 10982  4073  6559 10983
 1395    2341   968  1538  3938  10360 10408 10984 10985 10986 10987
 1396     319  2532   320  4015  10482 10988 10989 10483 10485 10990
 1397     839  1621  1140  3190  10991 10992 10993 10994  8793 10995
 1398    1359   932  1360  3223  10996 10997 10998 10999 11000 11001
 1399      13    14   893  3425  11002 10712 11003 11004 11005 11006
 1400    1455  1051   777  3048  11007 10770 11008 11009 11010 10440
 1401    2519  3037  3047  3943  11011 11012 11013  9640  8053  7403
 1402    2926  3199  3675  3868  11014 11015 11016 11017  9449  6028
 1403    3229  3263  3291  3844  11018 11019  4740 11020 10414  6169
 1404    1675  1009  1884  3459  11021  7715 11022 11023 11024 11025
 1405    1327  1321  2880  2945   4859  4857  4318  4320 11026  4317
 1406    2723  2757  2882  2955  10679  7291 11027  8059  5423 11028
 1407    2355   881  1697  3266  11029 11030 11031 11032 11033 11034
 1408    2757  2950  3121  3684  11035  5424  9073  7555 11036  7986
 1409     247   704   268  3684  11037  9391 11038 11039  6119 11040
 1410    1757    54  3131  3256  10565 11041 10807 10809 11042 10806
 1411    2267  2919  2982  3109  11043 11044 11045  4833 11046 11047
 1412    2237  2288  3104  3558  11048 11049 11050 11051 11052 11053
 1413    2645  2783  3267  3335   5177  5175 11054  5426 11055  5174
 1414     557    91  3189  3246  11056  9855  7051  5616  9858  4531
 1415    1031   547  3160  3641   9567 11057  8123  8119  9568  8118
 1416    1957  1922  2649  3099  11058 11059 11060 11061 11062 11063
 1417     642  2362  3609  3962   6453  6457 11064 11065 11066  6456
 1418    2960  3220  3899  3951  11067 11068 11069 11070 11071 11072
 1419     119  2311    86  3565  11073 11074 11075 11076 10838 11077
 1420     269  1995   604  3345   6760 11078 11079 11080 11081 11082
 1421    1476  1043  3179  3495  11083  4561  6494 11084  6495  4152
 1422     663  2372  2868  3101  11085 11086 11087 11088 11089 11090
 1423    2945  2932  3038  3397   8694 11091 11092  6405  6312 11093
 1424    2335  2431   853  3354  11094  9719 11095 11096 11097 11098
 1425    2498  2500  3026  3218  11099  4886 11100 11101 11102 11103
 1426    2934  1930  2962  3102  11104 11105  6980  8631 11106  8630
 1427    2093  2079  3367  3427   4448 11107 11108 10028 10026 11109
 1428      22  1816  2605  3248   7924  9186 11110 11111 11112  6440
 1429    2876  2746  3387  3719  11113  5337  4779 11114  4711 11115
 1430    1978   731  3032  3564  11116 11117 11118 11119 11120 11121
 1431    2369   438  3301  3773  11122 11123  8451  8453 11124  8450
 1432    1103   109  2257  3080  11125 11126 11127 11128  6142 11129
 1433    3132  3054  3188  3882  11130  4731 11131 11132 11133 11134
 1434     890  1102  3588  3667  11135 11136 11137 11138 11139 11140
 1435    2801  1848  3243  3718   5785 11141  5454  5450 11142  5449
 1436    2455  3535  3882  3895   4732 11143  7028  7086  9093  4737
 1437    2765  3248  3276  3541  11144 11145 11146 11147 11148 10040
 1438    2015  1022   921  3586  11149  6250 11150 11151 11152 11153
 1439    2238   490  1472  3203  10452 11154 11155 10456  4543 11156
 1440     696   775  1529  3032   8016 11157 11158 11159 11160 11161
 1441    1175  2558  3304  3930   9328 11162 11163 11164  6831 11165
 1442    3544  3384  3758  3789  11166 11167 11168 11169  4483 11170
 1443    1872  1282  2985  3184   7075  5111 11171 11172 11173  7076
 1444     490  1760   963  3203  10455  4543 11174  5815 11175 10453
 1445    3629  3839  3847  3921  11176  7857  7861 11177  7856  9580
 1446     702  1785   352  3395  11178 11179 11180 11181  7005 11182
 1447    3188  2709  3328  3572   6226 11183 11184 11185 11186 11187
 1448    2092   187  1100  3854  11188 11189 11190 11191 11192 11193
 1449    1042  3524  3523  3967  11194 11195 11196 11197  6895 11198
 1450    1682  2294  2538  2913   5490 11199 11200  5495  5491 11201
 1451    2017  1092   728  3148  11202  7700 11203 11204 11205  9845
 1452    3007  3006  2646  3396  11206 11207 11208 11209 11210 11211
 1453     613  2425   402  3108  11212  6868 11213 11214  9005 11215
 1454    2295  1730   530  2747   8963 11216 11217 11218  6785 11219
 1455    1438   613   402  3108  11212  6871  6869 11215  6868 11220
 1456    1104  2857  2969  3115  11221 11222  8110 11223 11224  9538
 1457     716  2126  2367  2947  11225 11226 11227 11228 11229 11230
 1458    2621  2749  3071  3812   5717 11231  4979  4982 11232  4980
 1459      90  2271  3043  3080  11233 11234 11235 11236 11237 11238
 1460    2041  1458  1457  3661  11239 11240 11241 11242 10740 11243
 1461    1760  2076  2108  3807   7632 11244 11245 11246 11247 11248
 1462    2943   192  2988  3421  11249 11250 11251 11252 11253  6271
 1463     854   808  3148  3392  11254 11255 11256 11257  4539  7698
 1464     107  1178  2901  3121   6961 11258 11259  6960  6963 11260
 1465     296   804   707  3726  11261 11262 11263 11264 11265 11266
 1466     844   732   346  3613  11267 11268 11269 11270  7876 11271
 1467    1944     1  2884  3729   8165  8162 11272 11273  8384  8163
 1468    2828  2763  2857  3181  11274 11275  8897  8900  7091  8898
 1469    2424  2862  3316  3997  11276 11277 11278 11279 11280 11281
 1470    1895  2268  2228  3693  11282  4353 11283 11284  9330 11285
 1471    3575  3111  3815  3848  11286 11287  4174  4176 11288  4173
 1472    1731  2296  3138  3401   4831 11289 11290 11291 10415 11292
 1473    3147  3135  3403  3586   6253  5380  5377 11293  5378  8267
 1474     998  1853   462  3025  11294 11295 11296 11297 11298 11299
 1475    2401  2160  2625  2673  11300 11301 11302 11303 11304 11305
 1476    2782  3122  3494  3630   4752  9371  9369  4757  4753 11306
 1477    2852  2775  2909  3327  11307 11308 11309 11310  9319 11311
 1478    3555   785  3747  4014  11312 11313  8761 11314 11315 11316
 1479      37  1756  3608  3685   8381 10616 11317 11318 11319  5346
 1480     429   920   657  3803  11320 11321 11322 11323 11324 11325
 1481      78   797   717  3109  11326  4200  4198 11327  4197 11328
 1482    2921  3094  3599  3760  11329 10187 11330 11331 11332 11333
 1483    3386  3683  3771  3847  11334  9970  6017  6020  9969  6018
 1484    2333  1196  2862  3693  11335  5596  5600 11336  5595  7354
 1485     800  3810  3838  3846  11337 11338 11339 11340 11341 11342
 1486    3410  1225  3669  3834  11343  6289 11344 11345 11346 11347
 1487    1346  2647  2741  3102  11348 11349 11350  4435 11351 11352
 1488    2604  2691  3053  3627  11353 11354 11355 11356  9339 11357
 1489      82   891  2568  3458  11358  7848 11359 11360  5736 11361
 1490    2726  2594  2763  2975   8896 11362  7413 11363 11364  9825
 1491    2131  1329   151  3114   4675  4673 11365 11366 11367  4672
 1492    2695  2883  3072  3255   8534 11368 11369  8533  7429 11370
 1493    2473   831  3538  3556  11371 11372 11373  8006 11374 11375
 1494    3368  3838  3846  3960  11376 11377 11378 11337 11379 10567
 1495     187   754  3081  3854   8206 11192  9150  9152 11380  9149
 1496    1342  1446  3560  3959  11381  4368 11382  4945 11383 11384
 1497     553  1065  2634  3161  11385 11386 11387  7023 11388 11389
 1498      35    36  3282  3709  11390  9663 11391 11392 11393 11394
 1499     331   459  2560  3730   9204  8094 11395 11396 11397 11398
 1500    2799  2891  3163  3624  11399 11400 11401 11402 10163 11403
 1501    1661   687  3596  3967   6894  6898 11404  4074 11405  6897
 1502     502  1793  2728  3157  11406  5524 11407 11408 11409 11410
 1503    1205  1549   583  3066   8334 11411 11412 11413 11414 11415
 1504    2207  2223  1490  3594  11416 11417 11418 11419 11420 11421
 1505    1327  1321  2945  2967  11422  9027  4318 11026 11423  4857
 1506    2594  2687  2729  2761  11424 11425 11426 11427 11428 11429
 1507    2515  3016  3017  3836  11430 10122 11431 11432 11433 11434
 1508    3478  3351  3717  3762  11435 11436 11437 11438 11439 11440
 1509    2750  2754  2946  3041  11441 11442 11443 11444  9064 11445
 1510       9    10  2665  2700  11446  6886 11447 11448 11449 11450
 1511    2403  1619  2851  3957  11451 11452 11453 11454 11455  4236
 1512     166   983  3236  3466  11456 11457 11458 11459  4058  8428
 1513    1833   512  1834  2971  11460 11461 11462 11463 11464 11465
 1514     661  3079  3101  3300  11466  8473  8474 11467  4566 11468
 1515    3031  2485  3200  3484  10175 11469 11470 11471 11472 11473
 1516    2931  2775  3060  3473   4995  9346  9323  5000  4996 11474
 1517    3427  2048  3815  3679  11475 11476 11477 11478 11479  4878
 1518    2686   915  3274  3608   5345  5349 11480 11481 11482  5348
 1519    1099  1455  1539  3099  11483 11484 11485 11486 10436 11487
 1520    2965  2588  2984  3098  11488 11489 11490 11491 11492  8953
 1521    2831   451  3072  3419  11493 11494 11495 11496 11497  8698
 1522    1389  2485  3200  3401  11498 11499 11500 11471 11501 11502
 1523     226   943  3263  3393   8495 10547 11503 11504 11505 11506
 1524    2287   308  2832  3603  11507 11508 11509 11510 11511  7465
 1525    2739  2674  2770  3197  11512 11513  8710 11514 11515 11516
 1526    1045    52    51  3721  11517  9230 11518 11519 11520 11521
 1527    2683  1296  2732  2756  11522 11523 11524 11525 11526 10514
 1528    2636  2746  2876  3030   4776 11527 11528  4779  4778 11529
 1529     538   391  3199  3868   9449 11530  5689 11531 11532 11533
 1530     312  2075  2581  3448  11534 11535 11536 11537 11538 11539
 1531    2426  1882  3036  3427   6195 11540 11541  8594 11542  6307
 1532     900  1680  1812  3395   4905 11543 11544 11545  8409 11546
 1533     524  2350  3408  3589  11547 11548 11549 11550 11551 11552
 1534     234  2767  2856  3233   6900 11553  5956 11554 11555  7215
 1535    1862  2727  2764  3182   5190  5194 11556 11557 11558  5193
 1536    2830  3282  3582  3709   8550 11559 11560 11561 11390  7904
 1537    1175   260  2558  3602  11562 11563 11564  7063  4409 11163
 1538     453  1085  3108  3760   9764 11565 11566  9768  9765  9006
 1539     303  1518  1931  3100  11567 11568 11569 11570 11571 11572
 1540    3352  3267  3672  3968  11573 11574  5430  9677 11575 11576
 1541    2359  1820  3269  3608   5463  8497  8501  8959  8496 11577
 1542    3837  2162   276  3853   5487 10702 11578 11579 11580 10705
 1543     911  2356  2143  3181   8916  8914 11581 11582 11583  8913
 1544    3032  2613  3177  3564  11584 11116 11585  6129 11586 11587
 1545    2667  3295  3383  3395   9651 11588  9134 11589 11590 11591
 1546     918   886   758  3996  10930 11592 11593 11594 11595 11596
 1547     388   586  1960  2669   9748  6371 11597 11598 11599 11600
 1548     249  1058   993  3495  11601  6492 11602 11603 11604 11605
 1549    3159  2735  3250  3356  11606 11607  7094  6262  9025 11608
 1550    2729  2594  2761  2833   5866 11609 11429 11425  7409 11424
 1551    1421  1539  1455  3099  10436 10439 11610 11486 11483 10438
 1552    2681  1281  2987  3231   6021 11611 11612  9630 11613 11614
 1553    2926  3176  3299  3387  11615 11616 11617 11618 11619 11620
 1554    2300  3312  3555  3747  11316 11621 11622  7707 11623 11624
 1555    1651   752  2572  3375  11625  9529  9527 11626  9526 11627
 1556    1477  2183  1473  3615  11628  5832  8387 11629  8386 11630
 1557     264  2576   265  3322  11631 11632 11633 11634 11635 11636
 1558     681  2322  3219  3769  11637  5805  5803  7980  5802  7983
 1559    2632  2509  2507  2701  11638 11639 11640 11641 11642 11643
 1560    2871  2643  3792  4023  11644 11645 11646 11647 11648 11649
 1561    2847  3087  3610  3733  11650 11651 11652 11653  4117 11654
 1562    2981  2732  3038  3122  11655 11656 11657 10513 11658 11659
 1563     166   407  2196  3236  11660  8428 11661 11662 10595 11663
 1564    3566   858  3671  3916  11664  4296 11665 11666 11667 11668
 1565     302  2052  2066  3125   6506 11669 11670  8926  8925 11671
 1566     997  1050   305  3233  11672 11673 11674 11675 11676 11677
 1567      47    42  2971  3464  10107 10105 11678 11679 11680 10106
 1568    1950   482  3233  3927  11681 11682 11683 11684 11685 11686
 1569    2881  3052  3120  3561  11687 11688 11689 11690  9387 11691
 1570    1729   710   112  2907  10678 10676 11692 11693 11694 10675
 1571    3499   899   999  3733  11695 11696 11697 11698  6057  5987
 1572    3149  3325  3410  3991   7159 11699 10272 11700  6976 11701
 1573    1252  1471  3812  3992   6059 11702 11703 11704  5515 11705
 1574    1994   495  2988  3432   6267 11706 11707 11708 11709 10003
 1575    1163   371  2401  2673  11301 11710 11711 11712 11713 11714
 1576    2911  2123  2986  3155  11715 11716 11717  9561 11718 11719
 1577    3462  2766  3731  3893  11720  5938 10670 11721 10671  8518
 1578    3862  3705  3887  4027  11722 11723 11724 11725 11726 11727
 1579    2873  2661  3612  3693  11728  4352  7670 11729 11730 11731
 1580     991   845  3785  3865  11732  6675 11733 11734 11735 11736
 1581    1110  1109  3482  3487   9834 11737 11738 11739 11740  5730
 1582    3441   942  3698  3737  11741 11742 11743 11744 11745 11746
 1583    1037  2473  2097  3538  11747 11748 11749 11750 11375 11751
 1584    2707    43  3265  3542   4241 10610 11752 11753 11754 11755
 1585     937   992   293  3245  11756  6519 11757 11758 11759 11760
 1586    3435  3794  3817  3887   5560 11761 11762 11763 11764 11765
 1587    2393  2057  3592  3961   9687 11766 11767  6276 11768 11769
 1588    2172   288  3545  3805   6213 10820 11770  6212  6215 11771
 1589    2874  2817  3252  3589  11772 11773  7263 11774 11775  7123
 1590    2775  2931  2989  3473  11776  4996  9323 11777  9346 11778
 1591    2866  2903  2977  3667  11779  7281  6882 11780  7279 11781
 1592     837  3194  3313  3582   9913 11782  8405 10167 10166 11783
 1593    3886  3771  3907  3946  11784 11785 11786  6015 11787 11788
 1594    2629  2638  2650  2775   8132 11789 11790 11791  8168  7718
 1595    2815  2987  1281  3231  11613 11792 11793  9630  6021 11794
 1596    2881   603  2907  3561   9389 11688 11795 11796 11797 11798
 1597    1478  2801  3064  3206  11799 11800  6335 11801 11802 11803
 1598    1798   622  2050  3137  10533 11804 11805 11806 11807 11808
 1599    1118   567   197  3138  10920  6659 11809 11810  8205 11811
 1600    3804  3372  3879  3888   7511 11812 11813  9891 10540  8526
 1601     649  3222  3367  3938   6045 10357 11814 11815  5864  7660
 1602    2096   160   656  2870  11816 11817 11818 11819 11820 11821
 1603     261  2326  2892  3606  11822 11823 11824 11825 11826 11827
 1604    2736  2884  3057  3128  11828 11829 11830  9802 11831 11832
 1605    2877  3901  1221  3831  11833  6550 11834 11835 11836  6789
 1606    2365  3116  3250  3339  11837 11838  6964 11839 11840 11841
 1607    1218   211  3137  3481  11842  9184 11843 11844 11845 11846
 1608    2919  2920  2982  3109  11043 11046 11847 11848 11849  4833
 1609    2023   431  2335  2983  11850 11851 11852 11853  9406 11854
 1610    2733  2823  2855  3129  11855 11856 11857 11858 11859 11860
 1611    3186  2032  3209  3726  11861 11862  7581 11863 11864  8149
 1612     436  1540  3301  3421   7749  7753 11865 11866 11867  7752
 1613    1411  1410  3280  3434   4633 11868  6946  6949 11869  6947
 1614    2395  3254  3682  3727  11870 10255  4649  9272 10254 11871
 1615    2154   981  1426  3139   7151 11872 11873  7150  7153 11874
 1616    1261  1268  2836  3353   4861 11875 11876 11877 11878 11879
 1617      24   700  2605  2814   9606 11880  6442  6444 11881  6441
 1618     860  1622  3071  3992  11882  5514  5517 11883  5518  5720
 1619    3729  2884  3792  3829  11884 11885  8165  5372 11886 11887
 1620    3559  3748  3877  3903   7322 11888 11889  7327  7323 11890
 1621    1851   441   469  3246   6801 11891 11892 11893 11894 11895
 1622     809  2174  3107  3259  11896 11897  6712 11898 11899 11900
 1623     692  1545  3397  3398   6763  4089 11901  6768  6764 11902
 1624     172  2978  3350  3408  11903 11904 11905 11906 11907 11908
 1625    1199  1590  1433  3626   7256  6974 11909  7261  7257 11910
 1626    1674   982    14  3311   6069 11911 11912 11913 11914 11915
 1627    3387  2321  3307     2  11916 11917 11918 11919 11920 11921
 1628    1947   641  3206  3718  11922 11923 11924 11925 11926 11927
 1629    2156  2632  2998  3143  11928 11929 11930 11931 11932 11933
 1630    2973  3144  3792  3829  11884 11934 11935 11936 11937  5374
 1631    2920  1811  3109  3280  11938 11939  5412  4771  4630 11849
 1632    1330  1971  3235  3568  11940 11941 11942 11943 11944 11945
 1633     275  1357  1385  3637  11946 11947 11948 11949 11950 11951
 1634    2081  1467   475  3883  11952 11953 11954 11955  6300 11956
 1635    2157  1703  3528  3642  11957  9374  9219 11958  6944 11959
 1636    2758  3133  3647  3798  10743 11960 11961 11962 11963 11964
 1637    3128  3103  3464  3778   9547 11965 11966  9548  4487 10104
 1638    2898   813  3064  3932   7328 11967 11968 11969 11970 10399
 1639     276   397  2552  3837  10738 10705 11971 11972 11973 11974
 1640    2367  1439  1361  2947  11975 11225 11976 11977  7954 11978
 1641    2472  1128    91  3246   9858  9856 11979 11980 11981  9857
 1642     846   313  3076  3439  11982 11983 11984  4363 11985 11986
 1643    1552  1082  2635  2649   6694 11987 11988  6693  6696 11989
 1644     195  1814  2735  3159   7094  7098 11990 11991 11992  7097
 1645    1159   579  1693  3619  11993 11994 11995 11996  9396 11997
 1646     485    75   500  3813   8949  6099 11998 11999 12000 12001
 1647    3262  3323  3441  3941  12002 12003 12004 12005 12006 12007
 1648    2283  2397   539  3289  12008 12009 12010 12011  7021 12012
 1649    1435  2828  2923  3744  12013 12014  5141  8285 12015  8288
 1650    2930  2723  3438  3791  12016 12017 12018 12019  7290  4124
 1651    1885   187  2167  3854  12020 12021 12022 12023 11192 12024
 1652    2518  3513  2519  3037  11013  9864 12025 12026  8363 12027
 1653    1936    88   916  3401  12028  7779  7783 12029  7778 12030
 1654     360  3373  3475  3668  12031 12032 10523 12033  8183 12034
 1655    1208   445  3149  3802  12035 12036 12037 12038 12039 12040
 1656    1030  2359  3169  3608   5467  8500  8498  9298  8497 12041
 1657     863   815  1000  2831   9222 12042 12043 12044 12045 12046
 1658     324   261  2326  2892  11825 12047 12048 11824 11827 12049
 1659    3137  2597  3095  3062   4282 12050 12051 12052 12053 12054
 1660    2940  2622  3071  3992  11882 12055 12056 12057  6060 12058
 1661    2791  2830  3709  4011  12059 12060  9623 11559 12061 12062
 1662    2517  3512  2518  3943   9866 10058 12063  9865  6157 12064
 1663    1001  2882  2955  3486   7292 10496 10500 10679 10495 12065
 1664    3397  3130  3398  3676  12066 12067 12068 12069 12070  6763
 1665     612  2353  3616  3865  12071  9909  5057  5054  6672  5058
 1666    3557  3088  3559  3738   6820 12072 12073 10608 12074 12075
 1667    1029  1599  3393  3773   8407 12076 12077 12078 12079 10551
 1668    2161  2162  3110  3853  12080 12081 12082 12083 11580 12084
 1669    1487  2036  2743  2867   5076 12085 12086 12087 12088  6375
 1670    2647  2602  2775  3327   9319 12089  4432  4434  5043  4431
 1671    1134   373  1943  3206   4194  4191 12090  5384  5383  4192
 1672    2658  2640  2797  2976  12091 12092 12093 12094 12095 12096
 1673    3104  2288  3282  3709  11390 12097 11051 12098 12099 12100
 1674    3672  3624  3714  3968  12101 11573 12102 12103 12104 12105
 1675    2941  2836  3247  3353   4860 12106 12107  4865  4861  7662
 1676    2777   342  1088  3417  12108 12109 12110 12111  8566 12112
 1677    1937  2300  3747  3774  12113 12114 12115 11621 12116 12117
 1678    2626  2695  2916  3712   7734  5248  5246 12118  5245  7737
 1679    2237  3104  3485  3558  12119 11049 11053 12120 11048 12121
 1680    3838   800  3846  3960  11376 11379 11342 11338 12122 11337
 1681     985  2119   375  3691  12123 12124 12125 12126  4208 12127
 1682    2860  3136  3544  3929  12128 12129 12130 10933 12131 12132
 1683    1983  3029  3125  3928  12133 12134  7681  7664 12135  6508
 1684     899   898  1461  3434  12136 12137  6055 12138 12139 12140
 1685    3123  2869  3656  3990  12141  8212 12142 12143 12144  4843
 1686    1325  1493  2962  2984   6855 12145 12146  8632 12147 12148
 1687    2810  2927  3039  3421  12149 12150  5122  5119 12151  5123
 1688    3189   557  3246  3848  12152  4528  4531  9855  4532 11056
 1689    1171   594  3047  3654  12153 12154 12155 12156  6123 12157
 1690    1000   863  2831  3606   8174 12158 12046 12042 12159  9222
 1691    1411  1811  3280  3448   4815  6948 12160  4630  4816  6947
 1692    2609  2630  2643  3792  11647  7463 12161 12162 12163 12164
 1693     976  1746  3320  3954  10589  6798 12165 12166 12167 12168
 1694     245  2492  2728  3763  12169  5886 12170 12171 12172 12173
 1695    1975   554   177  3469  12174  9466 12175 12176  7643 12177
 1696     685   519   141  3893   9309 12178 12179  9310  9311 12180
 1697    2942  3410  3834  3991  12181 12182 12183  6289  7159 12184
 1698    2324  1948  2375  3756  12185 12186 12187 12188 12189 12190
 1699      98  2327  2794  3551  12191 12192 12193 12194 12195 12196
 1700     667   660  3224  3783   4644 10257 12197 12198 12199 10516
 1701     819   258  2947  3432  12200 12201 12202 12203 12204 12205
 1702    2891  3163  3714  3890  12206  5134 11402 12207 12208  9070
 1703    1021  3576  2463  3679  12209 12210  9740 12211 12212 12213
 1704    1792   464  3406   589  12214 12215 12216 10582 12217 12218
 1705    2181   694   432  3619   8677 12219 12220  8676  8673 12221
 1706    2757  2882  2955  3422  12222 12223  8059 10679 12224  5423
 1707    3406   366  3603  3701   9359 12225 12226  9364  9360 12227
 1708     496   422  2763  3181   7091 12228  7839 12229 12230 12231
 1709    1463  1201  1798  3137  11804 12232 12233 12234  6347 12235
 1710    2741  2781  3102  3162  12236  9241  9239 12237  9238 11348
 1711    1324  3119  3607  3955   8296 12238 12239 12240 12241  6473
 1712    2827    47  3176  3750   9963 12242 12243 12244 12245  8850
 1713    1557   626  2061  3701  12246  5858  5861 12247  5862 12248
 1714    3405  1653  3476  3767  12249 12250 12251  9599  4076 12252
 1715    1453  1769  3477  3540  12253 12254 12255 12256  6783 10579
 1716    1922  1687  2649  3099  11058 11062 12257 12258 12259 11061
 1717    1954  2114  2951  2968  12260 12261 12262  8729 12263 12264
 1718    1857  1579  3895  3917   4729 12265 12266  7776  8917 12267
 1719    2388   111   914  3183  12268  5277 12269 12270  5659 12271
 1720     183   803  1748  3074  12272 12273 12274 12275 12276 12277
 1721    1148   198   917  3815  12278 12279 12280  5223 12281 12282
 1722    2984  3098  3239  3246   6052 12283 11488  4118  6800  5528
 1723    1234  2360   163  3381  12284 10077 12285 12286 12287 12288
 1724    2148  1390  1997  3619  12289 12290 12291 12292  8674  7231
 1725    1539  1957   494  3099   8993 11483 12293 12294 11059 12295
 1726    2948  2805  3497  3538  12296 12297 12298 12299  5459 12300
 1727     651  1105  1848  2801   5454  5452 12301 12302  6336  5451
 1728    1912  2711  3379  3551   4669  4667 12303  7168  7165  4666
 1729    2527  2526  2814  3396  12304  7771 10729 12305  7797 12306
 1730    2926  3307  3387  3868  12307 11015 12308 11921 12309 11616
 1731    2364  1035  2813  3329  12310 12311 10118 10121 10149 10119
 1732      97  1822  3316  3680  10088  6587 12312  8742 12313 12314
 1733    1635  1208  3669  3802  12315 12316 12317 12318 12036 12319
 1734    2504  3503  3497  3502   7372 12320 12321 10599 12322 12323
 1735    2900  2799  3174  3267  12324  8731 12325 12326 12327 12328
 1736    1014  1641  3253  3578   8397 12329 12330 12331 12332 12333
 1737    2488  1448  3314  3366   6612  6616 12334 12335 12336  6615
 1738    2592  3127  2593  2752  12337 12338 12339 12340 12341 12342
 1739    1905  1908  2655  3350   7790 12343 12344  7795  7791 12345
 1740    2288    35  3282  3709  11390 12099 12346 11394  9663 12098
 1741     773  1628  3081  3684  12347 12348 12349 12350 12351 12352
 1742    2626  2695  3272  3474  10939  8756  5246  5249  8754  5247
 1743     296  2030   565  3726  12353 11262 12354 12355 12356 12357
 1744    2280   339  2856  3182  12358 12359  8905  7310 12360  7218
 1745     773  1628   300  2950  12361 12362 12349 12363 12364 12365
 1746    2183  1600  2963  3721   5648  9231 12366  5653  5649 12367
 1747     191  1479  2829  3327  12368 12369 12370 12371 12372 12373
 1748    2137   380  2686  3402   7084 12374 12375 12376  9536  5941
 1749    1448  3314  3366  3576   5526 12377 12335  6612 12378 12336
 1750    3610  3502  1854  3501  12379  5986  7188 12380  7191 12381
 1751    2351  3067  3621  3995   8368  9075 12382 12383 12384 12385
 1752     488  2381  3393  3731  12386 12387 12388 12389 12390 12391
 1753    3079  3811  3881  4031   9154 12392 12393 12394 12395 12396
 1754    2817  2696  2978  3124  12397  4702 12398 12399 12400 12401
 1755    3252  2350  3408  3561  12402  5567 10227 11550 10228 12403
 1756     479   643   642  3962   6457  6454 12404 12405 12406  6455
 1757    2731  3175  3783  3913  12407  8356  5838  6666 12408  6669
 1758    3034  1095  3231  3944   7565  5894 12409 12410  5921  9828
 1759      47  1834  2827  3128   5636 10108 12411  5641  5637 12243
 1760    3084  2373  3232  3565   8645  8649 12412 12413 12414  8648
 1761    1856  2055  2876  3103   7931 10734 12415 12416 12417 12418
 1762    2092   487  1703  3854   6940 11189 12419  6941  6943 12420
 1763    1693   505  1159  3619  11994 11993 12421 12422 12423 11997
 1764    1361   192  2943  3421  11250 12424 12425 11251 11253 12426
 1765    1779  1640    33  3306   9472 12427 12428 12429  7832 12430
 1766    1700  2468  1646  3090  10954 12431 12432  7522  4589 12433
 1767    2197  3817  3830  3842  12434 12435 12436 12437  5559 12438
 1768    2897  2635  3184  3548  12439 12440  5476 12441 12442 12443
 1769    1184  1866  1401  3723  12444 12445 12446 12447 12448 12449
 1770    2295  1769  2747  3477   5312 12450 12451  6787 12256 11216
 1771    3722  2707  3855  3925  12452 12453  5298  5300 12454  5101
 1772    2978  2817  3350  3408  11903 11907 12401 12455 12456 11906
 1773    2086  1483  1519  2985  12457 12458 12459 12460 12461 12462
 1774     379  2167  3440  3923  12463  8294  8292 12464  8291 12465
 1775    1145  1501  3377  3898  12466 12467 12468 12469 12470 12471
 1776    3794  3722  3819  3851  12472 12473 12474 12475 12476  4373
 1777    1462  1916   719  3348  12477 12478 12479  8148 12480 12481
 1778    1294  1288  3065  3305  12482 12483 12484 12485 12486 12487
 1779    3165  3245  3349  3734  12488 12489 10707  7177 12490 10708
 1780    3555  3413  3714  3869  12491 12492  7496  7492 12493  7491
 1781     500  2402   473  3813   6756  8949 12494 12495 12496  8948
 1782    2956  3621  3688  3892   7345 12497 12498 12499 12500 12501
 1783    2256  1914  2969  3744  12502  6582 12503 12504 12505  4546
 1784    1360  2123  3424  3993   8667 12506 12507 12508 12509  4986
 1785    2401   371  2160  2673  11304 11301 11712 12510 11713 11302
 1786    3869  1583  3964  4013  12511 12512 12513 12514 12515 12516
 1787    2017   174  3238  3461  12517  9846 12518 12519 12520  7696
 1788    2192   448  1582  2875  12521  9022 12522 12523  8277 12524
 1789    2695  2696  3052  3496   6736 12525 12526 12527 12528 12529
 1790    2194  1433   624  3626   7260 12530 12531  7259  7256 12532
 1791    2349   868   523  3561  12533  5565 12534 12535 12536 12537
 1792    2637  1266  2859  2903   9142  9140 12538 12539 10487  9139
 1793    2884  2736  3451  4011   8482  5373 11830 12540 12541  8164
 1794    3315  1836  3406  3536  12542 12543 12544 12545 12546 12547
 1795    2641  2852  2879  2908  12548  8311 12549 12550 12551 12552
 1796    1689  1715  2554  3853  12553 12554  6528 12555  5322 12556
 1797    3187  3249  3307  3805  12557  4960 12558  9002 12559 12560
 1798    2688  2718  2877  3792   5481 12561 12562  5486  5482 12563
 1799    1907  1900  2893  3350  12564  7794 12565 12566 12567 12568
 1800    3254  3328  3682  3727  11870 10254 12569 12570 12571  9272
 1801    2921  2784  2928  3599   4930 11333  8832  4931  4933 12572
 1802    2090   914  1745  3214  12573 12574 12575 12576 12577 12578
 1803    2804  3037  3083  3089   4082 12579  6125  6187  6184 12580
 1804     873  2014  3029  3177   7475 12581  8270  8271  6216  8269
 1805    2714  2916  3051  3496   5443 12582  7738 12583  6739 12584
 1806    1279  1277  3743  3909  12585 12586  4636  4638 12587  4635
 1807    3439    79  3715  3844  12588 12589 12590 12591 12592 12593
 1808    3032  1238  3039  3421  12149 12594 12595 12596 12597 12598
 1809    3056  2909  3089  3770   7119  5676 12599 12600 12601  4086
 1810     804   296   565  3726  12353 11265 11263 12357 11262 12602
 1811     804  2490  3162  3726  12603 11265 12604 12605 12606 12607
 1812    3278   336  3293  3807  12608  5024  5027 12609  5028 12610
 1813    2477  2030   296  3726  11262 12611 12612 12354 12356 12613
 1814    3084   569  3235  3885  12614  9671  9675 12615  8718 12616
 1815     807  2936  3034  3586   6178 10266  5896  5899 12617  5897
 1816    1017  1487  2726  2867  12618 12619 12620  6379 12085 12621
 1817    1836   589  3406  3536  12542 12546 12622 12214 12623 12545
 1818    3113  2659  3171  3811   7295 12624 12625  7300  7296 12626
 1819    1032   979  1452  3247   5605  5846 12627 12628 12629 12630
 1820    1962  3355  3827  3990  12631  8536 12632  9708 12633  8038
 1821    1804   634   980  3347   7629 12634 12635  9820 12636 12637
 1822    2701  2507  2998  3143  11928  8261 11638 12638 12639 12640
 1823    1190  1548  2825  3943  12641 12642 12643 12644 12645 12646
 1824     219   518   615  2840   6638  6637 12647 12648 12649  6642
 1825    1141  1586   413  3291  12650  9997 12651 12652 12653 12654
 1826    1214   194   444  3552   7620 12655 12656  7621  7623 12657
 1827    3090  1357  1700  3203  12658  4586 12659 12660 12661 12431
 1828     534  1083  2721  3157  12662 12663  9213 12664 12665 12666
 1829    2735  1774  3829  3935   5994  8654 12667 12668 12669 12670
 1830    2253  1165  2834  3432   9063 12671  7892  7889 12672  7893
 1831    3275    15  3311  3742  12673 12674 10472  6068 12675 12676
 1832     350   676  3308  3438  12677 12678 12679 12680 12681 12682
 1833    2773  3160  3376  3459   8966 10064 12683 12684 12685 12686
 1834    1981  2179   607  3612   4705 12687 12688 12689 12690 12691
 1835    2488   981  1143  3314  12692  6615 12693 12694 12695 12696
 1836    1943  1723   149  3763  12697 12698 12699 12700  8543 12701
 1837    1121  1225  3234  3410  12702 12703 12704 12705 11344 12706
 1838    2853  2748  3061  3108  12707 12708 12709  6646 12710  4692
 1839     630   320  3595  3677  12711 12712 12713 12714 12715 12716
 1840    2936  2751  3261  3640  12717 12718 12719 12720 12721 12722
 1841     213  1047  3079  3949  12723 12724 12725 12726 12727 12728
 1842    2801  2676  3206  3627  12729 10696 12730 12731  9336 11802
 1843    1553  1224  2766  3461  12732 12733 12734 12735 12736 12737
 1844    2817  2925  3207  3589  12738 11775  7264 12739 12740  4703
 1845    3059  2709  3201  3305  12741 12742 10287 12743 12744 12745
 1846      74  2115  2160  2673  11304  7864 12746 12747  4097 12748
 1847     641  2801  3206  3718  11922 11926 12749 11802 11141 11925
 1848     143  2767  3180  3182  12750  4130  5953 12751  4101 12752
 1849    1901   195  2708  3339  12753 12754 12755  7096 12756 12757
 1850    1787  1624   571  3815   4879 12758 12759  4880  4882 12760
 1851     913   794  2105  3906  12761 12762 12763 12764 12765 12766
 1852    2396  2043  2044  3727  12767 10256 12768 12769 12770 12771
 1853     336  1161  3293  3807  12608  5028 12772 12773 12774 12609
 1854    3284  2852  3493  3770  12775 12776 12777 12778 12779  6925
 1855    2973  1855  3144  3549  10828 12780 12781 12782  6718 11935
 1856    1486  1016  2598  2857  12783 12784 12785 12786 12787  5696
 1857    1177  2135  3376  3942  12788 12789  8968  8971 12790  8969
 1858    2817  3124  3207  3475  12791 12792  4702  4699 12793  4703
 1859    2479   265  2576  3322  11635  6401 12794 11634 11631 12795
 1860    2492  1793  1138  2728  12796 12171 12797 12798 11408 12799
 1861    2666  2621  2749  3453   4978 10717 12800  4979  4981 12801
 1862    2952  1925  2978  3339  12802  8620  8622 12803  8623 12804
 1863    2606  2661  2786  2808   6816 12805  6540  6876 12806  6874
 1864    2635  1223  2649  2808   6818  5480  5477 12807  5478  6694
 1865    2395  2043  2396  3727  10256 10255 12808 12768 12770  4648
 1866       8     9  2417  3185  12809 12810  6885 12811 12812 12813
 1867    3252  3359  3543  3762  12814  5563  7120 12815 12816 12817
 1868     824  2103  3415  3564  12818 12819 12820 12821 12822  8823
 1869    1752  1567  1593  3285  12823 12824 12825 12826 12827 12828
 1870    1709  1710  3981  4009   6910 12829 12830 12831 12832 12833
 1871    2632    94  2701  3143   8261 11932 12834 12835 12836 11639
 1872    1658  2108  2076  3807  11247  7635  7633 11246  7632 12837
 1873    2032  2477  3209  3726  11861 11864 12838 12839 12611 11863
 1874    2939  2986  3079  3232  12840 12841 12842 12843 12844 12845
 1875    1779  2288  2237  3558  11049  6536 12846 11050 11052 12847
 1876    3755  3776  3902  3947   6434 12848 12849 12850 12851 12852
 1877    2919  2790  2957  3200   7396 12853 12854  7401  7397 12855
 1878    2537   885  3333  3952  12856 12857 12858 12859 12860 12861
 1879     127   712  2911  2917  10539 10537 12862 12863 12864 10536
 1880     971  3271  3424  3707  12865 12866 12867 12868 12869 12870
 1881    1642  1114  3094  3649   5533 12871 12872  5534  5536  8218
 1882     463  1259   159  2749  12873 12874 12875 12876 12877 12878
 1883    2415   227   781  3461   7593  9772 12879 12880 12881 12882
 1884    1761  1171  2789  3047  10131 10128 12883 12884 12157 10129
 1885    2682  2967  3098  3334   8343  8629  8627 12885  8626 12886
 1886    3385  3140  3672  3810  12887  7756 12888 12889 12890 12891
 1887    1759  1475  2322  3961  12892 12893 12894 12895  7509 12896
 1888    3407  2656  3555  3869  12492 12897  9316  7709 12898 12899
 1889    2509  2507  2701  3527  12900 12901 11641 11638 12902 11642
 1890    2182  1211  3326  3537  12903 12904 12905 12906 12907 12908
 1891    3374  1902  3445  3589   9723 12909 12910  9722  9725 12911
 1892    2564  1828   156  3688  12912  7349 12913 12914 12915 12916
 1893     449  2546   190  3651  12917 12918 12919 12920 12921 12922
 1894      69  2703  3206  3763  12923 12924  6649 12925  5882 12926
 1895    1595   514   746  3678   4047 12927 12928  6851  6848 12929
 1896     901  1838   902  3035   7311 12930 12931 12932 12933 12934
 1897    3435  3759  3794  3840  12935 12936 12937 12938 12939 11762
 1898    1067   272  2311  3313  10837 12940 12941 12942 12943 12944
 1899    2890  2875  3276  3691  12945  7204  7207 12946  6697 10814
 1900    2637  2843  3247  3680   9726  9744 12947 12948 12949  9743
 1901     618  2038  3866  3867  12950 12951 12952 12953 12954 12955
 1902    3372  3384  3650  3879   9893  9891  4312  4315 10541  4313
 1903     735   937   293  3245  11756 12956 12957 11760  6519 12958
 1904     502  2728  2887  3157  12959  5524 11410 12960 11406 12961
 1905     218   217   581  3328  12962 12963 12964 12965 12966 12967
 1906      87  1965  3092  3648   8458 10754 10638 10640 12968 10637
 1907    1785  2144  2983  3395   7001  7005 12969 12970 12971  7004
 1908    2696   363  3124  3475  12793 12972 12973 12974 12975 12400
 1909    1082  2635  2985  3137  12976 12977  6693 12978 12979  8509
 1910    2981  3281  3664  4021  12980 12981 12982 12983 12984 12985
 1911    2107   702   352  3395  11178  6545 12986 11182 11179 12987
 1912     595   635  2286  2693  12988 12989 12990 12991 12992  7645
 1913    2735  3250  3356  3549   9023  6265  6262 11606  6263  9025
 1914    1144  2453   388  2764   6372  6369 12993 12994 12995  6370
 1915    1582    48  1920  3276  12996 12997 12998 12999 13000 13001
 1916    2670  2723  2886  3297  13002 13003 13004 13005 13006  5062
 1917    2693  1200  3282  3485  13007 13008 13009 13010 13011 13012
 1918     903  2876  3176  3187   6562  6566 10886  8847 10411  6565
 1919     215  1915  3886  3946  11785 13013 13014 13015 13016 13017
 1920     821  2953  3221  3948   4497 13018 13019  9434  9435 13020
 1921    1276  1273  2681  2824  13021 13022 13023 13024 13025 13026
 1922    3224  3040  3378  3747  13027  4643 13028 13029 13030  6618
 1923     209   210  3779  4017   4460 13031 13032  4464  4463 13033
 1924     670  2560  1406  3213   9110 13034 13035  9115  9111 13036
 1925    1416  1591  3858  3948   4493  5327 13037  4498  4494  5326
 1926    2820  1006  2827  2917  13038 13039 13040 13041 13042 13043
 1927    3184  1662  3481  3996  10927  4418  4807 10931 10928 13044
 1928    2784  2659  3470  3881  13045  8834 13046 13047 13048 13049
 1929    1736  2632  2701  2872  13050 13051 13052 11639 13053 13054
 1930     522   116  2021  3436   8680  4517 13055 13056  9880 13057
 1931     137  1678  2881  3120  11691 13058 10750 10749 13059  8159
 1932    1625  1072  3258  3651  13060 13061 13062  7187 13063 13064
 1933    2454  1036  3673  1187   6432 13065 13066  6429  6430 13067
 1934     344  3198  1275  1278  13068  9167 13069 13070 13071 13072
 1935    2632   689  2999  3000  13073  7131 13074 13075 13076 13077
 1936     937   735  1573  3245  13078  6519 12957 13079 12956 13080
 1937    1900  2893  3350  3374  13081 13082 12566 12564 10000 12567
 1938    1221  2354  2877  3831   6550 11833  9875  6555  6551  6789
 1939    1676  2485  2567  3200  10180 10178 13083 13084 11471 10177
 1940     105  1019  2327  3551  12195 13085 13086 13087 13088 13089
 1941    2688  2718  2760  3272   5291  5289 12562 13090 13091  5288
 1942    2592  2752  2810  3126  13092 13093 12338 13094 13095 13096
 1943    2774  2862  3316  3693  10086 13097  9037 11279 11335 13098
 1944    3352  1636  3385  3389   7760  7758 13099 13100 13101  7757
 1945    2692  2691  2724  3053  13102  7716 13103 13104 11356 10698
 1946    1744   789  1743  3536  13105  9710  9714 13106  9709 13107
 1947    2536   157   158  3658  13108 13109 13110 13111 13112 13113
 1948    2579  2412  3292  3448  13114 13115  5217  5214 13116  5218
 1949    2032  1434  1025  3209  13117 11863 13118 13119  8150 13120
 1950     595  1200  2693  3469  13121  7644 13122 13009 13123 12989
 1951    1082  2600  3062  3137  12050 12977  8512 13124 13125 13126
 1952    1338  1425  2446  3491   9053 13127 13128  9058  9054 13129
 1953     758   886  3481  3996  10927 10930 11594 13130 11595 10929
 1954    1934  2258  2284  3056  13131 13132 13133 13134  5679 13135
 1955    2211  2944  3172  3305  13136 13137 13138 13139  9155 13140
 1956    2857  2598  3115  3181   9086 11274 12783  5503 13141 11224
 1957    2791  2672  2921  4011  13142 12060 13143  6609  7462  4660
 1958    3190   934  3620  3726  13144 13145 13146 13147 13148  9224
 1959    3061  2672  3289  3704  10314  6643 13149 13150  8379 13151
 1960    2445  1104  2857  2969  11223  9108 13152  8110  9538  8786
 1961    2542   348  2178  3428  13153 13154 13155 13156 13157 13158
 1962     792   902  2903  3035   7282 13159 10148  7315  7311 10145
 1963    2923  2737  3233  3927  11681 13160  9763 13161 13162 13163
 1964    2610  2783  3298  3904  13164 13165 13166 13167 13168 13169
 1965    1294  2211  1288  3305  12486 12483 13170 13171 13137 12484
 1966    2689  3152  3647  3798  10743 13172  6838  6841 13173  6839
 1967    2850  3082  3343  3564  13174  9589 13175 13176 13177 13178
 1968     921  1531  3147  3204  13179 13180 13181 13182 13183 13184
 1969     127  2123  2911  3155  11716 13185 13186 11717 11718 10536
 1970     580  2247  3242  4003  13187  5971 13188 13189 13190  7417
 1971    2925  2817  3207  3911  13191  7262  7264  4703  7265 12739
 1972    2160  2115  2625  2673  11300 11304 12747 13192  4097 11303
 1973    2588  2634  2755  2965  13193 11490 13194 13195 13196  9851
 1974    2528  2529  3005  3706  13197 13198 13199 13200 13201 13202
 1975    1899  1906  3700  4000  13203 13204 13205 13206 13207 13208
 1976    2779  1976  2963  3236   4214  8909 13209 13210 10592 13211
 1977    3191  3476  3577  4004  13212 13213 13214  6556  9793 13215
 1978    2865  3328  3572  3852  13216 13217  5330  6226 13218  6224
 1979    2088   172  3350  3948  13219 13220 13221 11908 13222 13223
 1980    2987  3034  3147  3204  13179 13224  9829 13225 13226 13227
 1981    2797  2976  3086  3870  13228 13229 12091 13230 13231 13232
 1982     377  1046   910  3247   9729  5843  5847 13233  5842  9727
 1983    2732  2932  2981  3038  11659 10513 10515 13234  6405 11657
 1984    3666  3439  3715  3844  12588  4178 13235 12593 12589 13236
 1985    2650  2629  3053  3134  13237 13238  7718  7720 13239  7717
 1986    2625  2670  3106  3627   9293 13240 13241  5064  9294 13242
 1987    2353  3154  3616  3861  13243 13244 13245 10427  4758  5054
 1988    1675   570   419  2904   8875  7712 13246  8880  8876  9287
 1989    2594  2726  2763  2833   9826  7409  7413  9825  7408 11363
 1990    1448  1426   981  3679   7149 13247 13248  7150  7152 13249
 1991    3150  1042  3522  3523  13250 13251 13252 13253 11198 13254
 1992    3369  3087  3610  3764  13255 13256 13257 11653 13258  4417
 1993    3372  3674  3804  3879   8526  9891  9894 13259  9890 11813
 1994    1792  1038   589  3406  12214 12218 13260 13261 13262 12215
 1995    2528  3521  2529  3379  13263  4111 13264 13265  7939 13199
 1996    2140  1355  3279  3611   5091 10689 13266 13267  9993 13268
 1997     732  1089   346  3613  11267  7876  9161 13269  9162 11270
 1998    1684  3066  3185  3443  13270 13271 10194 10191  8137 10195
 1999    2933  2588  2967  2984  13272  8955 13273 13274 11491 13275
 2000    3464  2738  3736  2884  13276 13277 13278 13279  9806  9550
 2001    2403  2851  2907  3957  13280 11452  4236 13281 11451 10078
 2002    1079  1991  3184  3548  12439 13282 13283 13284 13285 13286
 2003    2659  3113  3205  3811  13287  7296 12625 13288 12624 13289
 2004    2260    70  3116  3600  13290 13291 13292 13293 13294  6968
 2005    3267  3465  3908  3922   4166  4170  5173 13295 13296  4169
 2006    1835    61    62  3613   7875 13297 13298 13299 13300 13301
 2007    1699  3188  3682  3895   9089  7772 13302  9094  9090 13303
 2008    2258  1934   697  3056   7958  5679 13133 13304 13132 13305
 2009    2158   599  2416  3997  13306  6414  6412 10376  6411 13307
 2010    1672  2584  3670  3951  13308 13309 10158 10155 13310 10159
 2011     761  2003  3399  3477  13311  4260 13312 13313 13314 13315
 2012    1148   917   698  3815  13316 12279 12282 13317 12278 13318
 2013    1428  3842  3889  3925  10626 10629 13319 13320 13321 10628
 2014    3206  2801  3627  3718   5784 11922 11802 10696 11141 12729
 2015     305  2471  2923  3233  13163 11672 13322 13323 13324 13325
 2016    3037  2605  3083  3276  10042 13326  9639 13327 13328  6187
 2017    2614  2888  2725  2821  13329 13330 13331 13332 13333 13334
 2018    2682  2588  2991  3074  13335 13336 13337  9854 13338 13339
 2019    2107  1202  1891  2779  13340 13341 13342 13343 13344 13345
 2020    1578   332   600  3295   5797 13346 13347 13348  4746 13349
 2021    2870  1567  3285  3990  13350  8215 13351 12827  6953  9442
 2022     356   360  3475  3668  12031 13352 13353 12034 12032 13354
 2023    3869  1583  3897  3964  13355 12516 12513 13356 12514  6012
 2024     388  2453  2669  2764   6368  6372 12994 13357 12995  6371
 2025    2954  3393  3657  3731  13358 13359  8493 10870 12386 10869
 2026    2469  3490  3703  3836  13360 13361 13362 13363 13364 13365
 2027    1521   308   584  3603  13366 13367 13368 13369 11511 13370
 2028      20  1347  2677  3274  13371 13372  9456  9454 13373  9457
 2029     974  1772  1000  3255   9221 13374 13375 13376 13377 13378
 2030     909   491  3067  3944  13379  4338  4336 10294  4335 10292
 2031    2337   441  2472  3848  13380 13381 13382 13383 13384 13385
 2032    2827  2820  2917  2926  13386 13387 13043 13039 13388 13038
 2033     295   391  2961  3868  13389 13390 13391 13392 11532 13393
 2034    2497  2496  3270  3874   9045 13394 13395  9044  9047 13396
 2035    2961   391  3653  3868  13397 13389 13392  5688 11532 13398
 2036     353    16    15  3402   8613  7446 13399  8614  8616  6071
 2037    2646  3005  3706  3006  13400 11209  5744 13197 13401 13402
 2038    3230  2664  3404  3929  13403 13404 13405 13406 13407 13408
 2039    1744   366   464  3210  10586 10584 13409 13410 13411 10583
 2040    1732  2571  1733  3216  13412 13413 13414 13415 13416 13417
 2041    1631  2234  2924  3731   8519 13418 13419 13420 13421 13422
 2042    1993   176  3286  3494  13423 13424 13425  6294 13426 13427
 2043    2234   583  3066  3731   8520 13421 13428  8334 13429 13430
 2044    1316  1310  2727  2764  11557 13431  7450  7452 13432  7449
 2045    2728  2885  2887  3256  13433 13434  7330 13435 13436 12960
 2046    1363  1507  1476  3043   4151  4990  4994  8116  4989 13437
 2047    1589   176  3286  2121   6290 13438 13439  6294  6293 13440
 2048    1321  2682  2945  3090  13441 13442 13443 13444  8628 11026
 2049     260  2314   902  3602  13445  4409 13446 13447 13448 13449
 2050    2697  2624  2878  3319  13450 13451 13452 13453 13454 13455
 2051    1012  3736  3829  3935   5994  6241 13456  5999  5995  6240
 2052     604  1029  1918  3393   4039  4037 13457 13458 10551  4036
 2053    1428  2197  3842  3925  13321 10629 13459 12435 13460 13319
 2054    2650  2724  2875  3248  13461 13462 13463 13464 13465  8565
 2055    2682  2945  3090  3673   6428 13466 13444 13441  6471  8628
 2056    2961  2926  3307  3545  13467 13468  6026 12308 13469 13470
 2057    1506  3363   551  3641   9375 13471 13472 13473 13474 13475
 2058    3167  2675  3228  4001  13476  8252  4970  4966  8084  4965
 2059    1117  1812  3295  3395  11590  4902  4748  4750  4905  4747
 2060    2834  2946  3041  3097  13477 13478 13479 11441 13480  9062
 2061     334   764   106  2930  13481  4698 13482 13483  9954 13484
 2062    2073  2244  1445  3169   9190 13485 13486 13487 13488 13489
 2063    3545  2926  3805  3880   6210  6214 13469 13490 13491  6213
 2064     453   613  2748  3108  12710  9006 13492 13493  6868 13494
 2065     167  3239  3366  3605   8960 13495 13496  5529 13497 13498
 2066    1976   139  2196  2779  13499 13209 13500 13501  6081 13502
 2067    1815  1936   916  3401  12028 13503 13504 12030  7779 13505
 2068      16   353  1945  3402  13506  8616 13399 13507  7446 13508
 2069    2500  3026  3218  3369  13509 13510 11101 11099 13511 11102
 2070    2806  1916  3348  3739  13512 13513 13514 12480  8144 13515
 2071    3328  3224  3655  3727  13516 12571 13517 13518  6684 13519
 2072    3007  2646  2239  3396  13520 11207 11211 13521 11206 13522
 2073    2458  1464  2879  3859  13523 13524  4955  4958 13525  4956
 2074    2040   330   304  3582  13526  8662 13527 13528  8553 13529
 2075      18  2137  2686  3402   7084  5284  5943  5941 12374  4718
 2076    1223  2649  2808  3457   6813 13530 12807  6818  6814  5478
 2077    2133   992    86  3245  13531 13532 13533 13534 11759 13535
 2078    1369   782  2323  3791   9275  9274 13536 13537 13538  9279
 2079    3567  3544  3631  3818   8882 13539  5359 10936 10932 13540
 2080    2842  2647  2934  3620   9225 13541 10844  6979  9227 10840
 2081    3036  2845  3266  3268   9267  9264  6938 13542 13543  9265
 2082    2125  1676   394  3200  13544 13545 13546  8075 10178 13547
 2083    1329  1968   151  3114   4675 11367 13548 13549 13550 11366
 2084    2721   813  2728  2887  12960 13551 13552 13553 13554 13555
 2085    2936  1277  3034  3586   6178 12617 13556 13557 13558  5899
 2086    2715  2837  2841  2859  13559 13560 13561 13562 13563  8781
 2087     624   844   346  3166  13564 13565 13566 11271 13567 13568
 2088    1994  2988  3041  3432   9059 11706 10003  8015  6267 10004
 2089    2793  1903  2978  3339  12802 13569  9145 13570 13571 13572
 2090     684  1215  1708  3215  13573 13574 13575 13576 13577 13578
 2091    1815   916  2571  3216  13416 13579 13505 13580 13581 13582
 2092    1821   972  3072  3641   8535 13583 13584 13585  9378 10305
 2093    2148  1997  3349  3619   5791 12290  7231 10457 12289  9872
 2094    2890  2935  3433  3691  13586  7204  9648  9645 13587  9649
 2095    3201  2795  3254  3535   9271 13588 13589  9270  9273 13590
 2096     773    93  3081   754   9152 13591 13592  4595 13593 12352
 2097    2829  2620  3327  3761  13594 13595 13596 13597  8858 12368
 2098    3307  2900  3416  3653  13598 13599 13600 13601 13602  9000
 2099    3146  2604  3167  3297  13603 13604 13605  4968 13606  9787
 2100    1440  2906  1381  3083  13607 13608 13609 13610 13611 13612
 2101    1273  2681  2824  3229  13613 13614 13024 13021 13615 13025
 2102    3608    37  3685  3704   8378  6700  5346 10616 10612  8381
 2103    2722  2920  3280  3610   4629 13616  6661 11939  5409 13617
 2104    1377  1019  3551  3706   4664  8817  8815 13088  8814 13618
 2105     836  2901  2950  3121   7555 13619 13620  6779  6961 13621
 2106    2474  1794   718  3338  13622  8329 13623 13624 13625 13626
 2107    1329  1871   615  3756   9938  9936 13627 13628 13629  9937
 2108     517    16  1945  3402  13506  5281 13630 13508  8616 13631
 2109     228  1372  2929  3180   6522  9973 13632 13633 13634 13635
 2110    2623  2734  3147  3204  13179 13636 13637 13638 13639 13640
 2111    2054  1855  2973  3464  13641 13642 13643 12781  6717 13644
 2112    2631  1317  2669  3958   9127 13645 13646 13647 13648 13649
 2113    2259   280  2843  3029  13650  7682 13651 13652 13653 13654
 2114    2592  2766  3229  3263   4740 13655 13656  5077 13657 13658
 2115    1793  1138  2728  3157  11406 11409 12798 12796  5521 11408
 2116     593  1807  2906  3056  13659  7959 10244  5231 10245 13660
 2117    2078  1736  2701  2872  13050 13661 13662 13054 13051 13663
 2118     411   865  2059  3338  13664 13665  5433 13666  8872 13667
 2119    2813  2688  3048  3099  10766 13668 13669 13670 13671  4137
 2120    1757  2036  2781  2898   6134  6138 13672 13673 13674  6137
 2121    3747  1937  3774  3775  13675 13676 12117 12114 13677 12113
 2122    2998  2502  2997  3143   7560 11928 13678 13679 13680 13681
 2123    3531   487   714  3694  13682 13683 13684 13685 13686 13687
 2124     205  2366  3164  3834   7604 13688 13689 13690 13691 13692
 2125    2347  1621  1209  3592   8791  9860 13693  8792  8794  9861
 2126    1899  1906  3546  3700  13694 13208 13205 13695 13206 13696
 2127    2616  2615  3273  3417  13697 13698  4789 13699 13700 13701
 2128    1692  1691  1634  3250  13702 13703 13704 13705 13706 13707
 2129    2787  2585  3425  3742  13708 10975 13709 13710 13711 13712
 2130    2701    94  3071  3611  10685  7302 12835 13713 13714 10876
 2131    1921  2911  3365  3412   6205 13715 13716 13717 13718 13719
 2132    1120  2891  3414  3560  13720  4942 13721  7873  5417 13722
 2133     712   543  1664  2917  10655 12864 13723 13724 13725 13726
 2134    3163  2419  3672  3890  13727 12208 13728 13729 13730 13731
 2135    1795  3096  3187  3732   4964 13732 13733 13734 13735  6563
 2136     288  2172  3296  3805   4963  6215 11770 13736 10820 13737
 2137    2775  2769  2909  3327  11307  9319 13738 13739 13740 11310
 2138     818     6  2273  3288  13741  9207 13742 13743 13744 13745
 2139    3079  2986  3223  3232  13746 12840 12843 13747 12844 13748
 2140    2368  2216  2336  3243   9488 13749 13750  9489  8242 13751
 2141     730  2486  2089  3422   7530 13752 13753 13754 13755 13756
 2142     348  2540  1003  3428  13757 13157 13758 13759 13760 13761
 2143    2995   486  2996  3143   7559  9098 13762  9945  9943  9097
 2144    3435  3722  3842  4027  13763 13764 13765 13766 13767 13768
 2145     462   998  3025  3026  13769 13770 11299 11295 13771 11294
 2146    2427   866  3423  3654  13772 13773 13774 13775 13776 13777
 2147    2734  2824  2987  3380   5143 13778 13779  5148  5144  9629
 2148    1839  1786  2867  3394  13780 13781  7574  7571 13782  7575
 2149    2678  2625  3106  3433  10378 13783  9175 13242 13784  9011
 2150    2932  3130  3241  3397   6314  6312 13785 13786 12068  6311
 2151    1259  1260   159  2749  12873 12877 13787 13788 13789 12876
 2152     958   960  3264  3849   8825  8828  6802  6803 13790  5243
 2153     204  2260  3116  3120  13791 13792  6966  6968  7391  6965
 2154    1105   651  1739  2801  13793  6336 12301 13794  5452 13795
 2155     764   334   822  2930   4697  9954 13482  4696  4698 13796
 2156     143  1371   234  2767   5956  5953  4133  7767 13797  5954
 2157    3172   665  3622  3708  10051 13798 13799 13800 13801 13802
 2158    1756    37  2686  2716  10893 13803 11317  5347 13804 13805
 2159    3085  2771  3154  3196  10426 13806 13807  4761 13808 13809
 2160    1835    62  3064  3613  13810 13297 13301 13811  7875 13812
 2161    2162  3837   276  2552  11974 13813 11578 10705 10738 11579
 2162    2350  2349  3252  3762   5563 13814 10226  5564  5566 10227
 2163    2840  2755  2991  3406  13815  7851 13816  9852  7420 13817
 2164    2724  2890  3053  3627  11353 10697 13818 13819 13820 13102
 2165    2637  1263  2759  2859  13821  9139 13822 13823 13824 13825
 2166    2934  3102  3314  3592   7655  7653 11105 13826  9692  7654
 2167    3468  3040  3224  3747   4643 13827 13828 13028 13030 13829
 2168    2705  2663  2862  3997  11280 13830 13831  5871 13832 13833
 2169    2860  3264  3410  3991   7159 13834  5241 10960  9807 10959
 2170    2245  2219  3824  3987  13835 13836 13837 13838 13839 13840
 2171    2720  2695  3072  3255   8534  8700  8757 11370 11368  8697
 2172    1328  2842  2880  2979   4852  6677  6681  4851  4854 13841
 2173     606   522  2213  3436   8999  8997 13842 13843  4517  8996
 2174    2924  2861  3657  3731  13358  8519 13844 13845 13846 13847
 2175     813  2885  2898  3064  10399 11969 13848 13849  7333 11968
 2176    3081  3071  3220  3642  13850 13851 13852  9736  8469 13853
 2177    1812  1680  3295  3395  11590  4905 11545 13854  8409  4750
 2178     262  3323  1966  3444   9904 13855 13856 13857  7111 13858
 2179    2641  2775  2852  3327  11308  9322  9320 11309  9319 12549
 2180     430  2677  2985  3275  13859 13860 13861  6232 13862 13863
 2181    3075  3672  3801  3908  13864  6001  6005 13865  6000 13866
 2182     625  1527   626  2788   6750 13867 13868 13869 13870  5860
 2183      36  2040  3282  3709  11390 11393 13871 13872 13873 11392
 2184    2595  2593  2810  3227   5756 13874 13875  5760  5757  5121
 2185    1208  3159  3250  3356  11606 13876 13877 11608 11607  7381
 2186    2737  2921  2928  3251  13878 13879  5555 12572 13880 13881
 2187    2068  1415  3094  3436  13882  9877  8220  8217  9876  8221
 2188    1512   941   223  3752   7993 13883 13884 10405 10407 13885
 2189     867  1531   921  3204  13180 13886 13887 13181 13183 13888
 2190    1210  1380   867  3204  13886 13889 13890 13891 13892 13893
 2191     676  1387  3308  3438  12677 12681 13894 13895 13896 12680
 2192    2544   766   767  3382  13897 13898 13899 13900 13901 13902
 2193    1697  2355  3266  3639  13903 13904 11034 11030 13905 11029
 2194      61   732    62  3613   7875 13300 13906  7880  7876 13299
 2195    1970  1969  3945  4026  13907 13908 13909 13910 13911 13912
 2196    2800  2650  2963  3068  13913 13914  8564 13915 13916  4217
 2197    3528  1703  3529  3642   7304 11957 11958 13917  6944 13918
 2198    1402   314  3154  3334  13919 13920 13921 13922  6107 13923
 2199     397  2429  3258  3837  13924 11973 13925 13926 13927 13928
 2200    3470  2659  3811  3881  12394 13045 13047  7296 13048 13929
 2201    2528  2646  3396  3706  13930 13198 13931 11206 13402  4107
 2202    1401   603  2907  3723  10673 12444 13932 11796 13933 13934
 2203    2057   922  2393  3592  11769  6276  6274 13935  6273 11767
 2204    3544  3208  3758  4032  13936  5358 13937 10432 13938 11170
 2205    2948  2805  3538  3757   5455 13939 12298  5459  5456 12297
 2206    3136  3631  3759  4018  13940 13941 10934  8883 13942 13943
 2207    1532  2068  3094  3599  11331 13944 13945  8221 13946 13947
 2208    1095   329  3034  3231   9828 12410  5924 13948  4900 12409
 2209     286  2345  2786  3099   8720 13949 13950  5702  8721 13951
 2210    2786   286  3211  3215   4947  5699 13951 10014 10010 13952
 2211    2860  3340  3410  3985  10958 10462 13953  7162 13954 10959
 2212     247   773  1849  3684   9394  9391 13955 13956 12348  9392
 2213    3072   673  3160  3632  13957 13958 13959 13960 13961  9570
 2214    3039  2416  3421  3749  13962 13963 13964  7750 10373 12149
 2215     835  1651  2572  3375  11625 10277 13965 11627  9529 13966
 2216     416   239   238  3797  13967 10554 10558 13968 10553 13969
 2217    1971  1833    42  3568  13970 11944 13971 13972 13973 13974
 2218     520  3006  3005  2646   5744  5742 13975 13401 11209  5741
 2219     932   937  3223  3232  13746 13976 13977 13978  6518 11000
 2220    2939  3165  3253  4011  13979 13980 13981 13982 13983 13984
 2221    1443  2767  2929  3180   6522 13985  5776  5773 12751  5777
 2222    2152   539  3289  3704  10314 13986 13987 12008 13988 13989
 2223    2854  3041  3492  3539  13990 13991  7871 13992 13993 13994
 2224    2769  2650  2775  2909  11310 13739 13995  8132  8047 13738
 2225    3145  1831  3158  3605  13996  6315 13997 13998 13999 14000
 2226    1853  2080   465  3369  14001 14002 14003 14004 14005 14006
 2227    2384   819  1764  3432   6270 14007 14008 14009 12201 14010
 2228      71   234  2856  3233   6900  6904  7219  7215 11553  6903
 2229    2245  3824  3882  3987  14011 13836 13840  9122 13835  4739
 2230    2704  2645  3088  3265  14012 14013 14014 14015 14016  4893
 2231    2595  2663  2705  3997  13830 14017 14018 13831 13832 14019
 2232    3165  2921  3436  3881   8830 14020  4663  8835  8831 14021
 2233    3972  3851  4005  4024  14022 14023 14024 14025 14026  4478
 2234    1867    22  1816  2605  11111 14027 14028 11110  6440 14029
 2235    2140   338  1355  3611   9993 10689 14030 14031  8259 13266
 2236    2833  2761  3427  3687  14032 14033  5866  9533  8643  4452
 2237    2553  2334  3487  3488   9791 14034 14035 14036 14037 14038
 2238    1670  1167  1568  3874  14039 14040 14041 14042 14043 14044
 2239     584   516  3573  3603   6092 13366 14045  6097  6093 14046
 2240    2340  1786  3394  3790   5903 14047 14048 13782 14049 14050
 2241    2013  1330   281  3235  14051 14052 14053 14054 11945 14055
 2242     673  2276  3072  3160   9570 13960 14056 10304 14057 13959
 2243     407  1976  2196  3236  11660 10595 10593 13502 10592 11662
 2244     147  3163  3580  4002   4872  4876 14058 14059 14060  4875
 2245    2605  3083  3276  3654  10037 14061 13327 10042 10038 13328
 2246    2123   126  2122  3155  14062 11718 14063 14064 14065  9560
 2247    2701  3071  3577  3642  14066  7301 10876 14067  8469 14068
 2248    1784    85  1961  3477  14069 10576 14070 14071 10447 14072
 2249    2867  3102  3219  3394  14073 13780 14074 14075  9689 14076
 2250    3101   664  3300  3360  14077 14078 14079  6245 14080 11466
 2251     487   714  3694  3899   6329 14081 13685 13682  9983 13686
 2252      10     9  2665  3185  14082 14083 11447 11450 12812 11448
 2253     255   206  3366  3605   8960 10340 14084 14085 14086 14087
 2254    1359  1360  2986  3223  13747 10997 11001 14088 10996  9558
 2255    1402   573  2072  3154   8608 13923 14089  8609  8611 14090
 2256    3034   867  3147  3204  13179 13226 14091 14092 13886 13225
 2257     646  1602  3159  3356  11607 14093  9249 10943 14094 10942
 2258    1083  2728  3148  3157  14095 12665  9214 14096 11406 14097
 2259    1514   528  3345  3816   6417 14098 14099 14100 14101 14102
 2260    1271  2850  3082  3343  13176  7870 14103 13175 13178 14104
 2261    2434   851  3066  3157  14105 14106 10762 10764  9755 10761
 2262    2208  3572  3871  3873  14107 14108 14109 14110 14111  7613
 2263    2188   398  3109  3292  14112 14113 14114  4196 14115  4774
 2264    2911  2736  3057  3128  11828 14116 14117 11832 11829 14118
 2265     343  3193  1267  1264  14119 14120 14121 14122 14123 14124
 2266    2984  3246  3576  3848  14125 14126 12283  6049 12152  5527
 2267    1998  2054  1855  2973  12781 14127 14128 13643 13644 14129
 2268    2221  1478  3064  3206  11799  5385 14130 11803 11800 14131
 2269     303  1931  2928  3100   4934 11568 11572  8195 11567 14132
 2270    1324  1321  2945  3038  11093 14133 14134 11026 14135  6472
 2271    2711  1912  3379  3396   4106  7586 12303  4666 14136  7168
 2272    2820   742  2917  3237  14137 14138 14139 14140 14141 13039
 2273    3323  2404  3444  3882  14142 14143 14144 14145 14146  7111
 2274    3116  2708  3250  3339  11837 11840  4838 14147 12753 11839
 2275     366   626  2124  3701   9363  9360 14148 14149  5862  9361
 2276     133  2270  3786  3790  14150 14151 14152 14153 14154 14155
 2277    1061   262  1966  3444   9904  9903 14156 13858 13855  9908
 2278    3407  1615  3796  3814   5580  5153 14157  5579  5582 14158
 2279    1794  2267   939  2982   9401  9400 14159 14160 11047  9404
 2280    2861  2924  3066  3462   8330 14161 13844  8142  8521 14162
 2281    1739    59    60  2801  14163 13793 14164 14165 14166 14167
 2282    3738  3557  3806  3886  14168 14169 12072 14170 14171 14172
 2283    1965  1376  3092  3486  14173 14174 14175 14176 14177 10640
 2284    3841  3413  3460  3869  14178 14179 14180  6912 12493 14181
 2285    1455  1766  1051  3048  11010 10770 10767 14182 10768 11008
 2286    3066   583  3462  3731   8518  8520  8334  5812 13429  8330
 2287    1676  1236  2565  3240   8074  8077 14183 14184 14185  8076
 2288    2840  2634  3114  3756  14186  9935 14187 14188 14189 14190
 2289    1928   223  2638  3327   5042  6452  7994  7996  9848  6451
 2290    1126  1868  1168  3239  14191  4122 14192 14193 14194 14195
 2291    1379  1999  3161  3180  14196  9977 14197 14198 14199 14200
 2292    1835    63   796  3064   7388 13812 14201  7387  7384 14202
 2293      15    14  3311  3742  12673 12675  6073  6069 14203  6068
 2294     926  1774  1080  2877   6629  6553 14204 14205  5668  7489
 2295    3042  3175  3747  3783   4640  6667  6670 14206  6666 14207
 2296    1102  1953  1101  3588  14208 11138 14209 14210 14211 14212
 2297     571  1624  1882  3427  11542  4883  4880 14213  4881 14214
 2298    3357  3174  3629  3683   9972 14215 14216 14217 14218  7858
 2299    2375    91  2965  3756  14219 12185 14220 14221  5613 14222
 2300    1630  1832  2274  2949   8393 14223 14224 14225 14226 14227
 2301     775   696  1952  3032  14228 11160 11158 14229 11157 14230
 2302    1151  3175  3302  4014  14231  4908  4912 14232  4907 14233
 2303    1222  1626   638  3167  14234  8257  8254 14235  8255 14236
 2304    2272  2176  3456  3719   4715  5002 14237 14238 14239 14240
 2305    2622  2621  3071  3812   5717  6064  6466  4980 11231 12057
 2306    3705  3230  3821  3929  14241  4813 14242 14243 13404 14244
 2307    3149  2942  3669  3802  12315 12035  8071 14245 14246 14247
 2308    2891  3414  3560  4002  14248  5135  7873 13720  7872  5417
 2309    2757  2955  3684  3800  14249  7985  5423  5420 14250  5424
 2310    1584  2625  2826  3243   8241  8245 14251  9176 14252  8244
 2311    2229  2948  3497  3538  12296 14253 14254 12300 12297  9236
 2312    3833   956  3976  3989  14255 14256 14257 14258 14259 14260
 2313    3535  1964  3682  3895   9089  9093 14261 14262  7773  9092
 2314    2919  1731  3138  3401   4831  4835 14263 11292 11289  4834
 2315    2324  2991  1948  3756  12189 12186 14264 14265  9849 12187
 2316    1073  1830  2550  3661  14266  7186 14267 14268 14269 14270
 2317    3665  3570  3832  3976  14271 14272 14273 14274 14275 14276
 2318    2768  2698  2901  2950   6779  4303  4300 14277  4301 14278
 2319    1885   714  3899  3951  11067 14279 14280  9983 14281 14282
 2320    1991  2897  3184  3548  12439 13285 14283 12443 12440 13284
 2321    1211   254  3152  3537  14284 12907 14285 14286  8232 14287
 2322    3772  1503  3806  3889   6594 14288 14289  6593  6595 14290
 2323     469   441  1718  3246   6053  6801 11893 14291 11894 14292
 2324    2339   438  3301  3997  14293 14294  7171  8453 14295 14296
 2325    3029  1983  3125  3247   6503  7665  7681  6508  6504  7664
 2326    3561  2349  1986  3762   6720  5562  5565 14297  5566  6723
 2327    3645  3771  3972  4005   4478 14298 14299 14300  5977 14301
 2328    2723  2886  3405  3767  12250 14302 13005 14303  9956 14304
 2329    2075  2579  3292  3448  13114 11538 14305  5218 13115 14306
 2330    2870  3045  3285  3881  14307  5251  5255 14308  5250  9442
 2331    3318  1615  3624  3904  14309 14310 14311 14312 14313 14314
 2332    3277  3271  3341  3424  14315 14316  5294 14317 12868 14318
 2333    2608  2688  3260  3457  14319 14320 14321 14322  5290 14323
 2334    1138  2492  2728  3148  14096 14324 12799 12171 14325 12796
 2335    3806    44  3978  4005   5654  5980 14326  6890  6888  5979
 2336     637  1074   278  3901   7437  7441 14327 14328 14329  7440
 2337     139  1202  1727  2779  14330  6081 14331 14332 13344 14333
 2338     139  1985  1202  2779  13344  6081 14334 14335 14336 14331
 2339    2860  3136  3340  3788  14337 14338 12130 14339 14340 13953
 2340    1251  1258   175  2819  14341 14342 14343 14344  5117 14345
 2341    2772  2785  2818  2869  14346 14347 14348 14349  9256 14350
 2342    2718  2812  2904  2949  14351  8528 14352 14353 14354 10065
 2343    1123  2042  1822  3680  12313  6591 14355  6218 14356 14357
 2344    2825  2516  3016  3943  14358 12641 14359 14360 14361 14362
 2345    3137  2635  3184  3481  13044 11842 12979 12441 14363 14364
 2346    3150  3523  3524  3967   6895 14365 13251 11197 11194 14366
 2347    1967    87  2235  3092  10636 14367 14368 10641 10637 14369
 2348     489   831  3490  3556  14370  5936  8011 14371 11374 14372
 2349    2896  2922  3063  3253  14373 10135 14374 14375 14376 14377
 2350     433  1164  2873  3211   4950 14378 14379  4949  4952 14380
 2351     365  2011  1992  3859  14381 10310 10312  7318  9575 14382
 2352     430    18  2677  3275  13862 13860 14383  4722 14384 13861
 2353    2568    82  3458  3646   5733 14385 11361  7848  7850 11358
 2354     511  2076  3038  3122  11655 14386 14387 14388 14389 14390
 2355    2595  2663  2810  3301  14391 14392 14018  5759 14393  5121
 2356    2903   792  3035  3930  10758 14394 10145 13159 14395  7282
 2357    2502  2701  3528  3529  13918 10798 14396 14397  7305 14398
 2358     744  2019  2399  3696  14399 14400 14401 14402 14403 14404
 2359    3326  3187  3732  3805   4959 14405 14406  4964  4960 14407
 2360    2670  3297  3627  3718   5784 10169 13003 14408  8456  9294
 2361    1033  2083   592  3235  14409 14410 14411 14412 14413 14414
 2362    2677  2600  2985  3275  13859 13862 14415  8508 14416  6232
 2363    1506  2305  2429  3363  14417 13472 14418 14419 14420 14421
 2364     922  3314  3394  3592   9690  6273 14422 14423  7655 14424
 2365    2850  2590  2858  3244   9590  9588 14425 14426 14427  9587
 2366      65   165  2094  3256  14428 14429 14430 14431 14432 14433
 2367    3058  2751  3586  3662  14434 14435 14436 14437 14438 14439
 2368    2463  2048  3679  3815  11475 14440 14441 11479 11478 12209
 2369    1119  1546  1852  3844   6498  6497 14442 10383 10385  6502
 2370    2671   962  2897  3345  14443  5256  7941 14444  7942  7577
 2371    1787   924  2337  3815  14445 12758 14446 14447 14448 14449
 2372     950   973  2940  3992  12055  8431 10855 14450 14451  4504
 2373     651  2368  2336  3243   9488  5453 14452 13751 13749 14453
 2374    3652  3368  3846  3960  11376 14454 14455 10567 11377 14456
 2375    2016  1061  3444  3678   7114 14457 14458  9903  4601 14459
 2376    2673  2670  2964  3308  14460  6922  6920 10168  6919 14461
 2377    1136  2904  2949  3600  14462 14463 14464 14351 14465 14466
 2378    3506  2508  3505  3556  14467 14468 14469 14470 10518 14471
 2379     843  2991  3154  3861   4758 14472 14473  7651  7649 14474
 2380     583  2084   297  3462   8333  5812 14475 14476 14477  8331
 2381    2768  2937  3332  3458   5738 14478 14479  9679  9680 14480
 2382       6   294  3256  3288   4040 13744 14481 14482 14483 14484
 2383    1207  1635  1634  3250  13702  7383 14485 14486 14487 14488
 2384    1535  1374  1115  2855  14489 14490 14491 14492  6342 14493
 2385     122  2187  1282  3137  14494  5403 14495 14496 10530 14497
 2386    2386  3361  3720  3764   4454  4458 14498 14499  9521  4457
 2387    1766  2198  1051  3048  11010 10768 14500  4580 14501 14182
 2388    2198   499   546  3329  14502 10153 10151 14503 10150 14504
 2389    1346  2726  2962  3394  14505 14506 14507 14508 14509 14510
 2390     194  1214  3399  3552  14511  7623 12656  8391 12655 14512
 2391    3175  3747  3783  4014  14513  4907 14206  4640 11312  6666
 2392    2475  1093   703  3443  10347 10346 14514 14515 14516 10349
 2393    2600  2787  3062  3742   4284 10978 10976 14517 10975 13124
 2394     727  1385  3334  3637   8338 14518 14519 14520 11946 14521
 2395    2098   849  2849  3044  14522  5716 14523 14524 14525 14526
 2396    3538  3497  3556  3569  14527 14528 12296  9941  5431 11371
 2397     881  2355   587  3266  14529 11033 11031 14530 11030 14531
 2398    1423   114  2387  2816   7916 14532 14533  7731 14534 14535
 2399     187  1885  1100  3854  11188 11192 12022 14536 12021 11191
 2400      37   812  2633  2677   6235 14537 14538  7517 10895 14539
 2401     268  1753  2175  2930  14540 14541 14542 14543 14544 14545
 2402    1518  2928  3100  3599   4929 14546 14547  4934  4930 11571
 2403    2775  2667  2899  2989  14548 11778  8134  8130 14549  4997
 2404    2757  2622  3422  3447  10801  9072  8058  6465 14550 12223
 2405    3043  1542  3080  3179  14551  4148 14552 14553 14554 11233
 2406    3277  3296  3805  3880   6210  5293 14555  4963 14556 14557
 2407    2845  2763  3036  3266   9265 13542  9827 14558  7092  6938
 2408    3201  3323  3444  3882  14142 14559 14560  7111 14143 14561
 2409    3188  3078  3212  3328   6633 11187 14562 14563  5329  6038
 2410     719  1068  3348  3466  14564 14565 14566 14567 14568 12477
 2411     333   936  1018  3268  14569 14570 14571 14572 14573 14574
 2412    1458  2041  2552  3661  10742 10740 11241 14575 11240 10739
 2413    3319  2878  3479  3757  10542 10545 13450 14576 14577 10544
 2414     462  1853   465  3369  14001 14578 11297 14006 14002 14579
 2415    2640  2658  3665  3929  14580 14581 12093  8095 14582 14583
 2416    2745  2636  2746  2876   4779 14584  7946 11528 11529 14585
 2417     710  1805   112  2907  10678 11694 14586 14587 14588 11693
 2418    3119  3607  3636  3676  10965 14589 12240 10966 10967 14590
 2419    3267  3580  3629  3908   4171  4169  9676 14591  6004  4168
 2420     596  2054  1237  2973  14592 14593 14594 14595 13644 14596
 2421     240  2769  3284  3836   6924 14597  6394  6397 14598  6395
 2422     817  1918  1029  3393  10551 10548 14599 13458  4039 10549
 2423    1126   469  1718  3239   6051  4122  4120 14292  4119 14600
 2424    1098  2846  3648  3718   8455 14601 14602  7544 14603 10752
 2425    2216  2368  1584  3243   8245  8242 13750 14604 13749  8243
 2426    2650  2963  3068  3354  14605  8048 13915 13913 14606 13916
 2427     541  3821  3862  4019   7454 14607 14608  7459  7455 14609
 2428    1824  2671  2705  3345  14610 14611 10466 10465  5256  4245
 2429     909  3067  3202  3944  14612  4338 10292 14613 13379 14614
 2430    1827   125  3636  3900  14615  4473 14616 14617 14618 14619
 2431    2980  2841  3803  3853   5318 14620 14621  8783 14622 14623
 2432    2109  1226   930  3444   9907  5909 14624 14625 14626 14627
 2433    1839   550  3394  3961   9691 14628 14629 10847  7506 13781
 2434    2278  2277  3049  3823  14630  9281 14631 14632 14633 14634
 2435    1918   269   604  3816   4038  4035 14635 11082 14636  4036
 2436     695  2256  1914  2969  12504  4547  4551 12503  4546 14637
 2437    2128   589  1836  3536  12546 10015 14638 12622 12623 14639
 2438    1586    79  1424  3844  14640 14641 14642 14643 12592 14644
 2439    1707   945  1096  3757  14645  9510 14646 14647  5610 14648
 2440    1389  3200  3286  3401  14649 11499 11502 14650 11498 14651
 2441    2678  2625  2706  3627   9297 14652  9175 14653 13240 14654
 2442    1633   946  2770  2809  14655  6192 14656 14657 14658 10071
 2443    2514  2512  3153  3596  14659 14660 14661  7130 14662 14663
 2444    2882  2622  3191  3297  14664  8981  8061  8057 14665  8056
 2445    2961  3643  3880  3950  14666  9380  9383  9635  9384  6916
 2446     529  1949  3745  3846  14667 14668 14669 14670 14671 14672
 2447     432  1390  3467  3619   5790  8677  8675  9780  8674  6043
 2448    2347  1695  2317  3592  14673  9860 14674 14675 14676 14677
 2449    2036  1757  3131  3813  10563 14678 13672 10806 14679 14680
 2450    1511  1481   432  3467   6043  9781 14681 14682 14683  9782
 2451    2606  2663  2671  2897   7577 14684  5872  5875 14685  5873
 2452    3153  3150  3523  3524  11197 14686  4868 13251 14366 14687
 2453     438  2705  3301  3773  11122 11124  7169 14688 14689  8453
 2454     472   101   482  3927  11685 14690 14691 14692 14693 14694
 2455     444  2110  2440  3549  10825  7624 14695 10829 10826 14696
 2456    1507   535    90  3043  11238  4989  4992 14697  4993 14698
 2457    1232  3607  3614  3635  14699 14700 10645 10642 14701 10646
 2458    2942  1692  3164  3669  14702 14245 14703 14704 14705 14706
 2459     652  3842  3851  3889  14707 10630 14708 14709 13320  9079
 2460    2827  2917  3176  3277  14710 14711 13038 14712 10650  8850
 2461     129  1543  2116  3285   6843  6842 14713 14714 14715  6847
 2462    2779  2335  2983  3354   8976  9715  9718 11850  9719 14716
 2463    2629  2902  3134  3423  14717 14718 14719 14720  5394 13239
 2464     889  2430   701  3535  14721 14722 14723 14724 10728 14725
 2465    1492  1314  2737  3553  14726 14727 14728 14729 14730 14731
 2466    1432  1387  3106  3308   6918  9103 14732 14733 13895  9102
 2467    1623  1596  3149  3647  10273 14734 14735 14736 14737 14738
 2468    2622  2739  2882  3422  12224  6465 14739  8979 14740  8061
 2469    2123  2122  2986  3155  11715 11718  9560  9557 14062  9561
 2470    1589  2459   577  3859  14741 14742  8635 14743 14744 14745
 2471    2357  2358   862  3536  10016 14746 14747 10017  9713 14748
 2472    1673   258  1840  3380   6991  8436 14749 14750 14751 14752
 2473    2482   153  3649  3734  14753 14754 14755  6605 14756 14757
 2474    3342  2675  3551  4001   4388  4392 10661  8088  8084  4391
 2475    2106    29  2152  3704  13986 14758 14759 14760 10096 14761
 2476    1556  1149  3884  3986  14762 14763 14764 14765 14766  5266
 2477    2099   277   314  3673  14767 14768 14769 14770 14771  6108
 2478     336   820   337  3278   5029  5027 14772 14773 14774  5026
 2479     927   788  2853  3491  14775 14776  9474 14777 14778  9565
 2480    3019  3018  3490  3836  13364 14779 14780 14781 14782  4185
 2481    1809  1681  1649  3744  14783 14784 14785  5142 14786 14787
 2482    1804  1951  3347  3927   7192 10501 10504  7197  7193 12634
 2483    1712  2260  3120  3600  14788 10510  7395  7391 13291  7390
 2484    3121  2757  3684  3800  14249  7599  7986  5424  7985 11035
 2485    1456  2989  3295  3383  11589 14789  7673  7671 14790  7674
 2486    2413  2056   909  3944   4338  8605  8603  4337  4334 14791
 2487     655   594   866  3654  13776 14792  9899 14793  6123 14794
 2488     237  1066  3459  3632  14795  8548 14796 14797 14798 14799
 2489    2893  3221  3350  3374  13081 10000  4444 14800  7513 12564
 2490    2608  2688  2877  3792   5481 14801 14321 12563 12561 14802
 2491    1131  1503  3855  3889   5099  9419  9418 14803  6595 14804
 2492    2384  1938   258  3432  12204 14007 14805 14806 14807 14808
 2493     776   811    23  3248  14809  9696 14810 14811 14812 14813
 2494    2681  1281  2815  3787  14814 14815 11612 11794 14816 14817
 2495    2320  2915  2982  3138   4836  6114 10365 14818 10366  9403
 2496     760  1870  1974  3980  14819 14820 14821  4786  6228 14822
 2497    2495   162  1577  3041   9120  9117 14823 14824 14825  9118
 2498    2115  1179  2826  3294   9173  4098  9931  9933 14826  9930
 2499    3041  1577  3097  3492  14827 13992  9120 14828 14829 13477
 2500    1710  2300  3774  3981  14830 12831 14831 12116 14832 14833
 2501    2335  2090  3214   853  14834 11098 14835 12574 14836 14837
 2502    1124  1195  2862  3997  11280 14838  8923 14839 14840 14841
 2503    1331  2566   791  3920  14842 14843 14844 14845 14846 14847
 2504    3663  3159  2942  3802  14246 14848 14849 14850 10941  8072
 2505      96  1644   962  2671   7941 14851 14852  7940  5259 14853
 2506    1277  1274  2936  3034   5899 13557 14854 14855 14856 13556
 2507    2355   587  3266  3639  13903 13905 14530 14529 14857 11030
 2508     101   399  2471  3927  14858 14693 14859 14860 14861 14862
 2509    1291  2204  2208  3572  14109 14863 14864 14865 14866 14867
 2510     485    68   681  3769   5805 14868 14869 14870  8701 14871
 2511    2814    48  3515  3516  14872  7367 14873 14874 14875  9605
 2512    1426  2193   417  3139  14876  7151 14877 14878  6305 14879
 2513    1687  1957  1922  2649  11061 12258 14880 11060 11063 12257
 2514    2429   276   429  3837  14881 13927 14882 14883 10705 14884
 2515    2720  2626  2759  3474  14885  8753  8755 14886  8756  8588
 2516    2858  2941  3029  3244  14887  9590 14888  7663 14889  7479
 2517    2623  2617  2754  2834   9061 14890 14891 14892 14893 14894
 2518    2319  1752  1593  3285  12823 14895 14896 12828 12824 14897
 2519     847   704   106  2930  13481 14898 14899 14900 14901 14902
 2520    2456   822  3476  3767  12249  4080  4078 14903  4077  9600
 2521     771   770  1175  3304  11165 14904 14905 14906 14907 14908
 2522     902  2343   260  3602   4409 13445 14909  4408  4411 13449
 2523     871  2238  2191  3203   4587 14910 14911 14912 11154 14913
 2524    2262  1517  1570  2671  10467  7579 14914 14915  6387 14916
 2525    2600  1082  2985  3137  12976 13125  8512  8509 12977  8508
 2526    2372   661  3079  3101  11467 11089 14917  8474 11468 14918
 2527    2791  3094  3108  3194  14919  4662 14920 14921  5537 14922
 2528    1026   934  3190  3726  13145 14923 14924 13146 13148 14925
 2529    1489   466  1505  3106   9013 10043 14926 14927 10381 10044
 2530    2613  2927  3032  3039  12598  6133  9421 14928  5119 11585
 2531    2795  3349  3609  3619  14929  5794  5792 14930  5791 10727
 2532     621   307  3349  3619   5791  7992 14931 14932 14933 14934
 2533    3201  3188  3535  3682   9092 14935 14936  9091  9094 13588
 2534    1786  2867  3394  3786  14937 14938  7571 13780  8862 13782
 2535    3052  2696  3120  3408  14939 14940 12527 14941 14942 11690
 2536    2447  2170  2549  3941   5727  5724 14943 14944 14945  5725
 2537    3437  3262  3482  3941   5728  9832 14946 14947 12003  9833
 2538     517   380  2137  3402  12374  5281 14948 12375  9536 14949
 2539    1155  2240  2935  3379   5634  4554 14950  5633  5630 14951
 2540    2848  2982  3138  3401   4831  5460  5462  4836  4832 14952
 2541    1487  2036  3219  3813  14953 14954 12086 14955 14678 14956
 2542    2598  2857  2975  3181  14957 13141 12783  8895 11274  5504
 2543    2672  2791  2853  4011  14958  7462 13143 14959 12060 14960
 2544    2381   817   488  3657  14961 14962 14963 14964 14965 12388
 2545    3362  3132  3824  3882   9122 14966 14967  6989  4731 14968
 2546    2640  2664  2976  3929  14969 14581 14970 14971 13407 12095
 2547    1838  1563  3035  3667   7278 14972 14973  7314 14974 12933
 2548    2661  2816  3612  3693  11728 11730  6462 14975  4394 11729
 2549     893  3418  3425  3742  13708 14976 14977 14978  4280 11002
 2550    2670  2706  2886  3980   4226  5061  9295 14979 14980  5062
 2551    3088  3722  3738  3819   4507 14981  4890  5100 12475 12074
 2552    1184  1401  2907  3723  10673 12445 12449 13934 12444 14982
 2553    2920  2722  3280  3292  14983 14984  6661 13617 14985 11939
 2554      79  1119   345  3844   6501 12592 14986  6500  6497 14987
 2555    2065  2273  3131  3288  10647 10946 14988 14989 13741 10945
 2556    2649  2951  3260  3289  14990 14991 14992 14993 14994 14995
 2557    2734  2591  2776  2947  14996 14997 14998 14999 15000 15001
 2558     434  2274  2949  3399   8394 15002 15003  8393  8390 15004
 2559    2696  2952  3120  3408  14939 14942 15005 10029 15006 14941
 2560     772  2926  3176  3277  14710 10654 15007 11617  6027  9966
 2561     708  2457  2864  3927   7196 15008 15009  5549 15010 15011
 2562    3365  3424  3707  3959   4364 15012 15013 12865  4983 15014
 2563      89  1827  3636  3900  14615  4476  4474 14619  4473 15015
 2564     103  1554   511  3563  15016  4541 15017 15018 15019 15020
 2565    1019  3150  3551  3706   4664  8814 15021 15022  4870 13088
 2566    3939  1970  3945  4026  13907 15023 15024 13912 13908 15025
 2567    2907  2881  3052  3381  15026 10073 11798 11689 15027  5339
 2568    2604  3146  3167  3228   4965  4969 13605  9787  9784  4968
 2569     708   880  2864  1217  15028 15029 15030 10216 15031 15011
 2570    3166  3348  3613  3626  15032  9670 15033 15034 15035 15036
 2571    3024   864  2080  3369  14005 15037 15038 15039 15040 15041
 2572    2890  2706  3342  3627  10659 13820  9647 10663  9297 15042
 2573    3340   850  3984  3985  15043 13954 15044 15045 15046 15047
 2574     956   954  3833  3976  14260 14258 15048 15049 15050 14257
 2575    2614  2589  2725  3603  10771 15051 15052 10776 10772 13334
 2576    1313  2694  2855  3603  15053 15054 15055 15056 15057  4273
 2577    2783  3142  3170  3407   8321  7619 15058  9317  9313 15059
 2578    1945   353  3115  3402   7444 13506 13507  7445  7446 15060
 2579     561  1785  3383  3395   9651  8408  8411 15061  7005  9652
 2580    3100  2921  3436  3599  15062  4929 15063  8835 11333  6706
 2581    2962  3576  3679  3815  11475  6854  6857 12212  6853  4404
 2582    2760  2688  2813  3329  12310 15064  5288 13669 15065 15066
 2583    1211  2182  3225  3537   8234 12907 12905 15067 12904 15068
 2584     732    61  1559  3613   9159  7876 13906 15069 13300  9163
 2585     294  1749  2887  3288  15070 14483 15071 15072 15073 15074
 2586     332  1578  1117  3295   4747  4746 13347  6083 13346  4751
 2587    3214  2335   853  3354  11094  8972 14837 11098  9719 14834
 2588    3219  3162  3769  3961  15075 15076 15077 15078 15079 11637
 2589    2805  2627  2878  3479  14576 15080 15081 15082 15083 15084
 2590     583   297  1601  3066  10760  8334  8331 15085  8332 15086
 2591     935    91  2375  3756  12185 15087 15088 14220  5613 15089
 2592    2106  2152  3289  3704  10314 14758 14761 13989 13986  8572
 2593    1277  2623  3147  3909  15090 12587 15091 13640 15092 15093
 2594     146  1448  3576  3679  12212 15094 15095 12377 13247 15096
 2595     607  2179  1423  3612  15097  4705 12689 15098 12690 15099
 2596    1957  1122   494  3093   8992 15100 15101 15102 15103 12294
 2597     649   748  2828  3222  15104 11814 15105  7837 15106  7659
 2598    2830  3235  3568  3885  15107 15108  7902 11940 12614 15109
 2599    1179   378  2826  3294   9173 14826 15110 15111  9497  9933
 2600    1659  1888   690  3476   6559 10981 15112  6558  6561 10982
 2601     232  2136   544  3438   4125 15113 15114  4126  4128 15115
 2602    3536   589  1744  2358   9711  9713 12623 15116 15117  9710
 2603    2930  2757  3684  4004   6116 15118  5422  5424 15119  5421
 2604     394  3200  3240  3664  15120 15121 13544  7943 15122  5879
 2605     356   360  3207  3475  12791 13354 13353 15123 12034 15124
 2606    3771  3683  3907  3946  11784 11787  6020  6016 15125  6015
 2607    1970  1767  3940  4026  15126 13908 15127 15128 15129 15130
 2608    1893  1721  2254  3592  10260 15131 15132 15133  6272 10527
 2609    1693   282  2001  3535  15134 15135 15136 15137 15138 15139
 2610    2352  1131  3855  3889   5099 15140 15141 14804  9419 15142
 2611    2900  2961  3337  3653  15143 13602 15144 15145 13398 15146
 2612    1065  1394  1999  3161  14198 11388 15147 15148 15149 15150
 2613    3040  3378  3747  3775  13676 15151 13029 13027 15152 13030
 2614    1587   763  3184  3548  12439 15153 15154 15155 15156 15157
 2615    1992  2011  2908  3859  15158 14381  7318  7320  9575  7317
 2616     552  1036  1646  3673  10952 15159 15160 10953  6429 15161
 2617     748   422   649  2828   7659  7837  7840  7658  7661 15105
 2618    3430  3688  3713  3892   5583 15162 15163 15164  7345 15165
 2619     388   586  2669  3123   9126 15166 11597 11599  7929  6371
 2620    2787  2597  3062  3095   4282 15167 15168 12053 12052 14517
 2621    2784  2818  2870  3881   5251  8834 15169  5252  5254 15170
 2622    2287   308  1444  2832   6597  7465 11509 15171 11510  7466
 2623    3117  2731  3360  3913  15172 15173  7234 15174  8356 15175
 2624    2784  2870  2990  3100  15176  4932 15170  9962  9441 15177
 2625     972   454  3072  3255   8534 15178 15179 15180 15181 13585
 2626     197  1118  3286  3401  14649 10419 11811  6655 15182 15183
 2627     773  1628  2950  3081  15184 12352 12349 12364 12350 12362
 2628    1727  1117  2779  3295   9136 15185  4906  6084  4747 14330
 2629    1313  2694  2699  3480  15186 15187 15055 15188 15189  4270
 2630     447  1030   461  3608   6703 15190 15191 15192  8500 15193
 2631    2913  2907  3370  3428  15194 15195  4916 15196 15197 15198
 2632    2339   438  2705  3301  14688 14296  7171  7169  8453  4248
 2633    1097  1985  1976  2779  13209  7221 15199 15200 14336 15201
 2634    2912  3373  3593  3668   8181  8903 15202  8180  8183  8902
 2635    2663  2592  2844  3226  15203 15204 15205 15206 15207 15208
 2636    3224   662  3390  3988  15209 15210 15211 15212 15213 15214
 2637    2040    36    35  3709   9663 13873 13871 11391 11393 15215
 2638     997   923  2822  3233  15216 11673 15217  6806 15218 15219
 2639    3694  3279  3899  4012   9730 10164  6334  6330  5092  6329
 2640     867   921  3034  3147  13225 14092 13888 15220 13184 14091
 2641    3705  3435  3887  4027  11722 11726  4811 11761 13764 11725
 2642    3166  2894  3348  3626  15035  9670  9667 15221  9668 15033
 2643    2928  2784  2990  3100  15176  4934  4931 15177  4932 15222
 2644    2723  2670  2886  3438  15223 12019 13004  5062 15224 13005
 2645    3759  3225  3794  3840  12935 12939 15225 15226  8230 12938
 2646    2604  2674  2676  3297  15227 13606 15228  6146  8713 15229
 2647    1531   113  3204  1380  13892 15230 15231 15232 15233 13183
 2648    1086  2135  1572  3376   9198 15234 15235 15236  8971 15237
 2649    2595  1262  2663  2774   9038 15238 15239  5440 15240 14018
 2650    1100   487  2092  3854  11189 11188 15241 12419  6943 11193
 2651    3115  3091  3311  3639  15242  9084  5502 15243 15244  7447
 2652    3124   356  3207  3475  12791 12793 15245 15124 13354  4699
 2653    2950  2757  3081  3684  12347 11036  9073 15246  5424 15184
 2654    2976  2658  3259  3870  15247 13231 12092 15248 15249 15250
 2655     661   663  2944  3300   4568  8473 15251 15252 15253  5629
 2656    2874  3052  3156  3252   7125  7123 15254 15255 15256  7122
 2657    1844  1845  3217  3440  15257 15258  4163  4160 15259  4164
 2658    2441  1855  1856  3549   6715 15260 15261  6716  6718 15262
 2659    3299  2926  3387  3868  12307  9445 11620 11616 11015 11615
 2660     735   293  2133  3245  13532 12956 12958 15263 11756 15264
 2661    2526  3518  2527  2814  12306 12305 15265  8030  5178 10729
 2662     545  1510  1995  3345  11081  5257 15266 15267 15268 15269
 2663    2213  2482   606  3649   8998  5201 15270 15271 14757  8996
 2664    1541   946  1633  2809   6192  6808 15272 14656 14658 15273
 2665    1905  1908  2817  3124   4702 15274 12344 15275 15276 15277
 2666    2630    37  2633  3704  10315 10615 10613 14539 10612  7516
 2667    1869  1650  2910  3773  15278 15279 15280 15281 15282 10387
 2668    2805  2641  2852  2972  15283  5457 15284 12549  4291 15285
 2669     474  2338  3731  3893  11720 15286 15287 15288  5939 15289
 2670    2402     5    65  3256  14429  4045  4042 15290  4043 15291
 2671     611   612  3616  3865  12071 15292 15293  5058  9909 15294
 2672    1499  2964  3243  3718   5785 15295 15296  5786  5788 15297
 2673    2128  2358   589  3536  12623 10015 10018 15117  9713 14638
 2674    1492  1314  2618  2767  15298 15299 14728  7104 15300  6745
 2675    2849  1643  2910  3666  15301 15302 15303 15304 15305  4655
 2676    1144  2382   180  2764   8503  6369 15306 15307  6256 15308
 2677    3481  2071  3657  3816  10868 15309 15310 15311 15312  9179
 2678    3230  3454  3821  4032   7287 15313 15314 15315 15316 14243
 2679    2891  3168  3489  3954   4274 15317  9067 15318 15319  5416
 2680     453  1227  1085  3760   9765 11565 15320 15321  5155 11566
 2681    2762  2815  2936  2807  15322 15323 15324 15325 15326 15327
 2682    1467   682  2920  3883  10777  6300  6304  5413  6299 15328
 2683     111   914  3183  3214   7899 15329 12270 12268 12577  5659
 2684    2596  2634  2832  2840   9626  7855 15330 15331 14187 15332
 2685    1140  1091  3620  1861  15333 15334 15335 15336 15337 15338
 2686    1383   701  2001  3535  15134 15339 15340 15341 14721 15342
 2687    3002  3003  3153  3695   4871  7067 15343 15344 10067  7066
 2688    2289  1047  3811  3975  10133 10694 15345 15346  5496 10693
 2689    2631  1314  2737  2767  15347  4102 15348 14729 15300 15349
 2690     712   711   126  3155  14065 15350 15351 15352 15353 15354
 2691    2486   627  3179  3422   7040 13755 15355 15356 15357 15358
 2692    3359  3351  3478  3762  11436 12816 15359 11437 11439 15360
 2693    2105   181  3279  3906   9494 12761 15361 15362 15363 15364
 2694     965  1921  3365  3412   6205 15365 15366 13719 13715 15367
 2695    3389  3140  3908  4022  15368 15369 15370 15371 15372 15373
 2696    3422   108  3585  3995  15374 10631  7526  9431 15375 15376
 2697    3316  3039  3749  3997   8769 11276 15377 13963 15378  8737
 2698    2697  2624  3319  3571  15379 15380 13452 13454 15381 13451
 2699     307  2362   201  3331  15382 15383 15384 15385 15386 15387
 2700    2906   593  3056  3083   4085 13611 13660  7959 15388 13659
 2701    2723  2670  3092  3297   8457 13006 13004 15389 13003 15390
 2702    1878  3507  3506  3493  15391 15392 15393 15394 15395 15396
 2703    2787  2924  3418  3443   8842 15397 15398  9351  8138 15399
 2704    3593  1246  3668  3937   8178  8182 15400 15401 15402  8181
 2705    1789   925  3329  3540  15403 15404 15405 15406 15407 15408
 2706    3447  3458  3621  3995   8368 15409 15410 15411 15412 15413
 2707    2282   401  3145  3203  15414 15415 15416 15417 15418 15419
 2708    3037   594  3047  3943  11011  8053  6127 12156  8055  9640
 2709    1350  1687  3099  3548  15420 15421 15422 12259 15423 15424
 2710     558   844  1958  3813   6102  6753 15425  6101  6098 15426
 2711    2740  2726  2743  2845  15427 15428 15429  6374  9824 15430
 2712    2765  2906  2963  3354  14606  8045  7008  5651  5226  7009
 2713     390  2295  3399  3477  13311  4257 15431 15432 12450 15433
 2714    3249  3152  3307  3416   9000  9003 15434 15435 15436  9002
 2715    1831  3158  3605  3620  15437 15438 13998 13996 15439 13999
 2716    3080  2739  3297  3648   8460 15440  8982  8711  7545  8978
 2717    3229  3238  1224  2603   4767  4764  6168 15441 15442  4768
 2718    2964  2625  3243  3627   5789  5787 15443 14252 13240  5786
 2719    1897  2561  3579  4021  15444 15445 15446 15447 15448 15449
 2720     510   854  3238  3392  15450 15451  9868  7699 11255  9869
 2721    2500  3025  3026  3369  13511 13510 15452 13769 15453 11101
 2722     905  2445  2857  3744  15454  6581  6584  8786  6585  8785
 2723    2273  2402  3131  3288  10647 13741 15455 15456  4041 14989
 2724    3414  2938  3707  4002  15457  7872 15458 15459 15460 15461
 2725    3818  3631  3845  3891  15462 15463  8882 15464 15465 15466
 2726    1946  1408  1988  3600   9882  9881 15467 15468 15469  9886
 2727    3154  1571  3616  3635  10424 10428 15470  5055 15471 10427
 2728    1999  1394   143  3161  15472 14198 15148 15473 15149 15474
 2729    2662  2651  2700  3257  15475 15476 10141 10144 15477 10142
 2730    1466  1374  1677  3583   7542  7539 15478 15479 15480  7540
 2731    1603  1594  1617  3336  15481 15482 15483 10100 15484 15485
 2732     686  3002  2872  1660  15486 15487 15488  7065 15489 15490
 2733     467  1391  1524  3158  15491 15492 15493 15494 15495 15496
 2734    2958  3049  3147  3403   8267  8265 15497 15498 15499  8264
 2735    3557  3088  3629  3633   9584  9582 12073 15500 15501  9581
 2736    3187  3176  3387  3719  11113 10409  6562 11619 10410 15502
 2737    2148  1558  3467  3898   9870  7226 15503 15504  8889  9873
 2738    1547   741  2442  3049   8446 15505 15506  8445  8448 15507
 2739    1847  1200   527  3282  15508 15509 15510 15511 13010 15512
 2740     601  2360  2346  3381  15513 15514 15515 15516 12287 15517
 2741    2124  1694   366  3603   9364  9362 15518 15519 15520  9361
 2742     370  1139  3847  3903  10246 15521 15522 15523 15524 15525
 2743    2580   492   493  2753  15526 15527 15528 15529 15530 15531
 2744     460   350   676  3308  12680 15532 15533 12679 12682 15534
 2745     110  2095  2808  3211  15535 15536 15537 15538 15539 15540
 2746    2625  2706  3106  3433  10378 13784 14653  9296  9646 13242
 2747    2675  2794  3150  3551  15022  8088 15541 15542 12191 15543
 2748    2095  1598  2808  2897   5475 15544 15545 15546 15547 15538
 2749     222  2864  2928  3251  13878  6995 15548 15549 15550  7480
 2750    1237  1998  2693  3144  15551 15552 15553 15554 15555 15556
 2751    2361  2824  3076  3715   4358 15557 15558 15559 15560 15561
 2752    2870   656  2990  3100  15176  9441 11816 15562 15563  9962
 2753    3079  3165  3232  3331  15564  4567 15565  8650 15566 12840
 2754    1217  1146   880  3251  15567 15568 15569 15570  6999 15031
 2755    3424  3365  3707  3915  15571 15572 15013 15014 15573 12865
 2756    3037  2605  3047  3654  12153  6122  9639  9607 14061  9640
 2757     164  2245  3882  3987  14011  7351 15574  4739 13836 15575
 2758    2762  2666  2768  3447   4299 15576 15577 15578 15579 15580
 2759    2349  1172   868  3561  12536  5565 15581 15582  6722 12534
 2760    1655  1654  3218  3388  15583 15584 15585 15586 15587 15588
 2761    1163  2673  2964  3308  14460 15589 11710 14461  6922 15590
 2762    2241  1730  1142  3558  15591 15592 15593 15594 15595 15596
 2763    3130  2945  3397  3872  15597 15598 15599 11091 15600 12068
 2764    2643  2609  3792  4011   5369 15601 12164  7463  7460 11647
 2765     472  1950  2457  3591   5545 15602 15603 15604 15605 15606
 2766    1871    83  1038  3756  15607 13629 15608  8355 15609 15610
 2767    2442  1547  3049  3147  15498 15611 15507 15505 15612  8446
 2768    3878   425  3925  4027  15613 15614 15615 15616 15617 15618
 2769    1078  1135  2963  3354  14606  8943  8946 15619  8942  7015
 2770    1198  1679   244  3859   6279 15620 15621  9576  9577 15622
 2771    1664   772  3277  3296  14555 15623 10652 10654 15624 10651
 2772     511  1658  2076  3122  14389 14386 15625 12837 15626 14387
 2773     600  1469  3068  3295   8135  5797  4684  4686  5796  4683
 2774    2855   501  3446  3603  15627 15053 15628 15629 15630  8691
 2775    3542  3745  3746  3970   6367 15631  8051  8050 15632  4238
 2776    1762  3083  2192  3276  15633 15634 15635 15636 10042 15637
 2777     368   367  3452  3710  15638  7536  7534 15639  7533 15640
 2778     254  1211  3225  3537   8234  8232 14285 15068 12907  8231
 2779    3249  3537  3819  4005   4370 15641  4345  4375  4371 15642
 2780    2372   753  2868  3101  11085 11089 15643 15644 15645 11088
 2781    2631  2767  2856  3182  12358  4104  4102 11554  4101 15646
 2782    2696   364  3496  3712   6950 15647 15648  4064  6951 12528
 2783    2640     0  2797  2976  12091 12095 15649  6490 15650 12094
 2784    1035  2198  3048  3329  15651 10149 10152 14501 10153 10117
 2785    2625  2115  2826  3294   9173  9177 13192  9930  4098  9176
 2786     359  1245  2654  3617  15652  4826  4830 15653  4825 15654
 2787    2606  2661  3192  3457  15655  6875  6540  6543  6873  6541
 2788    3199   391  3675  3868  11014  9449 11531 15656 11532 11017
 2789    2148  3349  3467  3619   5790 12290  9872  5795  5791  9873
 2790    1179    56  2826  3615   8931 15657 15658 15659  9048  9933
 2791    2627  2732  2782  2878  15660 15082 15661 15662 15663 15664
 2792     919  1068   555  3466  15665 15666 15667 15668 14568 15669
 2793    1227  1445  2244  3169  13488  5159  9191 13487  9190 15670
 2794     241  2306  3656  3990  12141 15671  5050  5052  6956  5049
 2795    3117  3560  3707  3711  15672 15673 10590 15674  5414 15675
 2796    1547  1531   468  3147  15676 15612 15677 15678 13182 15679
 2797    2662  2599  2665  3185  14082 15680 15681 15682 15683 15684
 2798    1110  2170  2551  3941  15685  5731 15686 15687 14945 15688
 2799    2695  2760  3072  3160   9570 15689 15690 15691 15692 11370
 2800     203  1532  3094  3599  11331 15693 15694 13947 13944 15695
 2801    1375  1194  3862  3887  11727 15696 15697 15698 15699 15700
 2802    1006  2827  2917  3128  15701  8193 13041 13038  5636 13042
 2803    1356   385  3545  3912  15702 15703 15704 15705 15706 15707
 2804    1395  1197  2535  3895  15708 15709 15710  8005 15711 15712
 2805    1305  1846  1303  3571  15713 15714 15715 15716 15717 15718
 2806     480  3622  3783  3913  12407 15719 15720 15721  6243 15722
 2807    1831   401  1574  3145  15723 13997 15724 15725 15417 15726
 2808    3254  3201  3305  3881   9158 10342 13590 12741 15727 15728
 2809    1398    73  2180  3473   6774 15729 15730 15731  9349 15732
 2810      42  2973   596  3568  15733 13970 15734 14593 15735 15736
 2811    2439  2763  3266  3367  15737 15738 10060  7092 15739 10061
 2812    1553  1083  2648  2703  15740 15741 15742 15743 15744 15745
 2813    2437   394  2565  3240   8074  5881  5878  8078  5879 15746
 2814    1337  2417  1684  3185  10195 10192 15747 15748 12809 10193
 2815     856   740   741  3710   8444 15749 15750 15751 15752 15753
 2816    2635  2844  3055  3996  15754 15755 15756 15757 15758 15759
 2817    1021  1448   715  3576  15760  9740 15761 15762 12377 15763
 2818    1786   270  2867  3786   8862 14938  7576  7572  8863  7571
 2819     718  1794  2320  2982   9403 15764 13624  9402  9400 15765
 2820    1047   213  3079  3253   4387 15766 12725 12728 15767 12726
 2821    2373  2939  3084  3232   8648 12413 15768 15769 12841 12412
 2822    1657  2470  1444  2727   6601  6599 15770 15771 10864  6598
 2823    1822   848    97  3316  12314  8742 15772  6627 15773 12312
 2824    1048   634   498  3269  15774  9819  9822 15775  9818 15776
 2825    1148   557   198  3848  15777 15778 15779 15780  4532 12280
 2826    1884  1675  3459  3477   7710 10450 11025  7715  7711 11021
 2827    2953  3221  3777  3834  15781  7607  9434  9436 15782  6086
 2828    1758  3118  3337  3562  15783 15784  9464 15785 15786 15787
 2829    2503  3024  3025  3369  15453 15788 15789 15790 15037 15791
 2830    1070   996  3400  3823   8774 15792 15793 15794 15795 15796
 2831    2860  3264  3758  3879  15797 15798  5241  5238  5970  5242
 2832    2707  2704  3088  3265  14012 11755  6769  4893 14013 10609
 2833    3230  3705  3821  3867  15799 15800 14242 14244 15801 14243
 2834    2842  3145  3158  3605  13996  6316  6320 14000  6315 15802
 2835    2575  2302  2303  3659  15803 15804 15805 15806 15807 15808
 2836    2424  1173   568  3316  15809 11281 15810 15811  8740 15812
 2837    1347  1483  2086  2677  15813  9454 15814 12459 15815 15816
 2838    2353   573  3154  3861   4758 13244 15817  8611 15818 13245
 2839     361   359  2654  3272  15819 15820 15821 15654 15822  5187
 2840    2363   202  3117  3320  10588 15823 15824 15825 15826 15827
 2841     613   453  2425  3108   9005  6868 13492  9010  9006 11213
 2842    3168  3173  3814  3998   5577 15828 15829 15830 15831 15832
 2843    1360   932   933  3223   4202 10996 10999 15833 11000  4985
 2844    2761  2618  2767  2822  15834 15835 15836 15298  6747 15837
 2845    1499  2452  2368  3243  13749 15297 15838  9814 15839 15840
 2846    2855  2823  3686  3728   9355  4268 11858 15841 15842  4796
 2847    2764  2669  2869  3123  12142 15843  6368 15844  9126 15845
 2848    3839  3683  3847  3946  15846 15847 15848  9969 15125 11177
 2849    2600  2716  3091  3275  15849 14416 15850 15851 15852 10977
 2850    1842   841  2846  3648   7544 15853 15854  8236 15855 15856
 2851     185  2228  2268  3693   9330  4398 15857 11284 11282 15858
 2852    2229  2948  3369  3497   7371  9236 14254  4414 12300 15859
 2853    3131  2402  3256  3288   4040 10647 15456  4045  4041 10565
 2854    3046  2959  3224  3328  13517  5333  6620  6623 15860  6621
 2855    1822  3316  3680  3749  15861  8738  8742 10088  8737 12313
 2856    1563   902  1838  3035  12933  7314  7312 12932  7311 14973
 2857    2441  1856  3356  3549   9023 15260 15262 10735  6715 15862
 2858     347  1544  3672  3890  13727 15863 15864 15865 15866 15867
 2859    2944  3079  3331  3881  15868  9156  4565  4567 12396  4564
 2860    3821  3454  3867  4032  15869  7287 15315  7434 15316 15799
 2861    3386  3088  3557  3819  15870 15871 15872 12073 14981 15873
 2862    3104  2672  2796  2853  15874 15875 15876 15877 14960 15878
 2863    3414  1446  3560  3707  15674 15461 15879  4945 15880 13720
 2864    2672  2609  2921  4011  13142  7462  6608  6611  7460  6609
 2865    2794  3150  3153  3967  15881 15882 15542  4868 14365 15883
 2866    3004  3003  3587  3706   8813 15884 15885 10066 10068 15886
 2867    2380  1467  3109  3338  15887 15888 15889 15890 15891 15892
 2868    2381   488  3393  3657  10870 14962 12388 12391 14961 12389
 2869    2922  2643  3451  4011   8482 15893  8891  8893 15601  8890
 2870     917   968   698  3687  10618 15894 15895 10619 10621 13317
 2871     984  3850  3986  4007  15896 15897  9658 15898 15899 15900
 2872    1374  1162  1115  2855  14489  6342  6346 15901  6341 14492
 2873    1008  1478  2801  3064  11801 15902  6338  6335 11803  6339
 2874    2625  2670  2673  3106   6921 13242 13241  6920  5064 11300
 2875     228  2929  1057  3575  15903 15904 13635  6204 15905 15906
 2876    2727  2669  3182  2631   4104 15907 15908 15909 13649 11558
 2877     415   170  2028  3061   6906 15910 15911 15912  6648 15913
 2878    2675  1055  3167  3766   7469 15914  8085  7474  7470  4970
 2879    3221  3264  3410  3858   6285  4496  5968 10960  5969 15915
 2880     646  2745  3356  3802  15916  9248 15917 10732 15918 14093
 2881    3586  3058  3662  3696  15919 15920 14439 14435 15921 14434
 2882    2599  2861  2924  3066   8142  8140 15922 13844 14162  8139
 2883    2936  2839  3058  3730   8033 15923 15924  8034  8036 15925
 2884    1726  2480   725  3473   6771 10372 10370 15926 10369 15927
 2885    2888  2725  3210  3406  10581 15928 13332 15929 15930 15931
 2886    1149  1556  3567  3986   5360 14766 14764 15932 14763 15933
 2887    3104  2693  3792  4011   5369 15934 15935 15936 15937 15938
 2888      48   648  2814  3276  10815 13000 15939 10816 10818 14873
 2889    2910  2810  3263  3773  15940 15278  4742  4744 15941  4741
 2890     340   809  3259  3325  15942  6571  6569 11897  6568  5004
 2891    1954  1129  2165  2968  15943 12261 15944 15945 15946 15947
 2892     772    46  3176  3187   6562 15948  9965  9968 15949  9966
 2893    3856  3858  3863  3884   5262  4481 15950  4309 15951 15952
 2894    1653   179  3405  3476  12252  9599  9602 15953  9603 12251
 2895      27  2120    26  3274   5851 15954 15955  5850  4723 15956
 2896     594  1171   650  3654  15957  6123 12155 15958 12154 15959
 2897    1909  3146  1075  2344  15960 15961 15962 15963 15964  8568
 2898     963  2468  3203  3397  15965  5814 15966  4590  7524 10455
 2899    1714   136  2886  3980   4226  4230 15967 10050 10046  4229
 2900    1917  2443  3248  3342  15968 15969 15970 15971 15972 15973
 2901     865   475  3338  3883   8874  8871 15974 15975 11952  8872
 2902    2408  1037  2097  3757   9509  9513 15976 11751 15977  9512
 2903    3418  2787  3425  3742  13708  4280 15399 13712 10975 14978
 2904    3187  3152  3647  3719   5335 10409 15978  6841  6837 15979
 2905     458  1341   236  3641   5820  5161 15980  5821  5823  8812
 2906     160  2116  3100  3285   9444 15981 15982 15983  6843 15984
 2907    2332  2343    84  3321  10212 15985 15986 15987 15988 15989
 2908    2724  2801  3243  3718   5785 15990 10701  5449 11141 15991
 2909    1223   639  2808  2897   5475  5479  7819 15992  7818  5478
 2910    2706  2670  3106  3980   5060 14980  9295  5064  5061  9296
 2911    1280  2734  2987  3204  13224 15993  9632  9629 13639  9633
 2912    3254   479  3609  3962   6453  4646 15994  5069  6454 15995
 2913     555  1068   115  3466  15996 15665 15668 15997 14568 10562
 2914     192   619   243  2988  15998 11252 15999 16000 16001 16002
 2915    2737  2864  2928  3591  16003 16004 16005 15549  5544 13881
 2916     850   830  3133  3984  16006 15045 16007 16008 16009 16010
 2917    1767  1970  3939  4026  15023 15129 15127 15024 13908 16011
 2918    2510  3019  3020  3556  10517  5364 16012  4189 16013 10520
 2919    2511  3019  3490  3836  13364 16014 16015  4185 14779 16016
 2920    3208  3404  3929  4032  16017 13938 16018 13403 10908 10434
 2921    1524  1204  1203  3158  16019 15491 16020 16021 16022 16023
 2922     562  3017  2825  1525  16024 16025 16026 16027 16028 16029
 2923    2724  3348  3466  3739   5927 16030 16031 14564 13512 16032
 2924    1141   519  2421  3844   4179 16033 16034  4180  4182 16035
 2925    2621  2622  3071  3447   9734 16036  6466 12057 14550  4980
 2926    1514   962  3345  3996  16037 16038 16039  7942 16040 14102
 2927    2852  2909  2972  3327  16041 11308 11311 16042 11307 15283
 2928    1614  1613  3562  3624  16043 16044 16045 16046 16047 16048
 2929    1547  2834  3049  3147  15498 15612 16049 16050 16051 15505
 2930     764  1130   847  2930  14898  9954 16052 16053 16054 16055
 2931    3524   687  3525  3596  16056  6899 16057 16058  4074 16059
 2932    2102   713  2105  4012  16060  5089 16061 16062 16063 16064
 2933     323   494  2951  3099   8990 16065 16066  8991  8993 16067
 2934     581  2249  3378  3655   6356 16068 16069  6361  6357 16070
 2935    2737  2856  3233  3591  16071 16004 16072  6900 10571 13161
 2936    2363   201  2362  3331  15386 16073 16074 15385 15382 16075
 2937    2190  1588  2764  2855  16076 16077  8505  8502 16078  8506
 2938     712   543  2917  3993   8668 16079 13723 13725 16080 12864
 2939    1632  1238  3032  3421  12594 16081 16082 12595 12597 16083
 2940    2860  3317  3665  3758   4328  5242  8097  4333  4329  8098
 2941    1651  2479  2901  3375   6399  9529 16084  6400  6402  9528
 2942    2043   217  3328  3682  12570 16085 16086 12966 16087 16088
 2943     510   220   872  3392   4534 15451 16089 16090 16091 16092
 2944    2914  1856  3464  3549   6714  9024 16093  6719  6715 16094
 2945     202  2363  3300  3331   4563  8422 15824 16095 16073  8421
 2946    2331  2109  2242  3444  16096 16097 16098 16099  5909 16100
 2947    2965    91  3189  3756   5612 14219 14221  5616  5613 16101
 2948    2961  2926  3675  3868  11014 13389  6026  6028 11015  6025
 2949    2645     0  2704  3088   4893 14015  6489 16102 16103 14014
 2950    3142  2656  3407  3869  12897 16104  9314  9316 12898  9313
 2951    2071  1218  3481  3657   9179 15311 16105  9184  9180 15310
 2952    2818  2869  3123  3990   8212 16106 14346 12142 12144  9128
 2953     624  3166  3626  3769   9665 16107 13565  9670  9666  7260
 2954    2588  2639  2682  2991  13339  9854 16108 16109  7650 13337
 2955    3267  3407  3624  3672  12102  9677  7617  7615 16110  7618
 2956    2359   610  3169  3269   5466 11577  9299  9301 16111  9298
 2957    1749  1629  2887  3185  16112 16113 16114 16115 16116 15072
 2958    3178  3371  3604  3822  16117 16118 16119 16120 16121 16122
 2959    1951   708  2864  3927   7196  7193 16123 15011 15008  7194
 2960     144  2636  3149  3325  10272  6423  6427 16124  6422  8073
 2961    1224  3148  3238  3461  12517 12736 16125  7695 16126 15441
 2962    2630  2608  2643  3792  11647 12163 16127 16128 14801 12162
 2963    1228  1200   484  3485  16129 16130 16131 16132 13011 16133
 2964     398   723  2577  3450   5768 16134 16135 16136 16137 16138
 2965     655  2427  2804  3654   6126 14792 16139 16140 13773 16141
 2966    2116   160  2319  3285  14895  6843 15982 16142 15981 16143
 2967    2125   193   216  3664  16144 16145 16146 16147 16148 16149
 2968     540  1389  3286  3401  14649 16150 16151 14651 11499 16152
 2969    2895  2981  3281  3664  12983 16153 16154 12982 12985 16155
 2970     121  2237  1142  3558  15591  6532 16156 16157 11049 16158
 2971    3105  3161  3180  3182  12750  4100 16159 14196 16160  6524
 2972     720  2040  1367  3582  16161  8665  8663 16162  8662 16163
 2973    2931  2647  3186  3620  16164 16165  8860 16166  9227 16167
 2974    3300   643  3360  3913  15172  6244 16168 16169 16170 14077
 2975    2301  2317  1026  3162  16171 16172 16173 16174 16175 16176
 2976    2868  1921  3237  3365  16177 16178 16179 16180 13719 16181
 2977    1188  1124  2424  3997  11277 16182 16183 16184 14838 16185
 2978     444  2440  2441  3549  15260  7624 14696 16186 10825 16187
 2979    1068   719   199  3466   4059 14568 14566  8146 14565 16188
 2980    2752  2810  3126  3229  10858 16189 13094 13092  4743 13095
 2981    1488  1804  3347  3927   7192 16190 16191 12634 10501 16192
 2982    1825  2745  2746  2876   4779 16193  7947 14585 14584 16194
 2983    3821  1354  3867  4019  16195  7455 16196 16197 16198 15799
 2984    3152  3187  3307  3416   9000 15436 15978 12560 16199 15435
 2985    2645  2797  3088  3267  16200  5174  6486 16201  8732 14015
 2986    2789  3013  3047  3943  11011  9898 16202 16203 16204 10131
 2987     123  1556  3884  3986  14762 16205  5264  5266 14763  5263
 2988     866   594   650  3654  15957 13776 14793 15959  6123 16206
 2989    2676  2692  2801  3206  11802 12731 16207 10699 16208 12730
 2990    2185  2575  2186  3483  16209 16210 16211 16212 16213 16214
 2991     744  3586  3696  3730  16215 16216 10265 15920 16217 14400
 2992     555   600   919  3068   4682 16218 16219  4687  4683 15669
 2993     258   819  2384  3432  14007 12204 12202 14008 12201 14808
 2994     876   201   202  3223   8420  4206 16220 16221 16222 16223
 2995    3134    23  3248  3541  11148 16224 16225 14809 16226 16227
 2996    2644  3087  3388  3764   9520  9524 16228 16229 13258  9523
 2997     946   266  3076  3392  16230 16231 16232 16233 16234  5959
 2998    1856  2914  3103  3356  10731 10735 16093 16235  9026 10734
 2999    2588  2965  3074  3098  16236 11492 11490 16237 11489 13338
 3000     495  2988  1764   243  16238 16239 11708  6268 15998 16240
 3001     147  2419  3163  4002  14060  4876 16241 13728 16242 14058
 3002    1973  1396  2646  3396  11206 16243 16244 16245  7590 16246
 3003    2146     4  3128  3778  11965 16247 16248 16249 16250  8190
 3004     542  1740  3286  3494  13423 16251 16252  6291 16253 16254
 3005    1514   545  1995  3345  11081 14102 16255 15269  5257 16256
 3006    3759  3435  3817  3887   5560 16257 12937 11765 11761  8884
 3007     440   162  3539  4017  16258  4820  4824 16259  4819 16260
 3008     452   166   983  3236  11459 16261 16262 11458  8428 16263
 3009    3265  3088  3542  3746   4238  4242 14012 10611 16264  4241
 3010    3335  3368  3838  3846  11337 10569 10568 11378 10567 16265
 3011    2109   930  1818  3444   5910  5909 14627 16266  9907  5914
 3012    2443  3248  3342  3973  16267 16268 15971 15968 16269 15972
 3013     267   858  3566  3916   4296  4293 16270 11665 11667  4294
 3014    2458  2879  3209  3383  16271 16272  4956  4953 16273  4957
 3015    2188  2075  3292  3448  13114  4818 16274 14306 11538 14113
 3016     286  1421  2345  3099   8721 13949 16275 16276 10439 13950
 3017    2876  2827  3103  3176  16277  8847  8849 16278  8850  7931
 3018    2748   170  3169  3608   5467 10846  6645 16279 16280  5157
 3019    1869  1599  1650  3773  15282 15279 16281 16282 12079 15280
 3020     881   936  3266  3268   9267 16283 16284 16285 14573 11033
 3021      91  2965  3189  3246  11056  9858 14221 16101 16286  5616
 3022    3268  2845  3786  3790  14150 16287 13543 16288  5904 16289
 3023    1468  1085  2244  3760  16290  9555 16291 16292  9765 16293
 3024     657  3255  3363  3803   8779 11320 16294  7426 16295 16296
 3025    1570  1644  2262  2671   7579 10467 16297 16298  5259 14916
 3026    2796  2719  3104  3558  11048 16299 16300 16301 16302 15878
 3027    1488  2256  1874  3744  16303 16304 16305 16306  6582 16307
 3028     771  1751  2556  3930  16308  6835  6833 16309  6832 16310
 3029    3505  3493  3556  3569  14527 16311 16312  6926 16313 14467
 3030    2426  1882  2193  3036   6309  6307 11541  8597  8594  6306
 3031    2676  2739  2809  2846   7547  8807 16314  7546  7549  8806
 3032    1657  2190  1768  2764   6255  7253 16315 16316  8506  7255
 3033     420   992  2373  3245  16317 16318 16319 16320 11759 16321
 3034    1350  1687  1421  3099  10439 15424 15422 16322 12259 16323
 3035    2606   639  2808  3457   6813  6875 16324 15992 16325 12805
 3036     821  1591  3221  3858   4496  9889 16326  4495  4498 13020
 3037    1595  1606  3678  3827   4598 16327 16328  4603  4599 12927
 3038    3821  3867  4008  4032   7283  7287 15799  4377 15869  7286
 3039    1510  1995  3345  3773   6421 16329 15267 11081 16330 15268
 3040    3002  1041  3003  3695  10067  7067 16331 16332 16333 15343
 3041     164   207  2543  3362   4427  7350 16334 10036 16335  7352
 3042    1422   257  1066  3160  16336 16337 16338 16339  8122 16340
 3043     219  1694  2840  3406   7851 16341 16342  9628 16343  6637
 3044    2667  2779  2983  3354   8976  8973  9135 14716  9715  8974
 3045     724  1895  2873  3693   4352  9333 16344  4357  4353  9332
 3046    2666  2710  3220  3279  16345 16346 10715 16347  5012 16348
 3047     465  2080  1212  3369  16349 14001 14004 16350 14005 16351
 3048    1603  1742  1594  3336  15484 15482 16352 16353 16354 15483
 3049    3225  3759  3794  3830  16355 16356 15225 12938 16357 15226
 3050     615  1871  2840  3756   9935  9938 13628 16358 13629  6638
 3051    2881  2062  3600  3942   9540  9544  8156 10507 16359  9543
 3052    1110  2551  3487  3941   9831  5731 15688 16360 15685 11737
 3053    2700  1230  2743  3288  10648  8513  5543  5539  8516  5538
 3054     188   189  3799  4003  16361 16362  9684  9681 16363  9685
 3055    1741  1485  2902  3423   5394 16364 16365 16366 16367 16368
 3056    2500  3087  3218  3735  16369 16370 16371 16372  4113 11102
 3057    2915  2908  2983  3601  16373 16374 16375 16376  8313  7006
 3058     295  2227  3118  3337  15785 16377 16378  9462 16379 16380
 3059    2949  1214  2274  1630  14227 14223  8392  8395 16381  8393
 3060    1188  2339  1195  3997  14840 16182 16382 16383 14294 16384
 3061     920   605  3255  3803  16295 11324 16385 16386  5323 16387
 3062     511   154  3122  3563   9372 15016 16388 16389 16390 14386
 3063    1871  2375  1948  3756  12189 13629 16391 12188 12185 16392
 3064     413  2084  2150  3462  16393 16394 16395 16396 14477 16397
 3065    1414  1693  2795  3535   9273 16398 16399 16400 15135 16401
 3066     438   784  2705  3773  14689 11124 16402 16403 16404  7169
 3067     911  1697  1698  3639  16405  8915 16406 16407 13904 16408
 3068    3384  3650  3758  3789  11166  4483  4315 16409 16410 11169
 3069    2828  2039  2923  3222  16411 15104  8289  8286 16412  8285
 3070    2908  2915  3383  3859  16413 15158 16375 16414 16415 16416
 3071    2056  2464  2077  3944   5922  4334 16417  6007  6006 16418
 3072    2871  2608  2877  3792   5481 11649 16419 14802 14801  6788
 3073    2791  3084  3194  3313  10167  9915  9625 16420  9914  4662
 3074    1032  2066  1046  3247   5842  5846 16421 16422  6507  5845
 3075    3465  3088  3746  3924   6364 16423 16424 16264 16425 16426
 3076     438  2339  2385  3997   6410 14295  7171 16427 14294 16428
 3077    1329   935  1871  3756  13629  9936 16429 16430 15087 13627
 3078     619   192   696  3421  16431 16432 15999 16433 11253 16434
 3079    1023  2220  3781  3788  16435 16436 16437 16438 16439 16440
 3080    1865   423  3438  3584  16441 16442 16443 16444 16445 16446
 3081     672  1403  2134  3591  16447 10574 16448 16449 16450  4055
 3082     935  2375  1871  3756  13629 15087 15089 16391 12185 16430
 3083     488   817  3393  3657  10870 14961 14964 10548 14965 12391
 3084    1987  3589  3677  3765  16451 16452 16453 16454 16455 16456
 3085    1185   261  2892  3606  11822 16457 16458 11827 11823 16459
 3086    2087  2088   171  3408  16460 16461 16462 16463 16464 16465
 3087    2361  2400  2824  3715  15560 15557 16466 16467 16468 15558
 3088    2313   678  3357  3950  16469 16470 16471 16472 16473 16474
 3089     277  1571  3154  3607  16475 16476 16477 15470 16478 16479
 3090    1049   777  1051  3419   4575  4579 16480 11009 16481  4578
 3091    3079  1047  3811  3949  16482 12723 12726 15346 12727 12393
 3092    3841  3869  3964  4013  12511 16483 14179 12516 12512 16484
 3093    2541  2218  2219  3987  13839 16485 16486 16487 16488 16489
 3094    3349  3045  3898  3467   9870  5795 16490 16491 16492  9871
 3095    3590  3453  3644  3797   7273  9495  7694  7690 16493  7689
 3096     501   584  3573  3603   6092 15630 16494 14046 13366 16495
 3097    2834  3049  3344  3823  16496  8777 16050 16497 14630 16498
 3098    1011  1418  3385  3968   6010 16499 16500 16501 16502 16503
 3099    2547  1495  3441  3698  11746  5094 16504 16505  8375 16506
 3100    2657  2774  3039  3316  15377 16507 16508 16509 13098 16510
 3101    1048  1084  2686  3269  16511  9819 16512 16513 16514 16515
 3102    2464  2100  1176  3231  16516 16517 16518 16519  7568 16520
 3103    3172  2944  3622  3852   5992 16521 13139 10053 16522 13802
 3104    3361  2386  3479  3764  16523  9521 14498 16524  4458 16525
 3105    3233  2737  3591  3927  16526 11681 13161 16004 13162 16071
 3106    2365  2952  3116  3339  11840 11838 16527 16528  8620  6964
 3107     850  2420  3340  4018  16529 16530 16531 16532 16533 15044
 3108    2625  2724  2826  3243   8241 14252 16534 16535 15991  9176
 3109     664   663  3101  3300  11466  6245 16536 11086 15253 14079
 3110    2636   144  3149  3663   8068 16537  6427  8073  8069 16124
 3111    1265  1262  2595  2774  15238  6463 16538 15239 15240 16539
 3112    3086  3152  3249  3416   9003  4325 16540 15434 15436  9001
 3113    1167  1568  3874  4012   9042 16541 14042 14039 16542 14043
 3114    1512  1594  3336  3752  16543 13883 16544 15484 16545 16546
 3115    2668  3059  3201  3305  12741  6162 16547 12745 12742 16548
 3116    3702   931  3926  3965  10901 16549 16550 16551 16552 16553
 3117    2650  2894  2899  3348  16554 16555 16556  7558 15221  8133
 3118    1629   502  2887  3157  12959  9756 16557 12961  5524 16115
 3119     964   825  2940  3766   4499  4503 10250 10252 16558  4502
 3120    3427   968  2341  3938  10408 16559 16560 10984 10986  4449
 3121     534  2721  2728  3157  11406 12663 12666 13555 12662  9216
 3122    2516  2517  3015  3943  16561 14361 16562 16563 10058 16564
 3123    3027  1400  3028  3218   4889  4885  8475 10289 16565  4884
 3124     396  2281  2864  2928  15549 16566 16567 16568  7481 16569
 3125    2247  2246  3242  4003  13187 13190 16570 16571 16572 13189
 3126    3294    53   378  3615  16573 16574 16575 16576  8490  9497
 3127     907  3493  3183  3770   5278  5275 16577 16578 12775  5276
 3128     902  2314  3035  3602  10757 13445 13447 16579 13448  7311
 3129     994  2365    70  3116  13293 16580 16581 16582  6964 16583
 3130     609  1723  2885  3763   8541 16584 10882  7641  8543 10880
 3131    2917  2820  3237  3341  16585 16586 13039 14138 16587 14137
 3132    1208  1596  1174  3669  16588 12318 16589 16590 16591 16592
 3133    2840  1038  2991  3756   9849  9935 16593 16594 15607 13817
 3134     157  2536   757  3658  16595 13112 13110 16596 13109 16597
 3135    1420   422  2763  3367  15739 16598 16599 12229  7657 16600
 3136    2840  1871  1038  3756  15607  9935 16358 15610 13629 16593
 3137     512   513  2971  3885  16601  8715 16602  8591 16603 11464
 3138     158  1682  2538  3658  16604 13108 16605 11201 16606 16607
 3139    3544  3567  3631  3781  16608 16609  5359 13540 16610 10936
 3140    3770  2804  3836  2769  14598 16611 16612 16613 16614  7115
 3141    2812  3160  3459  3632  14795 16615 16616 12685 13957 16617
 3142    2783  3267  3335  3465   5172  5429  5426  5177  5173 11055
 3143    3689  2647  3690  3761  16618  5779  5781 16619  5782 16620
 3144      49  1582  2875  3276  12946 16621 16622 12521 12997  6698
 3145     341  3618  1242  1245  16623  4828  7701 16624  7702 16625
 3146    3254  2395   479  3962   6454  4646  4649 16626  4650 15994
 3147    3357  3174  3683  3912  16627 16628 14216 14218 16629 14215
 3148    1102  2066   890  3588  11140 11138 16630 16631 16632 11137
 3149     547  2053  3072  3641   8535  9568 16633 16634  5819  9569
 3150    2366   205  3339  3777   9253 16635 13689  8621  6090 16636
 3151    1995   426  3345  3773   6421 16330 16637  6762  6758 11081
 3152    2706  2711  2890  3342  15042 10663 16638 16639 16640  9647
 3153     592  2311   119  3565  11074 16641 16642 11075 10838 16643
 3154    2067  1793  2728  2885   7330 16644 16645 11408 16646 16647
 3155    2190  1521  1535  2855  14490 16077 16648 16649 10171 16650
 3156     644  2267   717  2919  16651 16652 16653 16654 11045 16655
 3157    2600  3062  3137  3742  16656 10978 13124 12050  4284 13125
 3158     808   510   872  3392   4534  4539 16657 16092 15451  4535
 3159    2650  2638  2902  3423   5394 16658 11791  5393  5396 16659
 3160    3645  3386  4005  3249  15641  4341 16660 16661 16662 14298
 3161    2471   399  2923  3927  13160 14858 14860 16663 14861 13323
 3162    2763  2828  2833  3367   4451 15739  8897  6047  6048  9826
 3163    3430  3067  3621  3892  12500 15162 16664 12383  8093 16665
 3164    3152  3326  3647  3798  10743 13173 16666 16667 16668  6841
 3165     804   585  1683  3162  16669 12607 16670  5513 16671 16672
 3166     566  3942  1153   874  16673 16674 16675 16676  5572 16677
 3167    2752  1273  2824  3229  13613 16189 16678 13025 13614 16679
 3168    1852  3666  3715  3844  12588  6498 10386 13236  4178 16680
 3169    2340   152  1786  3790  14049 14047 16681 16682 16683 14048
 3170    3015  3014  2789  3943   9898 16561 16684 16685 16686 16687
 3171     246     2  3387  3416  16688 16689 16690 11917 16691 16692
 3172    2194  1089  1462  3348  12478 16693 16694 16695 16696 16697
 3173    1354  2038  3845  4008  16698 16699 16700 16701 16702 16703
 3174    1081  1442  3228  3973  16704 16705 16706 16707 16708 16709
 3175    2170  1110  2549  3941   5727 14945 15686  5729  5731 14944
 3176    2271  2494   387  3080  16710 11237 16711 16712 16713 16714
 3177    1442   140   826  3342  16715 16716 16717 16718  4390 16719
 3178    2017   174   510  3238   9869  7696 12518 16720 12519  9867
 3179    1093    12   703  3425  16721 16722 16723 16724  4251 14515
 3180    2948  2920  3610  3883   4412  4416 16725  5409 10777  4415
 3181    1800  2545  2377  3876  16726 10480 16727 16728 16729 16730
 3182    2289  2207  1490  3594  11416 10692 16731 11421 11417 16732
 3183    1203   467  3158  3563  16733 16734 16735 15492 16736 16019
 3184    2708  1901  3409  3953  16737 16738 12757 16739 16740 16741
 3185    2698  2666  3220  3447   9071  4302 16742 16348 15579  6580
 3186    2735  1774  2877  3829   5753 12670 12667  5668 12668  5484
 3187    1370  2538  2913  3658  16743 16744 16745  5490 16604 16746
 3188    2249  2248  1937  3775  13677 16747  6358 16748 16749 16750
 3189    2623  2834  2958  3344  16751 16752 14890 16753 16498 16754
 3190    2895  2732  2981  3122  11656 16755  8464 11657 11658 16154
 3191    1311  1314  3553  3554  16756 16757  7103 14730 16758 16759
 3192    1645   510   174  3238  12519 16760 16761 16720  9869 16762
 3193    3789   984  3850  3986  15898 16763  7176  9658 15900  9656
 3194    1905  1904  2978  3777  16764 16765 16766 16767 16768 16769
 3195    3922  3908  4028  4029  16770 16771  4166 16772 16773 16774
 3196    2661  2786  2808  3211  15535  7667  6876  6816 13952 12806
 3197    3107  3259  3870  3894  16775 16776 11896 15247 16777 16778
 3198    2664  3230  3705  3929   4813 13407 13405 14242 13404 16779
 3199      38  1932    39  3471  16780 16781 16782 16783 16784 16785
 3200     837  1339   326  3582  16786 11782 16787 16788 16789 16790
 3201    2416  1540  2158  3301   8449  7754 16791 16792 11866 13307
 3202    2706  2675  3405  3426   6230 10794 10660 16793 10793 16794
 3203     226   943   685  3263  16795 11506 11503 16796 11504 16797
 3204    2368   651  1848  3243   5450 13749 14452  5451  5453 16798
 3205     581   217   580  3328  16799 12962 12965 16800 12966 16801
 3206     871  1357  3145  3203  15414 14910 16802 16803 12661 16804
 3207     821  3234  3324  3858   4306  9889 16805  9779 16806 16807
 3208    1016  2969  3347  3744  16808 16809 16810 16811 12502 16812
 3209    2820  2926  3199  3341  16813 16587 13388 11016 16814 16815
 3210    1012  1513  3829  4033   5752 16816  6239  6242  5666  6240
 3211    1883  1403  2990  3591  16817 16818 16819  6155 16450 16820
 3212    1281  1276  2681  2987  11614  9630 16821 13026 16822 11612
 3213    2719  2813  3329  3540  15403 16823 16824 12310 16825 16826
 3214     808  1092   854  3148   7698 11257 16827 16828 11205 11256
 3215     229   186   936  3367  16829 16830 16831 16832 16833 16834
 3216     454   961   657  3255  16294 15181 16835 16836 16837 16838
 3217    2506  3021  3022  3556  16839  9942 16840 16841 16842 16843
 3218     741   740  2478  3710   7532  8444 15751 16844 15752 16845
 3219    1886  2703    69  3763  12924  5883  5887  6649  5882  6652
 3220    1346  2962  3102  3394   9689 14506 14510 11104 14505 11349
 3221    1816    25  1791  3541  16846 16847 16848 16849 16850 16851
 3222    2641  2852  2908  3601   8313  8310 12549 12551 16852  8311
 3223    2135  1572  3376  3942  12788 12790 15236  9198 16853  8971
 3224    3140  3801  3908  4022  15368 15372 16854 13864 16855 15371
 3225     238   239   794  3906  12765 16856 13968 16857 16858 16859
 3226    3174  3580  3643  3950   9384  9381 16860 16861 16862  9382
 3227    1458  2550  3661  3837  10737 10741 16863 14266 16864 10740
 3228       8  1749     7  3185  16865 12810 16866 16867 16113 16868
 3229    3776  3389  3810  4022  16869 16870 16871  7755 15369 16872
 3230    2682  3090  3334  3673  16873 13466  8628  8625  6428  8629
 3231    1856  2441  2876  3077  16874 16875 15262 16876 16877 12418
 3232    2380   682   400  3109   4770 15892 16878 16879 16880 16881
 3233    2891  3560  3707  4002  15457  5135  5417 15674 14248 16882
 3234    3163  2799  3643  4002  16883 14060 11403 16884 16885 16886
 3235    1867    24    22  2605   6440 14027 16887  6445  6441 14028
 3236     793  2736  3057  3346  16888 16889 16890 11832  4386 16891
 3237     763  1933   616  3548  16892 15156 16893 16894 10111 16895
 3238    2135  1153  1572  3942  16853 12790 16896 16897 16676 15236
 3239     477   232  2886  1714   4229  9958 16898 16899 16900  9957
 3240    2352   652  3851  3889  14707 15140 16901  9079 10630 16902
 3241    1601  1684  1205  3443  16903 16904 16905 16906 13271 16907
 3242     696  1529  2988  3032   8014 11157 11161  8013  8016 16908
 3243    2079  2093  2341  3427   4449 10026 11108 16909 11107 10027
 3244    3403  3135  3452  3586   6249  6253 11293 16910  5378  6252
 3245    1114  1642  3094  3194   5537  5535 12872  8218 16911  5534
 3246    2760  3072  3160  3632  13957 16912 15691  9570 13958 15692
 3247     629  1402   183  3334  16913 16914 16915 16916 13920 16917
 3248    3136  2976  3259  3840  16918 16919 16920 15250 16921 16922
 3249    2609  2630  2672  3685   7836  7835 12161 16923 10614  6608
 3250    3035  2343  3602  3930   4406 10758 16924  4411  4407 10757
 3251    2364  1099  2813  3048   4137 10120 16925  4138  4140 10119
 3252    3021  3020  3411  3556  16926 16842  7272  7268 10517  7267
 3253    1980  1686  2475  3443  10346  8845  8844 16927  8843 10348
 3254    2900  3249  3386  3545  16928 16929 16930 16662 16931 16932
 3255     538  2321  3653  3868  13397 11530 16933 10229  9446  5691
 3256    3497  3505  3556  3569  14527  5431 16934 14467 16311  9941
 3257    2600  3137  3275  3742  12674 10978 13125 16935 16656 14416
 3258    3371  3822  3828  3866  16936 16937 16121 16938 16939 16940
 3259    1209   839  2934  3190   9228  8795 16941 16942 10992 16943
 3260     510  1645   846  3238  16944  9869 16761 16945 16760 16946
 3261    1571   573  1402  3154  13923 15470 16947 14089  8611 16948
 3262    1328  1327  2842  2967   9040  9030  9028 16949  9027  6681
 3263    1714   283  3405  3767  12250  9955  4228 16950 16951 16952
 3264    1598   616  1859  3548  16953 16954 16955 16956 16892 16957
 3265    1227   453  2748  3760   5158  5155 15320 13494 11565  5156
 3266    1265  2595  2657  2774  16508  6463 16539 16958 15238 16959
 3267    1190   428  1548  2804  16960 16961 16962 10208 16963 12643
 3268    1982   884  2703  2809   8808 16964 16965 16966 16967  6653
 3269    3746  1213  3846  4030  16968 16969 16970 16971 16972 16973
 3270      64  2885  2898  3256   9439 16974 16975 13849 13436 10401
 3271    1633   537  2809  3043  16976 10072  6191  6188 16977  6192
 3272    2634  2727  2832  3161  10862 11385 16978  6596 10863 15331
 3273    3190  1140   934  1621  16979  8793 10991 16980 10994 13146
 3274    3067  2936  3202  3944  14612 13379 16981 16982  5895 14613
 3275     212  1656  3095  3418   4285  5706 10789  8938 16983 16984
 3276    2243  2483  3290  3656  16985  5048 16986 16987 16988 16989
 3277    3254  2944  3622  3962  16990  4646 16991 10053 16992 16993
 3278    1815   316  2569  3969   8279 16994 16995  8284  8280 16996
 3279    3259  2860  3340  3991   7163  7160 16997 13953 13834  7161
 3280    1486  2969  3269  3347   9591 16998  5697 16999 16811  5468
 3281    1811   999  3434  3610   4628  4632 17000 17001  5983  4631
 3282     428  1190  2427  2804  16140 16963 16962 17002 16961 17003
 3283    2692  2724  2806  3348  13515 17004 10698 17005 16031 17006
 3284    1715  3692  3803  3853   5318  5322  6527 17007 17008  5321
 3285    2940  2701  3071  3577  14067 17009 17010 10876 14068 12058
 3286     443  2052  1942  3928  17011 17012 17013 17014 17015 17016
 3287    1990   978  2202  3585   6075  9429  9432  6076  6078 17017
 3288    1326  1324  3119  3872  17018 17019 17020 12239 17021 17022
 3289    2760  2718  2812  3632  16615 16912 13090 14352 17023 17024
 3290    2972  3538  3556  3569  14527 17025  5458 11371 14528  5933
 3291    2603  2739  2770  2809  14655 17026 17027 11516  7546 17028
 3292     165  1793  2885  2887  13435 17029 17030 16646 17031 17032
 3293     356  3475  3496  3668  17033 13352 13354  5568 12031 17034
 3294    3304  2556  3692  3930   9324  9328  8063  6526 16308  9327
 3295    2451   546   499  3329  10150 17035 17036 14503 14502 17037
 3296    2447   262  3323  3698  17038  4510  4513 13856  4514 17039
 3297    2633  1483  2677  2985   6232  6236 17040 15815 12461  6235
 3298    1692  1635  3669  3802  12315 17041 17042 12319 12316 14705
 3299    3168  3407  3555  3714   7491  9068 17043 12899 17044 17045
 3300    3634  1636  3776  3902  12850 17046 17047 17048 17049 17050
 3301    1086   236  1031  3376  17051 15234 17052 17053 17054 17055
 3302    3026  1400  3027  3218   4885 11099 17056  8475 16565 17057
 3303    2147  2110   194  3469   4155 17058 17059  4156  4158 17060
 3304     541  3845  3864  3891  17061 17062 17063 17064 15462 17065
 3305    2512  3525  3526  3596   4071 14662 17066 17067 16056 17068
 3306    1944  1555  2884  3057   9802  9805 17069 17070 17071  8163
 3307    2671  2897  3055  3345   6418  5256  7577 17072 14443 17073
 3308    3271  2938  3581  3880   5292  5296 17074 17075 17076  5295
 3309    3331  3254  3609  3962   6453 17077 17078 15995  4646 17079
 3310    2460   173  1936  3401   7779 17080 17081 17082 10416 17083
 3311    1815   916  3216  3401  17084 13503 13505 13581 12028 13579
 3312    3856  3384  3858  3884  15951  4481  4484 17085  4485 15950
 3313    1231  1663  1232  3635  14700 17086 17087 17088 17089 17090
 3314    1266  2866  2903  3353  10488  4864 17091  6882 17092 10487
 3315    1633  2002  1541  2809   6808  6192  6190  6812  6189 15273
 3316    3168  3407  3796  3814   5580 15832 17043 14158  5153  9069
 3317     983   166   199  3466   4059  4058 11458 17093 11457  4063
 3318     507  2201  1942  3660  17094  4263  8824 17095 17096 17097
 3319    3532  3531  3694  4012  10164 17098 17099 13683 17100 17101
 3320     266   220  3076  3392  16230 16234 17102 17103 16091 16233
 3321    2062   137  2881  3600   9543 10507  8157  8159 10506  8156
 3322    3730  2230  2560  3213   9111  8032  9203  9112  9114  9204
 3323    1892   634   880  3269  10214 17104 17105 17106  9818 17107
 3324    2672  3104  2796  3792  17108  7461 15876 15878 15938 15877
 3325    1702  2998  2997  3143   7560 17109 17110 13681 11928 17111
 3326     979  1452  2637  2903   9140 17112 12628 17113  5604 17114
 3327    1534  1200   595  3469   7644 17115 17116 13122 13123 17117
 3328    1455  1099  1766  3099  10769 10436 11485 17118 11484 10767
 3329    3137   622  3275  3742  12674 16656 11807 17119 17120 16935
 3330    3531  2499  3694  4012  10164 17100 17121 17122  9929 13683
 3331    1656   211   869  3095  17123  8938 17124 17125 17126 17127
 3332     497  2432  2906  3354   5226  5230 17128 17129 17130  5229
 3333     554  2286  1237  3469  17131  7643  7646 17132  7647 17133
 3334    3247   890  3588  3667  11135 17134 17135 11140 11136 17136
 3335     825  2078  1622  2940  10249 10252 17137 17138 17139 10251
 3336    2669  2818  2870  2990   9962  9745  9125  5252 17140  9961
 3337    1182  1210  2987  3204  13224  5021 17141 17142 13889 17143
 3338     248   451   673  3072  13959 10308 17144 17145 11496 17146
 3339    1314  3470  3553  3554  16756 16758 17147 17148 17149 14730
 3340    2366  2942  3164  3834   7604 13691 17150 14706 12184 13690
 3341     974  1821   454  3072  15180 17151 17152 17153 10305 17154
 3342    1235  2565  1236  3240  14185 17155 17156 14184  8074 17157
 3343     194  3144  3399  3469  10113  4155  4159 17158  4154 14512
 3344    2202   556  2955  3585  17159  6075 17160 17161 17162 17163
 3345    2904  2773  3600  3942   9540 17164 10063  9545  9541 14465
 3346    2599  2721  3157  3185  17165 15683 17166 12662 17167 17168
 3347    3788  2220  3985  4020  10460 17169 16439 17170  9778  6172
 3348       5     6  3256  3288   4040  4044 17171 14484 13744  4043
 3349    3229  2766  3291  3893   9994 17172  5077 10669 10671  6169
 3350     973  2940  3167  3766   7469  7473 14450 17173  4499  7472
 3351    1273  1278  2681  3229  13615 13614 17174 17175 10857 13024
 3352     917   198  3575  3815   4173 12278  5223  5220 12281  5224
 3353    2131  1027    91  3189   5616  4674 17176  7052  4533  5614
 3354    3642  3220  3854  3899  17177  6333 13850 17178 11070  6939
 3355    3277  2926  3341  3675  17179  6024  6027 16814  6028 14318
 3356    1552  1082  2597  3481  17180 17181 11988 17182 17183 17184
 3357    1657  2727  2832  2855  10170 10173  6599  6596 17185  6600
 3358    1248  2714  3496  3712   6950  4467 17186 12582  7735 17187
 3359    2081   865  3502  3883   7369 11953 17188 17189  8871 17190
 3360    1338  1438   402  3108  11212 17191 17192 11220  6871 17193
 3361    2448  2147  3399  3469  10113 10112 17194 17195 17058 10116
 3362    3817  3794  3830  3842  12434  5559 11763 16355 17196 12437
 3363     794   181  2105  3906  12761 12765 17197 15361 15363 12764
 3364    2934  1209  3190  3592   8790  7653 16943  8795  8791  9228
 3365    1573   875  3223  3331   8419 17198 17199  4203 17200 17201
 3366    2745   445  3356  3802  15916 15918 17202 17203 12039 10732
 3367    3081  1849  3684  4004   6116  4592 17204  9394 17205 12347
 3368    2274  1832   434  2949  15004  8393 14225 17206 14226 15003
 3369    3549  2735  3792  3829  11884 17207  6265  5485 12670 17208
 3370     278  3272  3831  3901  11836  7437 17209 17210  7338 17211
 3371     580  1395  2533  4003  17212  5971  5974 17213  5975 17214
 3372    2264  2831  3215  3419  17215 17216  7968 17217 11494 17218
 3373    2289  2207  3594  3811  10695 10693 16731 11417 17219 10692
 3374    2673  2625  2678  3294   9174  4094 11300  9175  9177  9014
 3375    2708  2718  3116  3552   8527 17220  4839  4841  6741  4838
 3376    2039  2298  1053  3222   5674 16412 17221  5673  5671 17222
 3377     138  2447   262  3941  17223 17224 17225  4513  5724 17226
 3378    3152  3187  3326  3805  14405 17227 15978 14406  4960 16666
 3379      79   345  3715  3844  12588 12592 14987  7822  6501 12591
 3380    3702  3926  3986  4032   5357 17228 16553 10909 10905 17229
 3381    2086  1872  1282  2985  11172 12458 17230 11171  7076 17231
 3382     116  1415  3436  3649   8995 17232  9879  9876 17233  9880
 3383    2965  2991  3074  3756  17234 14219 17235 13335  9849 16237
 3384    1320  2842  2934  2984   8961 17236 10842 10840  6317 10843
 3385    3362   164  3882  3987  14011  4424  7350 15575  7351 14966
 3386     942  2547  3698  3737  11741 11745 17237  5094 17238 11744
 3387     707  2180   296  3473  17239  6776  6773 17240  6774 11266
 3388    2605  1920  2814  3276  10815 13328 17241 17242 12996  9606
 3389    3372   435  3445  3888  17243 10540 17244 17245 17246 17247
 3390     581   218  3747  4014  11312 17248 12967  4645 17249 17250
 3391     214  2834  3097  3400  17251 17252 17253 13478  8776 17254
 3392    3631  3136  3781  4018  17255 13942 10934 17256 13941 16608
 3393    2247   580  2533  4003  17212 13190 13188 17214  5971 17257
 3394    3172  2204  3572  3852  13216 16521 17258 14866 17259 17260
 3395     953   144  2942  3991  12182 17261 17262  8070  6977 17263
 3396     971  1393  2938  3707  15459 12866 17264 17265  4369 17266
 3397    2986  2736  3079  3346   4383 17267 17268  4384  4386 12843
 3398    2226  2628  2933  2962   8315 17269 17270  8319  8316 17271
 3399     814  1679  1198  2915  17272  6031 17273 15621 17274 17275
 3400     735  1573  3245  3349   7177 17276 13079 13078 17277 12956
 3401    3505  2506  3504  3556  17278 14467 17279  8306  9942 17280
 3402     712   126   127  3155  13185 15350 15354 17281 14065 12862
 3403    2414  1453  1769  3477  12256 10575 10578 12255 10579 17282
 3404    2926  3199  3341  3675  17179  6028 11016 16813 11017 16814
 3405     761   390  2003  3477  13314  4260  4258 17283  4257 13312
 3406     451   248  2831  3072   8698 11496 17144 17284 10308 11495
 3407    1121  1225  3410  3834   6289 17285 12704 11344 11346 12703
 3408    1657  1521  2190  2855  16077 10173 10172 16648 10171 16315
 3409    1320  2647  2842  2979   4854 17286 10841 10844 17287 10842
 3410     581  1937  3747  3775  13676 17288 17289 12117 13677 17250
 3411     426   604  1995  3345  11081  6762  6759 11080  6760 16637
 3412    2659  3554  3553  3470  17148 13047 17290 16756 17149 17291
 3413     996  1994   214  3432  17292 17293 17294 17295 11706 17296
 3414    1873  1219  1988  3942   5571 17297 17298  9883 17299 17300
 3415    1928   941  1344  3752  10423  7995 10406 17301 10407 17302
 3416      45   395  3249  3875  17303 17304 17305  4342 17306 17307
 3417    2457  1950   145  3591   5548  5545 15604 17308 15605  5546
 3418    2635  2897  3184  3996   4418 15755  5476 12443 17309 12441
 3419    2214  1798   424  3742   8937 17310 17311 17312 17313 17314
 3420    1324  2683  3038  3625   6404 17315 17316  6408  6407 14133
 3421    2929  2767  3105  3180   6524  6522  5773  4105 12751  6523
 3422    1108  1583  3841  4013  16483 17317 17318 17319 12515 17320
 3423    2859  2715  2883  3363   7430  7427 13560 10444  8784  7428
 3424    2300  3312  3774  3981  14830 14832 11622 17321  7708 12116
 3425    2676  2846  3206  3718  11922 17322  8807 17323 14603 12731
 3426    1813  2380  3109  3338  15887 17324 17325 15892 15888 17326
 3427     720  1367  3471  3582   7900  8665 16163 17327 16161  8664
 3428    1588   180  2764  3656  17328 17329  8507  8503 17330  8502
 3429     544   764   822  3767   4077  9953  9952 13796  9951 17331
 3430     966  2743  3268  3429  17332 17333  7343 17334 17335 10334
 3431     294  2887  3256  3288   4040 14483 15074 13433 15070 14482
 3432    2506  2508  3021  3556  16842  9942 17336 17337 10518 16840
 3433    2653  2771  3607  3955   8296 17338 17339  8301  8297 17340
 3434    2360  2346  3258  3382  17341 17342 15516 17343 17344 17345
 3435    3390   662  3843  3988  17346 15209 15212 17347 15213 17348
 3436    1901  1903  2708  2918  17349 17350 17351 17352 17353 12757
 3437     866  1125  3423  3541  17354 17355 17356 17357 17358 13775
 3438    1214  2949  3399  3552  14511 12655  8392  8394  8530  8391
 3439    1430   345  2400  3715  16468  9501 17359 17360  7822 17361
 3440    1855  2110  1998  3144  15555 12782 17362 17363  4157 14129
 3441    2561   739  3579  4021  15444 15448 17364 10197 17365 15447
 3442    3071  2622  3812  3992   6059 11882 12057  6064  6060  5717
 3443    2974  2710  3279  3899   6330  7884 17366  5012 17367 17368
 3444    2496  2992  2993  3874  17369  9047 17370 17371 17372 17373
 3445     885  2410  2537  3333  12861 12859 17374  7214 17375 12858
 3446    2267    78   717  3109  11326 11044 17376 11328  4200 16654
 3447    1009   354  1884  3459  11021 11024 17377 17378 17379 11023
 3448      44  1064  3771  3978   5981  6890 17380  6447  6449 17381
 3449    3201  3420  3535  3882   7086 14559 17382 17383 17384 13588
 3450    1765   378  2115  3294   4098  4095 17385 17386  9497  4096
 3451    2368  1848  1499  3243  15297 13749 16798 17387  5450 15840
 3452    2044  3175  3783  4014  14513 17388 17389  6666  4907 17390
 3453     958   960  3317  3758   4329  5239  6802  4330  4332  8472
 3454    1119  1141  2421  3844   4179  6497 17391 16035 16033 17392
 3455    2723  2930  3767  4004  17393 17394 12018  4694 15118 14302
 3456    1113    51  2875  3691   6697 10224 10222  9897  9895 17395
 3457    3026   462  3218  3369  13509 13511 13770 17396 14578 11099
 3458    2205   404  2208  3873  14108 17397 17398 17399 17400 10812
 3459    2597  1082  3062  3137  12050 12051 17182 13126 12977 12053
 3460    2790  2919  2957  3050  17401 17402 12854 12855 17403  7401
 3461    3188  3254  3305  3328  17404 11187 17405 15728 12569 17406
 3462    1456   602  1191  2989   7675  7673 17407 17408 17409  7672
 3463    3351  1172  3717  3762  11435 11439 17410 17411  6721 11438
 3464    2678  2890  3433  3691  13586  7205  7208  9649  7204 13783
 3465    2115  2625  2673  3294   4094  4098 13192 11300  9177  4097
 3466     556  2323  2955  3791   7293 17412 17413 17414  9275 17161
 3467    1197  2535  3895  3917   4729  7213  8005 15708  8003 15711
 3468    2810  2910  3229  3666  17415 17416  4742  4745 15301  4743
 3469    1273  2681  2685  3787  17417 17418 13024 17419 14815 17420
 3470    1772  1000  3255  3606  17421 17422 13376  9221 12158 13377
 3471    2115  2216  1584  2826   8244  9930  9934  8243  8246 17423
 3472    2155  1063  3094  3108  14921 17424 17425  9032  9009 17426
 3473     821  1447  3234  3858  16806  9889  9887 17427  6288 16805
 3474    3543   320  3762  4015  10481 17428 17429 10486 10482 12814
 3475    1535  1588  2190  2855  16077 14490 17430  8505 16078 16650
 3476     787  2485  3031  3484  11469 17431 17432 11470 11472 17433
 3477    2901  2937  3073  3151  17434 17435 17436 17437 17438 17439
 3478    2901  2835  3217  3440  15257  6780  6778 17440  6777 17441
 3479    3140  3075  3672  3801  13865 16854 17442  6005 13866 12889
 3480    2513  2515  3017  3836  11430 10123 10127 11434 10122 17443
 3481    1143   922  2488  3314   6615 12692 17444 17445 14422 12696
 3482    3165  2791  3084  3194  16420  4658  4661  9625  4662  8647
 3483    2467  2093   229  3036   9268  6936 17446 17447  8595 17448
 3484    3476  1597  3577  4004  13212  9793  9912 17449  4593  6556
 3485    3063  1014  3253  3578   8397  5397 17450 12333 12329 14373
 3486     105  2139  3551  4001   4388 17451 17452 17453 17454 13085
 3487      79   674  3439  3715  12593 12591 17455 17456  9504 12590
 3488    1951   969   708  3927  15008  7193 10503 17457 10502 16123
 3489      91   935  2131  3756   5615  5613 15088 17458 15087  5614
 3490    2093  2079   186  3367  16833 11109 11108 17459 10028 17460
 3491     992  2133   293  3245  11756 11759 13533 15263 13532 11758
 3492    2829  2712  3327  3757  17461 17462 17463 17464 17465 12368
 3493    1721  1209  2254  3592  10260  6272  9862 17466  8791 15133
 3494    2032  1025  3186  3209   8149 11863 13120 17467 13117  7581
 3495     447  3274  3608  3704   6700 17468 17469  5345 10317 15190
 3496    1889   254  3225  3840   8230 17470  7999  8231  8233 17471
 3497    1096  2972  3327  3757  17461 14645 17472 16041  4286 17473
 3498    3025   462  3026  3369  13511 15453 11294 13770 14578 13769
 3499    3168  3042  3173  3998  15831 15828  8574 17474 17475 15829
 3500    1935  2052   302  3125  11669 17476 17477 11670  8925 17478
 3501    1091  3158  1831  3620  15438 15336 17479 13998 15439 17480
 3502    1196  2424  2333  2862   7354 11336 17481 17482 11278  5600
 3503    1091  1204  3158  3620  15439 15336 17483 16022 17484 17479
 3504    3078  3046  3212  3328   6633  5329  5332  6634  5333 14563
 3505    3318  1614  3562  3624  16043 14314 17485 16048 16044 17486
 3506    2084  2434   297  3462   8333 14477 17487 17488  9770 14476
 3507    2909  2852  3183  3214   7899 17489 11311 17490 17491 17492
 3508    2766  3229  3263  3893  17493 10671  5077  4740 17172 13657
 3509     593  1413  2047  3083   4087 15388 17494 17495  6186  7960
 3510    1773   462  2386  3720   4457 17496 17497  4456  4459 17498
 3511    1262  2595  2663  3227   5437  5441 15239 14018 13874  5440
 3512    1068   199   115  3466  15996 14568 16188 17499  4059 15997
 3513    1267   343  2606  3192   6541 17500 14124 17501 17502 17503
 3514     554  1975  1534  3469  17115  7643 12175 17504  9466 17505
 3515    2958  2834  3147  3344  17506 16751 16753 16051 16498  8264
 3516    3794  3225  3830  4024  17507 17508 15226 16356 17509 16355
 3517    2572   834   835  3375  10277 11625 17510 10282 10278 13966
 3518      24    21  3009  3010  17511 17512 17513 17514 17515 17516
 3519    3045  2818  3201  3881  15727  5250  5253 17517  5254 17518
 3520    3179  2815  3202  3422  10633  7040  7042 10803  7043 17519
 3521    2834  2946  3097  3400  17251  8776 13479 13480 17520 13478
 3522    2834  3344  3400  3823   8774  8777 16498 17521 16496  8776
 3523    3772  3738  3855  3889   5099 14288  5966  5103  4509  5964
 3524    1923   631  2479  2901   6400 17522 17523 17524 17525 17526
 3525    2723  2757  2930  4004  15118 17394 11027  5422 15119 12018
 3526    3842  3722  3851  3889  14707 13320 13766 12476  5102 14709
 3527    3814  1610  3977  3979  17527  4221  5151 17528  7908 17529
 3528    3086  2900  3364  3653  10232 17530 17531 17532 13602  4324
 3529    1127  2935  3433  3980  17533 17534 17535  9645 17536 17537
 3530    1669  1670  2992  3874  17372 17538 17539 17540 14040 17541
 3531     181   239  3797  3906   9491 15363 10556 10553 16858 10557
 3532    2071  2145  3657  3816  10868 15312 17542 17543  7761 15311
 3533    1168  2222   167  3366  13498  7727  7722 17544  7723 17545
 3534    1146  2281   222  2864  15548 17546 17547  7485 16568  6998
 3535    1244  1241  3051  3668   8901 17548 17549 17550 17551 17552
 3536    2253  2834  3204  3432  17553 12671  7893 17554  9063 17555
 3537     994  1691  3116  3552   8527  7811  7814 17556  7815 16580
 3538    2498  3026  3027  3218   4885  4886 11103 17057 11099  4888
 3539    2597  2787  2861  2924  13844 17557 15168 17558 15398 17559
 3540    1942  1941  3660  3928  17560 17011 17561 17562 17563 17094
 3541    2976  3086  3259  3840  16918 16921 13230 17564 17565 15250
 3542    1278  1077  2603  3229   4764 10857  9169 17566  5080 17567
 3543    1915  3847  3886  3946  11785 13016 17568 17569 15846 13015
 3544    1777   549   169  3782  17570 17571 17572 17573 17574 17575
 3545    2213   522  3377  3436   4516  8999 13843  4521  4517 17576
 3546    1413  2047  3083  3089   4082  5763 17495  4087  4083  6186
 3547    2794    98  3551  3766  17577 17578 12196 12192 17579 12191
 3548    3092  1450  3308  3584  10393 17580 10950 10398 10394 17581
 3549     699  1852  3044  3715  17582  7823 17583 17584 16680 17585
 3550     377   979  2637  2816   4527  9194  9196 17114  9193  9742
 3551    1479   658  2224  3327  17586 12372 17587 17588 10098 17589
 3552    1467  2920  3109  3338  15887 15891 15328 11849 10781 15890
 3553    1307  1707  1302  2712  17590 17591 17592 17593 17594 17595
 3554    1942  1941  1010  3660   4266 17094 17561 17596 17562 17597
 3555    2971  2884  2973  3568  15735 17598 17599  5371 17600 17601
 3556    1781    82  2568  3860   7357  7361 17602 11361  7847  7360
 3557    1363  1542  3043  3179   4148 17603 17604 14552 14554  4990
 3558     663  2944  3300  3708  10052 17605 15252  4568  5624 15253
 3559    3144  2718  3549  3552   6260 17606 17607  6742  6741 10828
 3560      64   558   473  3256   6755 16974 17608  6754  6757 17609
 3561    2817  2696  3052  3408  14940 12456 12398 12527 14942 17610
 3562    2585  2662  2665  3257  17611 17612 17613 15684 15476 17614
 3563    2695  2696  2773  3052  17615 12529 12526 17616 12527 17617
 3564    1794   251  2267  2982  11047  9400 17618 17619 17620 14159
 3565    2794  2701  2940  3577  17009 17621 17622 17010 14068 17623
 3566    2817  1907  3350  3589  17624 11775  4701  7794 17625 12455
 3567    1636  3389  3634  3776  17050 17048 13101 17626 16871 17047
 3568     997   743  1443  2929   5777  5774 17627 17628 17629  5775
 3569    1628   300  2950  3121   7555 17630 12363 12361 17631 12364
 3570     458  1572   504  3376  17632  5162  9199 17633  9198  9598
 3571    3738  3806  3819  4005   4370  4506 14172 17634  5980  4507
 3572    3672  1544  3714  3890  12206 13727 15865  9415 15866 12105
 3573    2726  1487  2743  2867   5076 12618  6379  6375 12085  6374
 3574    3158  2880  3186  3563  17635 16733 17636  4853 17637 17638
 3575     198  3575  3815  3848  11286 15777  5220  4173 11287 12281
 3576    3908  3801  3922  4028  16774 16772 13864 17639 17640  4166
 3577    2899  2989  3295  3473  17641  4999 14548  7671 11776  8467
 3578    2343  2903  3321  3930  17642  4407 17643  6877 14394 15988
 3579    1433  1726  1199  3725  17644 17645 17646 17647 17648 11910
 3580    2774  2816  3316  3680  10088  7107  6458 17649  7106 13098
 3581    2927  2943  3032  3039  12598  5119  4622 17650 17651 14928
 3582     951   956  3833  3989  14256 17652  8248 14257 14259 17653
 3583     271  2370  2394  3121  17654 17655 17656 17657 17658 17659
 3584     611   726   612  3865   9909 15292 17660 17661  6734 15293
 3585    2650  2765  2800  2963   4217 13915  8046  7007  7009  8564
 3586     772  2926  3277  3296  14555 15624 15007  6027 17662 10654
 3587    1271  2754  2854  3041   7871  7869 17663 17664  9064  7868
 3588    2973  2971    42  3464  11680 13641 17601 11679 10107 15734
 3589    1816  1171  2605  3654  14061 17665 17666 17667 12154 11111
 3590    2663  2595  2810  3227   5756  5437 14018  5121 13874  5759
 3591     446   827  3585  3995  15374 17668 17669 17670  8369 17671
 3592    2954  2766  3263  3393   8495  8493 17672 13657 17673  8492
 3593     192  1361  2943  2988   6271 11252 12425 12426 17674 11251
 3594    1858  2024  2876  3077  16874 17675 17676 10888 17677 17678
 3595     611   612  1725  3616  17679 15294 15293 17680  5058 17681
 3596    1917  1396  1973  2711  17682 17683 17684 16244  7589 17685
 3597    3445  1902  3825  4000  17686 17687  9722 17688 17689 17690
 3598     105  1055  3551  3766  17577 17691 17692  8086  7470 13085
 3599    2291  2138  3550  3941   9707 17693 17694 17695 17696 17697
 3600    2764  2453  3123  3656   4843 17328 12995  4848  4844 15843
 3601    1299  1302  1096  2712   7132  7136 17698 17699 17590  7135
 3602     662  3224  3835  4025  10020 17700 15211 17701 17702 17703
 3603    3449  2709  3572  3780   6222 17704 17705 11186 17706 17707
 3604    2005  3150  3426  3967  17708 17709 17710 17711 14365  9644
 3605    1493  1325  2226  2647  17712  6982 12146 17713 17714 17715
 3606     578  2571  3216  3969  17716 17717 17718 13416 17719 17720
 3607     846  3076  3238  3439   6167 11983 11986 17721 11982 16944
 3608    2910  2810  3301  3914  17722  4652  4742 14391 17723 17724
 3609    3702  3567  4008  4032   7283 17228 17725 17726  5361 17727
 3610    3835  3224  3852  4025  17728 10020 17701 17729 17702 17730
 3611    3250  1208  3356  3549   9023  6263  7381 13876 17731 11606
 3612    2765  2875  3083  3276  10042 10040  8563 17732 12946 10039
 3613     700   751    22  2605   6440  6444 17733  9185  7922  6443
 3614    2653  2771  3085  3196  13806 17734 17339 13807 13808 17735
 3615    2782  2620  2979  3186   4849 17736 17737 17738 17739 17740
 3616    2285  1184  1729  3723  10677 17741 17742 17743 12445 17744
 3617     363   356  3496  3668  17033 17745 17746 17034 13352 17747
 3618    3237  3365  3424  3915  15572 17748 16177 15013 15573 17749
 3619    3436  2213  3649  3898   5196 17750  8999  5201  5197  8995
 3620    3011  1761  3012  3047   7402 17751 17752 10132 10128 17753
 3621     339  2669  2856  3182  12358 12360 17754  8223 15909  7310
 3622     329  2464  3231  3944   7565  5925  6008 16517  6006  4900
 3623      66  2671  2873  2862  17755  7353  7355 17756  5870  4355
 3624     755  1376   887  3486  17757 17758 17759 17760 14177 17761
 3625    2184   174  2017  3461   9846 17762 17763 12518 12520 17764
 3626    1389   173  2460  3401  17080 11499 17765 17081 10416 17766
 3627    2635  1552  2844  3481  17767 14363 11989 17768 17181 15756
 3628    1770  2489  1850  2950   5130 17769 17770  5126  5125 17771
 3629     304  1367  2040  3582   8662 13526 17772 16162 16161 13529
 3630      52  1045  3615  3721   9229 11520 11518  8385  9230 17773
 3631    1234   749   132  3381  17774 10077 17775 17776  9597 17777
 3632    3282  2040  3582  3709   8550 11390 13872  8662 13873 11561
 3633     476  1523  1673  3380   8436  6990 17778 17779 17780 17781
 3634    2532   317   318  4015  17782 10485 17783 17784 17785 17786
 3635    1746  2891  3560  3954  10587 12167 17787  5417 15317 17788
 3636    2401  2115  1584  2625  14251 11305 17789 17423 13192 17790
 3637    2346  2360  3258  3381  17791 15513 15516 17345 12287 17343
 3638    2818  2772  2869  2905  10604  9259 14350 14347 17792 14346
 3639    3086  2976  3259  3870  15247 13228 13230 15250 13231 17564
 3640    3005  2525  3004  3706  15884 13197 17793 17794 17795 17796
 3641    2341  1882  1624  3427   4881  4449 17797 14213 11542 17798
 3642    3168  3175  3489  3954   4274 15319 17799  4279  4275 15318
 3643    1596  2758  3410  3647  17800 14737 17801 17802 11964 17803
 3644    3486   887  3584  3791  17804  7289 17757 17805 17806 17807
 3645    2760  2812  3329  3632  10234 16912 17024 17808 16615 15064
 3646    2945   552  3636  3397  17809 11091 17810 17811  6766 17812
 3647    1678  2881  3120  3561  11687 17813 10749 11691 11688 13059
 3648     361  2654  2714  3272  17814 15820  5187  5184 15819  5188
 3649    2622  2940  3167  3992  17815  6060 12056 17173 12055 17816
 3650    1456  1398  2989  3383  14790 14789 17817 17818 17819  7673
 3651    1313  1315  2855  3686   4796  4794 10242  9357  9358  4273
 3652    2224  1491  2602  3327   5043 17586 17820  5044  5046 17821
 3653    1912  1701  1973  2711  17682 12303 17822 17823 17824 17825
 3654    2879  2989  3209  3383  16271 16273 17826 17827 14790  4953
 3655    3143  3611  3694  4012  10164  9095  8258 10165  5088 17828
 3656     563  3511  3089  2047   4083 17829 17830  5766 17831 17832
 3657    2535  2410  3333  3917   6988  8003  8004 17375  7210  8837
 3658    2343   792  2903  3930  14394  4407 17833 10145 14395 17643
 3659     412   925  1504  3540  17834  6686 17835 17836 15407 17837
 3660    1631  2234  1549  2924  17838 13422 13419 17839 13420 17840
 3661     494  1122  2951  3093   8994  8992 15102 17841 15103  8991
 3662    1492  2737  2767  2822  15834  6744 14731 15347  7744 15299
 3663    3067  2956  3430  3621  16665 12383 17842 17843 12498 16664
 3664    1254  1088  1257  2778  17844 17845 17846 17847 17848 17849
 3665    3017  2825  1525  3703  17850 17851 16027 16024 17852 16028
 3666    1502  1822  3177  3749  17853 17854 17855  6217  8738  4676
 3667    1504   925  1789  3540  15404 17834 17836 15405 15407 17856
 3668     945   489  2972  3538   5458  8010  8008  5934  8007  5609
 3669     384  1505   466  2678  17857  7236 17858 14927  9012 17859
 3670    3245  3313  3565  3734  10835 12490 17860 10839 10836 17861
 3671    1108  1107  4010  4013  17862 17317 17863 17864 17865 17866
 3672    1920  1762  2192  3276  15633 12996 17867 15637 15634 17868
 3673    1502  1879   599  3749   8773 17854  4679 17869 17870 17871
 3674    3070  3270  3793  4012   9733 17872 17873 17874  9046 17875
 3675    2532   319   321  4015  17876 10485 10989 17877 10988 17878
 3676    1755  1791    23  3541  16226 17879 17880 17881 16846 17882
 3677    1617   191  1096  3327  17473 10099 17883  7137 12369 17884
 3678    2910  2369  3301  3773  11122 15278 17885  8450 11123 17724
 3679     705   263  2816  3680   7106  6625 10090  4399 10087 17886
 3680    1324  1321  2682  2945  13444  6472 14134 13443 11026 17887
 3681     813  2885  3064  3932   7328 11970 13848  7333  7329 11969
 3682    2814    24  3010  3047  17888  9609 11880 17512 17889 17890
 3683    2692  3064  3206  3932  17891 17892 17893 11799  7328 16208
 3684    1730  2747  3540  3558  17894 15595  6785  6782 17895  6786
 3685     353   769  1945  3115  15060  7445 17896 17897 17898 13507
 3686      49  2119   985  3691  12124  4209  4213 12125  4208 17899
 3687    2887  3131  3256  3288   4040 15070 17900 10565 10647 13433
 3688    1544  2444  3140  3672  12889 15865  9413 17901 17902 17903
 3689    3350   524  3408  3589  11547 17624 17904 11552 11548 11903
 3690    2731  1611  3330  3489   5837  5840 17905 17906 17907  5839
 3691    1419   230   780  2910  10391 10388 17908 17909  4657 10389
 3692    1774  1513  3829  3935   5994 12669  5667  6242  6238 12668
 3693    1414   995  2063  3420  17910  8129  8126 17911  8127 17912
 3694     330  2040   279  3582   8555  8553 13527 17913  8662  8552
 3695    1339   330   326  3582  16786 16789 17914 17915  8553 16788
 3696    2456  1181  1659  3476  10981  9600 17916 17917  9796 17918
 3697    2634  2965  3756  2755   9853 13195 13196 14219 13193 14189
 3698    3191  2723  3297  3767  17919 17920 17921 13006 14302 14664
 3699    1583  3413  3841  3869  14179 12513 17922 14180 12493 17319
 3700    3410  3264  3985  4020  10460 17923 10960 10464 10461 10958
 3701    2525  3521  3522  3706  17924 17795 17925 17926 17927 17928
 3702    2391   446  3585  3995  15374 17929 17930 17671 17668 17931
 3703    1054  1555  3451  3578   8396  8400 17932 17933 17934  8399
 3704     397  1458  2552  3837  10738 11973 17935 10739 10741 11972
 3705     613  2450  3061  3108  12707  6868  6872  6905  6867  6908
 3706    1167   913  2105  3874  17936 14043 10721 12766 17937 17938
 3707    2202   556  1001  2955  12065 17163 17160 17939 17161 17940
 3708    1021   715  1868  3576  17941  9740 15763 17942 15760 17943
 3709    1963  2298  3222  3938   5864 10356 17944  5671 17945 17946
 3710    3384  3372  3566  3888   6479  6477  4312 17947 10540  6478
 3711    1626  2344   638  3167  14234  8255 17948 17949 17950 14235
 3712    1238   599  1879  3749  17870 10377 10375 17869  8773 17951
 3713    2650  2667  2909  3354   8044  8048  8131 17952  8973  8047
 3714    1280  2623  2734  3147  13638 17953 17954 13637 13640  9632
 3715     268  2175   986  3684  17955 11037 14545 17956 17957 17958
 3716      98  2327  3551  3766  17577 17579 12193 12195 17959 12192
 3717    2249   581  2531  3655   7415  6357 16069 17960 16068 17961
 3718    3040  3224  3378  3390  17962 17963 13028  6618 15214 13029
 3719     480  3622  3913  3962  17964 17965 15720  6243 16990 15719
 3720    2818  2870  3045  3391  17966  9258  5252  5255  8214  5253
 3721    2828  2594  2857  2975   8895  8899 17967 17968 11364  8898
 3722    1079  1598  1991  3548  13285 13282 17969 17970 16954 13283
 3723    1860   387  1842  3648  15853 17971 17972 17973 17974 17975
 3724     415   170  3061  3704   6643  6701 15911  6648  6644 15910
 3725     640  1077  2603  2674   6150 17976  5078 17566 17977  4769
 3726      20  2677  2686  3274   5348 13372  9457  4717 13371 17978
 3727     712  2911  3128  3155   8589 15350 12863 14116 11716 17979
 3728    2681  2685  2770  3197  11512 17980 17419 17981  4787 17982
 3729     194  3144  3549  3552   6260  7623  4159 10828 17606  7622
 3730    1416  1591  3324  3858   4306  5326 13037 17983  4498 17984
 3731     250   266  1541  3392   5856  4537 17985 17986 16234  5854
 3732    3385  1583  3751  3897  17987  6014 17988 17989 13356 17990
 3733    1492  1929  2737  2822   7744  6744 17991  7748  7745 14731
 3734    1105  1499  1848  2801   5454  6336 17992 17387 17993 12302
 3735    3084  3165  3194  3313  10167  9914  8647  4658 17994 16420
 3736    2920  2805  2982  3338  10054 10781 10778 17995 10779 11848
 3737      42   733  2973  3464  13641 11680 17996 17997  7049 15734
 3738    1908  1905  2817  2978  12401 17998 12344 15277 16769 15275
 3739     530  1228  3469  3485   8184  8965 17999 18000 16130  8964
 3740    2132  2656  3168  3814  15832 18001 18002 18003 18004  8575
 3741    3453   721  3644  3797   7273 16493  5269  7277  7274  7690
 3742    1136  1508  2904  3600  14465 14463 18005 18006 18007 14464
 3743    3158  1204  3186  3620  16164 15439 16022  7584 17484 17638
 3744       1  2738  2884  3736  13276 18008 18009  9806 13279 11273
 3745    2296  2159  1002  3138   6111 11291 18010 18011  8203 18012
 3746    2698  2753  3217  3440  15257  6577  8485 18013 18014 18015
 3747     967   178  1515  3433  18016  6327  6325 18017  6324 18018
 3748    2592  2593  2663  2810   5759 13096 12342  5758  5760 15205
 3749    1727  1202  2107  3395   6545  4903 14332 13342 18019 18020
 3750    3665  2860  3758  3929  10431 14580  8098  5242 12129  4328
 3751    1912  1973  2646  3396  11206 14136 17825 16246 16243 18021
 3752     601  3258  3363  3381  18022 15514 18023 18024 17791 18025
 3753     994    70  2949  3116   8529 16580 16583 18026 13293 18027
 3754    2925  1902  3207  3589  12738 12740 18028 18029  9725 12739
 3755    2592  3227  2663  2593   5758 12342 18030  5437  5757 15205
 3756    2664  3208  3404  3929  13403 13407 18031 16018 10434 13406
 3757    2588  2933  2965  2984   8953 11491 13273  8952  8955 11490
 3758    3804   959  3849  3879  18032  8526 18033 18034 18035 18036
 3759    1904  1903  2696  2978  12399 16767 18037 18038 13570 18039
 3760    2797  2900  3597  3653   5687 18040  8736 18041 13602 18042
 3761    1054   793  2736  3057  11832 18043 18044 16890 16891 18045
 3762    1083  2648  2703  3932   9572  9215 15743 15740 18046 15744
 3763     535    90  3043  3080  11233 18047 14697 11238 11234  4993
 3764    3208  3544  3986  4032   5357 13938 13937  5362  5358 18048
 3765    2695  2708  2773  2952  18049  9189  9171  4842  9188 17617
 3766     692   691  1170  3398   4092  4089 18050 18051 18052  4090
 3767     718   509  2474  3601   8325 18053 18054 18055 18056 13626
 3768    2312  2361  3076  3715   4358  4362 18057 15561 15557  4361
 3769    2812  2045  3329  3632  10234 16615 18058 10239 10235 17808
 3770    3502  3369  3610  3883   4412  7369  7189  4417  4413  7188
 3771    1825  2914  3103  3736   9549 18059 18060 16235  5996 18061
 3772     362  2696  2918  3712  18062  4470 18063 18064 15647 18065
 3773    3539  3343  3564  3779   4461 18066 18067 13174 18068 18069
 3774     989  1163  2964  3308  14460 18070 18071 15590 15589  9427
 3775     787   786  3031  3969  18072 18073 18074 18075 18076 17433
 3776    3279  3071  3611  3642   7306  6331  8470 10685  8469  5091
 3777    2945  3038  3203  3397  15965 11091 11093 18077  8694  4855
 3778      48  1920  2814  3515   9605 14874 12999 17242 18078 14873
 3779      41  2693  3471  3568  18079 18080 18081 18082 18083 10350
 3780    3052  2817  3252  3475  18084 18085 17610 11774 12792 15256
 3781     384  1090  1094  3294   9342 18086 18087  9499  9496 18088
 3782     572  2929  3222  3687  10009 10007  4572  4569  6199  4573
 3783    2061   366  3210  3701  18089 12246 18090 13411  9360 18091
 3784     731  2495  3041  3539  13993 18092 18093  9117 18094  5233
 3785    1207   444  3549  3552   6260  7379 18095  7624  7620 18096
 3786    1317  1316  2607  2727   7448 18097 18098  7453  7449 18099
 3787      92  1018   881  3429  18100  4437 18101 18102 18103 18104
 3788    1083  2703  2728  3932   7332  9215 15744 18105  9572  9214
 3789    2876   903  3176  3628  18106 10883 10886  6565 10887  8847
 3790    2496  2499  3531  4012  17100  9043 18107 17121  9929 18108
 3791    1525   906  3017  3703  17851 17850 18109 18110 18111 16028
 3792    2365   204  2952  3339   8620 11838  6969  8746 18112 16527
 3793    1610  3407  3904  3963  18113  5152  5150  5301  5149  5304
 3794    1995   269  1514  3345  14102 11081 11079 18114 11078 16256
 3795    3067  2839  3213  3892  18115  8093 18116  8035 18117 18118
 3796     587  1864  3429  3639  18119 14857  4439  4436 18120  4440
 3797    2719  2718  3144  3399  17158 18121  5314 17607 18122 18123
 3798     665   668  3172  3622  13802 13800  8358 18124 18125 13799
 3799     109  1735  1111  3486  10957  6144 18126 18127 10499 10955
 3800    2499  3530  3531  3694  13683 17122 18128 18129 18130 17121
 3801    3248  3276  3541  3654  18131 18132 11147 11144 10037 11148
 3802    1483  2069  1519  2802   6351 18133 18134  6352  6354 12460
 3803     353    15  3311  3402   7443  7446  6071  6068  8613  6072
 3804    1267  1262  2606  2663   5872  5442  5439  8640  5440 17503
 3805    2454  1385  1187  3334  18135  6109 18136 18137 14520 13065
 3806    3465  3335  3810  3846  11341 10566  5172 18138 10569 18139
 3807    2489  2167  2950  3440   6579 18140 18141 18142 12464  5125
 3808    1569  3670  3899  3951  11067 18143 18144  7882 13308  9979
 3809    1725  1498  1497  3635  18145 18146 18147 18148 18149 18150
 3810    2765  2650  3248  3541  11148 11145  8046 13462 18151 11146
 3811    2751  2936  3058  3586  14439 14437 12719 15925 12617 14436
 3812    2035  2598  2716  2969  10889  5694  5698 18152  5693 10892
 3813     674   846  1645  3439  18153 17456 18154 16945 11983 18155
 3814     650  1171  1816  3654  17665 15957 15958 17666 12154 18156
 3815     197  1118  3138  3286   6654 15183 11811  6659  6655 10920
 3816     220   250   872  3392   4534 16091 18157  4538  4537 16090
 3817     493  2255  2582  3923  18158 18159 18160 18161 18162 18163
 3818    2045  2451  2812  3329  17808 10239 18164 18165 17035 18058
 3819     965  2868  3101  3412  18166 15365 18167 11085 18168 18169
 3820    2614  1318  2639  3861   4759  8082  8081 18170  8080  7422
 3821    2713  2921  3811  3881  12394 18171  5553 18172  8831  7299
 3822    1993   216   455  3494   4755 13424 18173 18174 18175 18176
 3823     353   911  2143  3639   8912 18177 18178  8913  8915 18179
 3824    1852   699  3044  3666  18180 10386 17583 17585 18181 17584
 3825    1132  2168  2897  3996  17309 18182 18183 18184  4419 18185
 3826    1393  1342  3414  3707  15461  4369  4366 18186  4367 18187
 3827     557  2337  2472  3848  13380  4532 18188 13385 13381  9859
 3828    2329  2328  1773  3720  17496 18189 18190 18191 18192 18193
 3829    1199  3060  3626  3725  18194 17644  6973  6970 18195  6974
 3830    1623  1596  3647  3798  10743 18196 14735 14737 18197 14734
 3831     370  1139  3839  3847  11177 15525 15522 18198 15523 18199
 3832    1984   229   333  3268  14570 10330 18200 18201  9263 18202
 3833    2649  2951  3093  3099   8989 11058 14992  8994  8990 18203
 3834    1382  2243  2306  3656   5052  4847 18204  5051  5048  7930
 3835     916  2919  3216  3401  17084 12028 18205 18206  4835 13581
 3836    1847   635  2693  3282  13012 15509 18207 12992 18208 18209
 3837     792  1405  2343  2903  17643 10145 18210 18211 10213 17833
 3838    3133  2758  3410  3984  18212 16006 11961 17802 18213 18214
 3839    3867  3454  4008  4032   7283 15869  7434 18215 15316  4377
 3840     959   952  3758  3879  15797 18035 18216 18217 18218 18219
 3841    2671  2606  2897  3211  18220 18221  5873 14684  7669  7577
 3842    2921  2672  3169  3795  18222  5550  6609 18223  6610 10186
 3843    2141   572  1963  3938  10356 18224 18225 18226 10008 18227
 3844    3036  2093  3367  3427   4448  6195  8595 11109 11107 18228
 3845     527    36    38  3282  18229 15508 18230 18231 11392 18232
 3846    2346  3258   601  3381  15514 15513 17343 18023 17791 15517
 3847    3065  3059  3305  3572  18233 18234 18235 12742 18236 12482
 3848    2681  2824  3076  3495  18237 18238 13021 15559 18239 18240
 3849    2963  2667  3068  3354  14605 14606 18241  9137  8973 13913
 3850     379  2167  2489  3440  18140 12465  8292 18141 12464 18242
 3851     785  2300  3413  3555   7496  8761 18243 18244 11624  8760
 3852     533  2630  2633  3260  18245 18246  7519  7516 18247  6234
 3853    1872   653   311  3184   4803  5111  5109 18248  5108 18249
 3854     568  1173  1502  3749  17854  8771 15811 18250  8741 18251
 3855    2647  1930  2741  3689  18252  5781  6984 18253 18254  4435
 3856     661  2372  3079  3949  12723 18255 14917 14918 18256  8474
 3857      35   788   279  3709   8551  9663  9661 18257  9660 18258
 3858     221  2447  2547  3698   5094  4511  4515 18259  4510  5097
 3859    2686   380  2969  3402   9535  7084 12376  9105  9536 10890
 3860    3748  3738  3772  3806  14290 18260 18261  5966 14172  8416
 3861     344  3127  3126  1278  10861  9167 18262 18263 18264 10859
 3862     351   199   231  3466   5931  4062  4060 18265  4059  5929
 3863    3165  3649  3734  3898  18266 18267 18268 14753  5196 12489
 3864     745   525  2832  3161  10862 18269 18270  7464 18271 18272
 3865    2655  1905  3350  3777  18273  8660 12345 12343 16765  7790
 3866    2529  2528  3379  3706   4665 13201 13199  4111 13198 13263
 3867    3072   972  3255  3641   8531  8535 13585 15178  9378  8534
 3868     330  3491  3582  3709   8550  8554  9057 18274 18275  8553
 3869    1833  1834    42  2971  11679 11461 11465 18276 11460 13972
 3870    1282   122  3137  3184  14364 11173 14497  5403 18277 14494
 3871     903  2024  2876  3187  10411  6566 10885 10888 18278 10886
 3872    2220  3234  3985  4020  10460  9778  9776 18279  9775 17170
 3873    3607  2945  3676  3119  14589 12240  6475 18280 18281 10967
 3874    2042  2843  3177  3680  18282 14356 18283 18284 12949  6220
 3875    3643  2313  3880  3950  14666  9384 18285 18286 16470  9635
 3876     891  3332  3621  3920  18287 18288  5735 18289 18290  8104
 3877    1816    22    25  3248   9693 11112 11110 18291  9186 16848
 3878    2437  3240  1776  3826  18292  5877  5881 18293  5876 18294
 3879     317  2532   321  4015  17876 17785 17783 17878 10485 18295
 3880     240  2469  3703  3836  13360 14597 18296 13365 13361 18297
 3881    2410  2537  3333  3917   6988  7210  7214 12861  7209 17375
 3882    3328  3224  3727  3852   5988 13218 13517  6684 17729 12571
 3883    1488   969  1804  3927  10501 16190 18298 10505 10502 16191
 3884    1548   240  3703  3836  13360 18299 18300 18297 14597 18301
 3885      84  2343  1405  2903  10213 10211 15987 18211 17643 10210
 3886    2448  3469  1500  1975   9467 18302 10112  9469  9466 10115
 3887    3410  3133  3984  3985  15043 10958 18214 16006 18303 18212
 3888    1531   113   468  3204  18304 13183 15231 18305 15232 15678
 3889    2657  3177  3316  3749   8737 18306 18307 18308 17853 16507
 3890    1975   484  1534  3469  17115  9466  9470 18309  9465 17504
 3891     346  1089  3166  3613  15036 11267 13269 18310  9162 13564
 3892     258  1938   113  3204  15232 18311 14806 18312 18313 18314
 3893    3454  3822  3867  3940   7435  7433 18315 18316 18317  7434
 3894    1357  2191  1700  3203  12658 12661 18318 18319  4587 12660
 3895    2720  2816  2892  3606  11822  8172  8585  4522 18320 18321
 3896     162   750  3492  4017  18322  4819  4822 18323  4823 18324
 3897     725  2480  2180  3473   6774  6771 15926 18325 10369  6775
 3898    2894  2899  3348  3725  18326 18327  7558 16554  8349 15221
 3899     883   966  1362  3429  18328 18329  7342 10332 17333 18330
 3900    3266   229   936  3367  16829 15737  9266 16834 16830 16285
 3901     675  1687  1933  3548  10111 10110 18331 18332 15423  5207
 3902    2610  2645  2783  3267   5426 18333  6491 11054  5174 13166
 3903    1370  1172  2536  3658  13109 16744 10924  6730 18334 18335
 3904    3255   972  3363  3641  13474  8531 15178 18336  9378  7426
 3905    1789   499  2364  3329  12311 15408 18337 18338 10150 18339
 3906     396   145  1883  3591  16818 18340 18341 18342  5548 18343
 3907     707  1726   725  3473   6771  6776 18344 15927 10372  6772
 3908     133  2270   966  3786  18345 14155 14152 18346 14153 18347
 3909    2713  2659  2784  3881   8834 18171  7297 13046 13048 18348
 3910    1403  1883   145  3591   5548 16450 16819 18342 16818 18349
 3911    1819  2145  2071  3816  15312  7764  7762 17542  7761 18350
 3912     833  1142  1730  3558  15595 18351 18352 15594 15591 18353
 3913    2980  2837  3033  3692   9329 18354 18355 18356 18357 18358
 3914    2323  2006  3486  3791   7289  9275 18359 18360 18361 18362
 3915     145  2134  1403  3591  16450  5548 18363 16449 16447 18349
 3916    2980  3033  3304  3692   9327 18354 18358  9326  9329 18364
 3917    2618  2761  2767  3105   4105 18365 15836 15837 18366 15298
 3918     544   822   477  3767   9959  9953 17331 10092  4077 18367
 3919     751   700  1396  2711   7589  7925 17733  7588  7591 18368
 3920     733  2054  2973  3464  13641  7049 18369 13644 13642 17997
 3921    2715  2679  2883  2916  18370 18371 18372 18373 18374 10444
 3922    2515  2516  3016  3836  11433 10122 10897 14360 10896 11431
 3923      71  1050   234  3233  11553  6904 18375 18376 11676  7219
 3924    2753  1844  3217  3440  15257 18014 18377  4164 15258 18013
 3925    1791    25    23  3541  16226 16846 16849 18378 16850 17881
 3926    2820  2917  2926  3277   6027 18379 13039 13386 10650 13388
 3927    3589  3445  3638  3700  18380  9720  9723 18381  9724 18382
 3928    1015  1344  2111  2902  18383 18384 18385 18386 10422 18387
 3929    2717  2595  2927  3039   5119  6131 18388  5124  5120 18389
 3930    2900  3086  3416  3653  13598 13602 17531  4325 17530 13601
 3931    1603  1617  1096  3327  17473 18390 15485 17884 10099 18391
 3932    2313  1356  3581  3880   5292 18286 18392 18393 18394 18395
 3933     704  2930  3684  4004   6116  6120 14901  5421 15118  6119
 3934    2614  2596  2832  3406  18396  7421  7853 15332  7852 18397
 3935    2901   836   631  3121  18398  6961 13620 18399 13619 17525
 3936    1622  2940  3071  3992  11882  5518 10249 12058 12055 11883
 3937    2815  2762  2936  3067  16981 18400 15324 15327 18401 15325
 3938     498  1820  1808  3269  18402 15774 18403 18404  8959 18405
 3939    3042  2642  3468  3747  13827 14207  8577 18406 18407 18408
 3940    1650  2369  2910  3773  15278 15282 18409 17885 11123 15281
 3941     683  2482  2213  3649   5201  5199 18410 15270 14757  5198
 3942    1024   451  3419  3632  18411 18412 18413 11497 18414  4798
 3943    2886  1714  3405  3767  12250  9956  4229 16952  9955 14303
 3944    2296  1936   173  3401  10416 10415 18415 17082  7779 10420
 3945     406  2291  2553  3550  18416 18417 18418 18419 17697 18420
 3946    2809  2271  2846  3648   7544  7548 18421 18422 18423  7547
 3947    3867  3454  3926  4008   4380  4377  7434 18424 18215  4378
 3948    3557  3847  3886  3903  18425 10247  9583 17569 10246 14171
 3949    2896  2713  2921  3811  18172 10136 18426  5553  7299 18427
 3950    1867    24  2605  3047   9607 18428 16887  6441 17889 14027
 3951    2955  2757  3422  3585  15376 17159  5423 12223  7987 12222
 3952      87  1842   387  3648  17974 10754 18429 17973 15853 18430
 3953    1118  2121  1992  3286   6658  6655 18431 18432  6290  6656
 3954    3052  3252  3408  3561  12402  9387 15256 12403  5567 14940
 3955     783  2482   153  3649   6605  6602 18433 14755 14757  6603
 3956     971  1393  3424  3959   4983 18434 17264 18435  4365 12870
 3957    1237  2693  2973  3144  11935 15552 15556 18436 15551 14592
 3958      57    58  2216  2826   8246 18437  7967 18438 18439 18440
 3959    1997  1059  3349  3619   5791 12289 18441  5888  7989 10457
 3960    1902  2925  3546  3700  13694  9721 18028 18442 18443 18444
 3961     860  3071  3812  3992   6059  5514  5720  5717 11882  5721
 3962     361   278  3272  3409  18445 18446 18447 17209 18448 15820
 3963    2498  3499  2500  3735  16370 18449 18450 18451 18452 11100
 3964    2976  3435  3537  3840   8229 16921 18453 18454 12936 18455
 3965     629  2309  2454  3334   6109 16914 18456 18457  8341 18458
 3966    2126   716  2098  2947  18459 11229 11227 18460 11226 18461
 3967    1982  1886  1979  2703  18462  6653  6651 18463  5887 10084
 3968    2656  2132  3168  3312  18464  7706 18002  8575 18465 18003
 3969     423  2930  3438  3791  12016 18466 18467  4124 12017 16444
 3970     335  1018    92  3429   4437 18468 18469 18101 18103 18470
 3971     451  3072  3419  3632  18411 18414 11496 11493 13958 11497
 3972    3136  3435  3818  3929   4809 12131 18471  4814  4810 10935
 3973    1054  2736  3253  3451   8401  8399 18045  4385 12540  8398
 3974    1882  2048   571  3427   4883 11542 18472 18473 11477 14214
 3975    2350  1987  3252  3589  11772 11551 18474 18475 16453 10227
 3976     191   658  1479  3327  12372 12369 18476 17587 10098 12370
 3977    1710  2300  3981  4009   6910 12832 14831 14832 18477 12831
 3978     986  2000  3121  3800   7599 18478 18479 18480 18481 18482
 3979    3134  3423  1485  3541  18483 16224 14717 16367 17354 18484
 3980    2633   759  2802  3093  18485 18486  5647 18487 18488  7919
 3981    2795  3535  3609  3682  18489  9269  9273 10725  9092 10727
 3982    1138   728  1092  3157  18490  5521 18491 11204  7595 18492
 3983    1488   399   576  3927  18493 16190 18494 18495 14861 18496
 3984    2224   658  1491  3327   5046 17586 17588 18497 10098 17820
 3985    2633  1082  2649  2802   6691  7919 18498  6696  6692 18499
 3986    3355  3437  3550  3941   9707  9704  9700  9789  9832  9705
 3987    2048  1882  2426  3427  11540 11477 18472 11541 11542 18500
 3988      43  2803  3265  3542   4241 11754 18501 18502 18503 11753
 3989     904  1070  3716  3823  18504 10319 18505 18506 15792 18507
 3990    1589   176  2459  3286  18508 13440 13439 18509  6294  8635
 3991    2695  2773  3160  3376  12684 18510 17617 12683 12686 15689
 3992    2155  3108  3194  3491  18511 18512 17424 14919 18513 18514
 3993    2506  3505  2508  3556  10518  9942 17279 14470 14467 17336
 3994    1381  1762   328  3083  18515 13607 18516 18517 15635 18518
 3995    3079   753  3101  3412  18166 18519 18520 15645 18521 11467
 3996    2632  2872  3000  3153   7127  7126 13053 18522  7068  7131
 3997    2775  2641  2879  2931  18523  9323  9320 12552  9321 18524
 3998    2048  3427  3815   571   4879 18473 11477  4878  4883 11478
 3999    2919  2267  2982  3138   4836  4834 11045 11047 18525  4833
 4000     925  1784  1152  3540  18526 15407 18527 18528 18529 18530
 4001    3075  2419  3140  3672  12889  6005 18531 18532 13729 17442
 4002    1855  1998  2973  3144  11935 12782 14129 14127 15555 12781
 4003    2664  2976  3705  3722  18533  4891 14971 18534 18535 16779
 4004    2832  2596  2840  3406   7851 18396 15332  7855  7852  9626
 4005     983  2800  3236  3466  11456  4058 18536  4218 18537 11459
 4006     753   965  3101  3412  18166 18521 18538 18169 15365 15645
 4007    1895  2449   433  2873  14380  4357 18539 18540 18541 18542
 4008     606   783   116  3649  17232  8998 18543 18544  6602 18545
 4009    2961  2900  3307  3653  13599 13398 15144 13600 13602 13470
 4010      84  1405   324  2892  12047 10784 10210 18546 10783 18547
 4011    1531  1547  2442  3147  15611 13182 15677 15507 15612 18548
 4012    3152  1211  3326  3931  18549 18550 14287 12906 18551 16666
 4013    3249  2900  3307  3545  13467 16931 16930 13600 16929  9002
 4014    2890  2724  3053  3248  18552 18553 13818 13102 13465 13819
 4015    1398  2180   602  3473  18554 15729 15732 18555  6774 18556
 4016     401  1831  2282  3145  15419 15417 15724 18557 13997 15416
 4017    3493  3507  3556  3836   6923  6927 15395  5367 18558  6926
 4018    2201   824  2103  3415  12821  8819  8822 12820  8823 18559
 4019    1749     6     7  3288  18560 15073 18561 18562 13744 16867
 4020    1770  2901  3217  3440  15257 18563  6824 17441  6780 18564
 4021    3067  2351  3621  3892  12500  8093 12382 12385 18565 12383
 4022    2883  3363  3381  3641   5160  8532  7430 18022 13474 18566
 4023    1824   545  2671  3345   5256 14611 18567  5261  5257 10466
 4024    2805  2641  2972  3757   4286  5456 15284  4291  4287  5457
 4025    2644  2847  3087  3610  11653 18568 18569 11652 11654 16228
 4026    2290  1547  2834  3823   8777  8775 18570 16049 18571  7890
 4027    2198  1071  3419  3632  18411 18572 18573 18574 18575  4576
 4028    2822  2761  2828  3222  15104  4570 15835 18576  5869 18577
 4029    2504  2505  3023  3369  18578 18579 18580 18581 18582 18583
 4030    1611  1613  3330  3489   5837 17907 18584 18585 18586 17906
 4031    1727  2107   900  3395  11543  4903 18020 18587  6545 18588
 4032    2833  2828  3222  3938   5864  5868  6047 15104  6046  5867
 4033    2242  2063   995  3420   8127  6044 18589 17911 17910 18590
 4034    3183  2852  3493  3569  16313  9206 17490 12778 18591 16578
 4035    3118  1758  3341  3934  18592  7806  9464 18593 18594 18595
 4036     502  1138  1793  3157  11409  5524  5522 12798  5521 11407
 4037     124  1791  1755  3541  17879 18596 18597 17880 16846 18598
 4038    2891  3643  3707  3711  15672  5418 18599 18600 18601 16882
 4039    1008  2801  2806  3613  18602 18603  6339 18604 18605 18606
 4040    2093   186   229  3367  16830 11109 17460 16831 16833 17447
 4041    2445  2256  1285  3744  18607  6585  6583  4549  6582  9107
 4042    1906  1902  3546  3700  13694 13206 18608 18444  9721 13695
 4043    2484   619   696  2988  16908 18609 18610 16434 16001 18611
 4044       2  3307  3387  3416  16688 16691 11916 11921  9000 11917
 4045    1944  3451  3472  3729   5306  8162  8166 18612  8161 18613
 4046    1180  1891  1097  2779   7221  7220 18614 18615 13340  7225
 4047    2232  1549  1205  3443  16903 18616 18617 11412 18618 18619
 4048       7     8  3185  3288  18620 18560 16868 12810 18621 16865
 4049    2825  2516  3089  3836   7116 18622 14359 10899 10896 18623
 4050    3032  2613  3039  3177   6128 11587 11585  6133  6129 12598
 4051    2051  1040  2052  3928  17015 18624 18625 18626 18627 18628
 4052    2606  1076  2663  2844  15208 18629 18630 18631 18632  5872
 4053     282  1693  1414  3535  16398 15138 15136 16399 15135 18633
 4054    1485  1015  1741  2902  16368 16366 18634 18635 18384 16365
 4055    2711  1917  3248  3342  15968 16640 17683 15973 15969  7920
 4056    2617  2750  2754  2834   9061 14893 18636 11443 18637 14892
 4057    1505  2673  2678  3294   9174  9341  5040  9014  4094  9012
 4058    2926  2827  3176  3277  14710  6027 13387  8850 14711 11617
 4059    3300  2944  3331  3962  17077 18638  4568  4564 16992  4563
 4060    2890  2875  3248  3276  11147 10814  7207 13461 12946 18553
 4061    2574   264   265  3375  18639 10281 18640 11636 18641 18642
 4062     759  1483  2633  2802   7919 18487 18643 17040 18133  5647
 4063    1400   462  1655  3218  15588 16565 18644 18645 17396 18646
 4064    2697  3361  3479  3764  16523 18647 18648 16525  9521 18649
 4065    1824  2339  2705  1195   8922  8924  4246  4248 16383  4245
 4066    2945  3130  3397  3676  12067 18280 15599 12068 12070 11091
 4067    2094  2009    64  2885  16975 18650 18651 18652  7638 18653
 4068    1280  1274  2623  3147  13640 17953 18654 18655 18656 17954
 4069    3052  3351  3252  3561   5567  9387  9390 18657  9386 15256
 4070    3168  2656  3312  3555   7707 17045 18003  7706  7709 18464
 4071      31    32  2968  3061   4688  9303  4923  4693  4689  4919
 4072     192   619  2988  3421  11249 11253 15999 16001 16432 11252
 4073    2162  2041  2161  3110  12084 12083 18658 18659 18660 12082
 4074     679   410  3021  3411   7267  7271 18661 18662 18663  7270
 4075    2946  2854  3041  3097  13477 13480 18664  7871 18665 11441
 4076    2507  2632  2998  2999  18666 18667 11643 11931 13077 12638
 4077    2417  2232  1684  3185  10195 12809 18668 18669 18670 15748
 4078    1628  2950  3081  3684  12347 12351 12364 15184 11036 12350
 4079    1724  1994   243  2988  15998 10005 10002 18671 10003 18672
 4080     846   674   313  3439  11985 11983 18154 18673 17456 11984
 4081     155  1844  2753  3440  18014 18674 18675 18377 15258 18676
 4082    1987  2350  3374  3589  12909 16453 18474 18677 11551 18678
 4083    3636  3397   552  3398   6767 18679 17809  6766  6763 17811
 4084     444  1207  1214  3552  12655  7620 18095 18680  7379 12657
 4085    2836  2838  2941  3247   7662  4865 18681 18682 18683 12107
 4086    2504  3023  3024  3369  15037 18579 18583 18684 18578 18685
 4087    3176  2926  3187  3387  15502 11619 11617 18686 11616  6562
 4088     295  2961  3675  3868  11014 13390 13393  6025 13389 18687
 4089    2264  1049  1620  3419   4801 17216 18688  4800  4579  7973
 4090    3426  3150  3521  3706  17927 18689 17711 18690  4870  7935
 4091    1061  3323  3444  3827   7110  4602 18691  7111  7113  9903
 4092    1210  1380  3204  1182   5021 17141 13890 13892 18692 13889
 4093     533  1082  2633  2802   7919  7918  8510 18498  6692  6234
 4094    2807  2762  2815  3447  10802 18693 15323 15324 15576 15326
 4095     696  1632  3032  3421  12594 16431 18694 16083 16081 11157
 4096    1512  2462   941  3752  10407 13883 18695 18696 18697 13884
 4097     831  3411  3490  3556  14370 11374 18698 18699 16926 14371
 4098    1814  2735  2792  3953  18700 18701 11991  8652 18702 18703
 4099    3270   913  3874  4012   9042  9046 18704 17937 18705  9045
 4100    2853  2791  3104  4011  15934 14958 14959 18706 12060 15875
 4101    2804  2765  3083  3654  10038  6126 18707 10039 10041 12580
 4102     283   477  1653  3767   4076 16951 18708 10091  9959 18709
 4103     328  3514  3037  1762  18710 18517 18711  9641 18712  8364
 4104    1114   798  3194  3649   5532  5536  7552 18713  7550  5535
 4105    1543   129  3100  3285   9444 14715 14713  6711  6842 18714
 4106    3374  2893  3879  3888   7511  7515 10000  4447 18715  7514
 4107    2897  2635  3055  3996  15754 17309  5476 15759 15755 17072
 4108    3419  3329  2760  3048  18716 18717 18718 15064 15651 18719
 4109     919  1926  1068  3725  18720 18721 18722 18723 18724 15667
 4110    3122  2981  3664  4021  12980 18725 11656 12985 12981 18726
 4111     431  2217  2983  3395   7001  6544  6547 18727  6548  9406
 4112    1202  1727  2779  3395  18728 18019 14332 14330  4903 13344
 4113    2987  2815  3034  3231   9828  6021 11793 18729 11792  9829
 4114    1498  1571  1232  3635  14700 18149 18730 18731 15471 18732
 4115    2644  2697  3610  3764  13255  9524 18733 18734 18647 18568
 4116     513   712  3128  3155   8589  8592 18735 17979 15350  5640
 4117     979   377  2637  3247   9743 12629  9196  9742  5843 17114
 4118    2485  2569  3031  3969  18072 18736 18737 18738  8279 11470
 4119    2591  2623  2754  2834   9061 18739 18740 14894 14890  4624
 4120     782   423  3584  3791  17804 13538 18741 16445 18466 18742
 4121    3423   866  3541  3654  18131 13772 13775 17355 13776 17354
 4122    2475  1686  1549  3443  18618 10346 16927 18743  8843 18744
 4123     672   299  1843  2856   8224  4056 18745  8225  8227 10573
 4124    1428  2197  3830  3842  12434 13319 13459 12438 12435  9081
 4125     765   434  1832  2949  14226  8764 18746 17206 15004 18747
 4126    1202  1097  1891  2779  13340 13344 18748 18615  7221 13343
 4127    2620  2712  2829  3757  17462  4290 18749 17463 17465 13596
 4128    2622  2757  3071  3447   9734 14550  8058  9735  9072 12057
 4129    3088  3542  3746  3924   6364 16425 10611  4238 18750 16264
 4130    2387   377   799  2816   7913  7916  9195 18751  9194  7915
 4131     769  1945  3115  3402   7444 18752 17897 15060 13506 17898
 4132    2089  2486  3202  3422  10633  7530 13754  7198 13755 18753
 4133    2945  1646  3090  3673   6428  6471 18754 10954 10952 13441
 4134     913   794  3906  3974  18755 10720 12763 12765 18756 12762
 4135    1151  1560  3413  3555   7496  7494  4909  8762  8758  7493
 4136    2070   136   760  3980  14820 10049 10047 18757 10046 18758
 4137    2841  2837  2980  3692  18354 18759 13562 18355 18357 14621
 4138    2347  2057  1695  3592  14676  9860 18760 18761  6276 14674
 4139    3117  3175  3913  3954  18762  4278  4276 12408  4275 15173
 4140    2905  2818  3059  3201  12745 18763  9259 18764 17517 10283
 4141    2661  2760  2786  3215   5699  9373 18765 18766 18767  6876
 4142    3070   913  3906  3974  18755 18768 18769 12762 10720 18770
 4143      23  3134  3248  3973  16269 18771 16225 16227 18772 14809
 4144     913   912   794  3974  18756 10720 10724 18773 10719 12763
 4145    2763  3036  3266  3367  15737 15739 14558  9265 18228  7092
 4146    2713  2609  2896  2921  18427  5553 18774 18775  6611 18426
 4147    1025  1434  3186  3209   8149 13117 13119  8154  8150 17467
 4148    2828   649  3222  3367  11815  6048  7659 11814  7660 15104
 4149     270   133  1716  3786   8866  8863 18776 18777 14155  8864
 4150     969   576   101  3927  14693 10502 18778 18779 18493 18780
 4151     659   666  3468  3988  18781 18782 10297 18783 18784 18785
 4152     411  3505  3504  3569  18786  5435 18787 17280 16311 18788
 4153    2268  2873  3612  3693  11728  9330  9334 11731  4352 10623
 4154    1701  1917  2711  3342  16640 18789 18790 17683 15969 17824
 4155    3152  3187  3416  3719  18791  6837 15978 16199 10409 15436
 4156    1337  1629  1749  3185  16113 10192  9757 16114 16116 18792
 4157    2373  2390  3565   457  18793 18794 18795 18796 18797 12414
 4158    3168  2891  3714  3954   6794 15319  9067  9070 15317  9068
 4159    2315  1509  1574  3605  18798 18799 18800 18801 10337 18802
 4160    2366  1692  3159  3339  18803 16636 18804 18805 18806 18807
 4161     414   759  2633  3093  18486 18808  5644  5647 18488  5645
 4162    2659  3205  3470  3811  13929  7296 13289 18809 13287 13047
 4163     295   391  3597  3653   5687 18810 13391  5692  5688 18811
 4164    2185  2577  2465  3450   5767 18812 18813  5772  5768 18814
 4165    2784  2818  3470  3958  18815 18816 15169 18817  9124 13049
 4166     981  2488  1448  3314  12335 12695 12693 12334  6615 13249
 4167    2650  2899  3068  3466   8348 18818  8133  8345  8346 13916
 4168    1289  3113  1292  3112  18819 18820 18821 18822 18823 18824
 4169    3055  2663  3345  3773   6421  6419 18825 18826 18827  6418
 4170    2378  2536  2379  3442   6729 18828 18829  6728  6725 18830
 4171    1571  1498  3616  3635  10424 15471 18730 18831 18149  5055
 4172     945   489  1742  2972  18832  5609  8008 18833  5934 18834
 4173    3039  2416  3301  3421   7749 12149 13964  7754  7750 18835
 4174     103  2238  3158  3203  18836  4545 18837 18838 11154 18839
 4175    3142  3460  3869  3964  12516 18840 18841 14178 18842 16104
 4176    2870   160  3100  3285   9444  9442 11820 15984 15981  9441
 4177     783  1642  1415  3649  17233  6602 18843  8222 12871 18844
 4178    2930   544  3438  3767  18845  4694  4129  4125  9953  4124
 4179      79  1586  1119  3844   6497 12592 14642 18846 14641 14986
 4180    1974  1870  3426  3980   6227 14819  4786  4782  6228  4781
 4181    2741  2647  2775  3102  18847 11348  4435  4431 11351  4430
 4182    2375  2965  3074  3756  17234 12185 14222 16237 14219 18848
 4183     561  1566   832  3859  18849  6278  6281 18850  6282 18851
 4184    2965  2588  2991  3756   9849 14219 11490  9854  9850 17235
 4185    2749   159  3071  3812   5717 11232 12873  5722  5718  4982
 4186    3249  2279  3326  3537  12903  4345 18852 18853 18854 18855
 4187    2571   315   316  3969   8280 17719 18856 18857 18858 18859
 4188     555   115  3236  3466  11456 15665 10562 10560 15996  8425
 4189    3255   605  3321  3803  18860 16295 16386 18861  5323 18862
 4190    2745  1825  2914  3103  16235 10736  7947 18060 18061 18863
 4191    3235  2083  3313  3582   9913  7901 14413 18864 18865 18866
 4192    3013  2519  3047  3943  11011 16204 18867  7403 11012 16203
 4193    2675  2604  3228  3342  18868 10661  4967  4969 18869  4966
 4194    2605  3037  3083  3654  10038 14061  9639  6187  6122 13327
 4195    1723   796  2885  3064   7333  8542  7640  7637  7388  7641
 4196    1946  1508  1136  3600  14463  9881 18870 18005 18007 18871
 4197    1193   890  2903  3667   7279 18872 18873 18874 11136  5606
 4198     797    88  2919  3483  18875 18876 18877 18878 18879 18880
 4199    3311    14  3425  3742  13708 12673  6069 11005 14203 18881
 4200    2479  1850  2901  1770   6824  6823 18882 18883 17771  6400
 4201    1036  1020  2099  3673  14768  6429 18884 18885 18886 18887
 4202     442  2025   827  3621   8373  8107 18888 18889 18890 18891
 4203    2443  1917  1701  3342  18789 15972 15970 18790 15969 18892
 4204     991   612   726  3865   6734  6675  9910 17661  9909  6732
 4205    2770   946  3076  3392  16230 18893 14657  5959 16231 18894
 4206    2060  2061  3210  3701  18089 18895 18896 18091 12246 18897
 4207    1802  1431   735  3349  17276  5892  5890 18898  5889 18899
 4208    1792   219  2840  3406   7851 12218  6640  6637 16341  6641
 4209    2783  3142  3407  3968  18900 18901 15058  9313 18902  7619
 4210    3148  2603  3238  3392  15450 11254 18903 15442 18904  7695
 4211    3191  3297  3405  3767  12250 17920 14664 18905 17919 18906
 4212    2819  2970  3453  3644   7690 18907 18908  7691  7693  9922
 4213    2457   145   396  2864  16569  5549  5546 18341  5547 18909
 4214    2501  3529  3530  3694  18130 10796 10800 18910 10795 18911
 4215    1784  1453  3477  3540  12253 18529 10577 10579 12254 10576
 4216     737  1495  2549  3482   5732 18912 18913  8376  8377 18914
 4217    2170  2291  2551  3941  15685 14945 18915 18916 17693 15687
 4218    1408  1988  3600  3942   9540 18917 15468  9882  5571 15469
 4219      92   134   335  3429  18468  4437  9519 18918  9515 18470
 4220    2673  1470  3106  3308   6918  6922  5030  9104  9100  6921
 4221    3221  2655  3283  3350  18919 14800 18920 18921  7790  4446
 4222    1750  2079  2341  3367   4453 18922 18923 10027 10028 18924
 4223    1325  1320  2647  2934   6979 18925 18926 10841 10843 17714
 4224     881  2439  1697  3266  11029 11033 18927 18928 10061 11032
 4225     428  2427  1741  3423  16364 18929 17003 18930 13777 18931
 4226    1048  1084   481  2969   9754  9751 16512 18932 18933  9752
 4227    2331  2242  1481  3045  18934 18935 16100 18936 18937 18938
 4228    2141   968  3687  3938  10006 18224 18939 10621 10986  6575
 4229     991  3785  3861  3865  18940  6675 11736 18941 11732 18942
 4230     648   375   806  2890  18943 10817 18944 18945 18946 18947
 4231     564    86  3565  3734  10835  8852 18948 11073 18949 18950
 4232    1642   783  1114  3649   5536 12871 18843  6606  6602 12872
 4233    3265  2803  3368  3542   4243  4241 18502 18951 18503  4240
 4234     277  1402   314  3154  13922 16479 18952 13921 13923 14770
 4235      46  1795  3176  3187   6562 15949 18953  6567  6563  9968
 4236    2731  3117  3175  3913  12408  8356  7234  4276 15173  5838
 4237      34    35  3306  3709  18954  9659  9662 18955  9663 18956
 4238    2668  3065  3305  3966   6165  6163 18957 12482 18958  6162
 4239    3533  1671  3534  3753  18959 18960 18961 18962 18963 18964
 4240     277  1571  1402  3154  13923 16479 16477 16948 15470 18952
 4241    1168   861  1044  3239   4581 14191 18965 18966 18967 18968
 4242    2696  2817  3052  3475  18085 12972 12398 17610 12792 12527
 4243    1882  2341  2093  3427  11107 11542 17797 16909  4449  8598
 4244    1751  3321  3692  3930   9324  6832 18969 18970 17642 10493
 4245    2891  3163  3890  4002   5131  5135 11402 12208 14060  5134
 4246     348  2542   349  3428  18971 13157 13155 18972 13154 18973
 4247    2648  2604  2676  3627   9336  9335 18974 15229 11354  9340
 4248    1140  1509   839  3620  18975 15338 18976 10341 18977 10995
 4249     907  3493  3770  3836   7115  9487 16577 12775  6927  5275
 4250    2256  1488  1914  3744  12505  6582 16305 18978 16304 12503
 4251    1858  1623  3077  3647  18979 18980 18981 18982 14734 17675
 4252    2690  2733  2869  2905  10604 18983 18984 10603 10606 18985
 4253    3493   907  3508  3836  18986  6927 16577 18987  9487 18988
 4254     969  1488   576  3927  18493 10502 18298 18496 16190 18778
 4255    2124   626  3603  3701   9359  9363 14149  6751  5862  9362
 4256    3042   660  3224  3468  13829 18408 18989 12198 18990 18991
 4257    3793  3532  3899  4012   9730  9733  4347  9980 17098  9732
 4258     743   997  2022  2929   6804 17629 17627 18992  5774 18993
 4259    1043   736  3231  3495   8799  6495 18994 18995 18996 18997
 4260     924  1718  3246  3576   6049  9737  9741  6053  6050 18998
 4261    3022  2506  3556  3999   9940 18999 16843  9942  7683 16839
 4262    1809  1649   905  3744   6581 14784 14787 19000 14783  8788
 4263    2758  3133  3410  3647  17800 11964 11961 18214 11962 17802
 4264    2544  2360  2851  3382  19001 13898  4237  4233 17342  4232
 4265    3160   237  3459  3632  14795 13957 19002 14799  8548 12685
 4266    1950  3233  3591  3927  16526 11682 11686 16071 11681 15605
 4267    1585   893    14  3425  11005 19003 19004 11004 11002 19005
 4268     475  1467  3338  3883   8874 11952 11955 15891  6300 15975
 4269    2716  2598  3091  3115   5502 19006 18152  5507  5503 15851
 4270    3249  3358  3386  3545  16928 16931 19007 19008 19009 16662
 4271     512  1971  1330  3885  19010  8715 19011 11942 19012 19013
 4272    3133  2689  3410  3647  17800 11962 19014 19015  6839 18214
 4273    1868  1168  3239  3576   5530 17941 14193 14191 19016 14194
 4274    2886  2070  3106  3980   5060  4226 10048 19017 10049  5063
 4275    1466   501  2266  3446  19018  7543 19019 19020 15629 19021
 4276     207  2543  3362  3876  10559 10032 10036  4427 10031 16335
 4277    2682  1324  3607  3955   8296  8300 17887  6473 12238  8299
 4278    1693   701   505  3535  19022 15135 19023 19024 14721 12421
 4279    1155  1127  1974  3426   4781 19025 19026 19027 19028 19029
 4280    3224  2959  3835  3852  17730 17729  6623 19030 19031 17701
 4281    2468  2945  3203  3397  15965  7524 19032  4855 11091  4590
 4282    1224   640  2766  3229   5077  4768  4766  5081  4765 12735
 4283    1679  1198  2915  3859  16415  9577 15621 17272 15620 17274
 4284    2961   295  3118  3337  15785 15145 13393 16380 16377 19033
 4285    1692  2942  3159  3802  10941 17041 14703 14850 14246 18805
 4286    3705  2707  3722  3857  19034  9480 19035  5298 19036 18533
 4287    2019  1876  1977  3662  19037 19038 19039 19040 19041 19042
 4288     945  1603  1096  3757  14645  5610  5608 18391  5607 14647
 4289    1076   639  2606  3457   6875 19043 19044 16324 16325 18630
 4290    2670  2964  3092  3718   8459 10169 10168 19045  5788 15389
 4291    1317  2631  2669  2727  15908 18097 13646 13649 15907 13647
 4292    2073  2244  3169  3760   5154  9551 13486 13488 16290 13485
 4293    1312  1309  2631  3105   4103 19046 19047 19048 19049 19050
 4294     667  3172  3852  4025  17728 19051 19052 16521 19053  5989
 4295    2944  3300  3622  3962  16990 16992  4568  6248 18638 10053
 4296    3038  1823  3397  3807   5167 10867 19054  5168  5170  8694
 4297     594   655  2804  3654   6126  6123  9899 16141 14792  6124
 4298    2815  2681  3179  3231  19055 11792 14817 19056 11611  7042
 4299     721  2008  2819  3644  18907  7277  5118  5114  7275  5113
 4300    3329  2198  3419  3632  18411 10234 10153  4576 18572 18718
 4301    2646  1912  3396  3706  13930 13402 18021 14136  4668 11206
 4302      12    13   703  3425  16721  4251 19057 19058 10712 16724
 4303    1314  2618  2767  3105   4105 19059  7104 15298 18365 15300
 4304     594  3037  3047  3654  12153  6123  6127  9640  6122 12156
 4305    1598  1079   763  3548  15156 16954 17969 19060 13282 19061
 4306     150   335   134  3429   9515 19062 19063 18918 18468 19064
 4307     335   150   883  3429  18329 18468 19063  5920 19062 19065
 4308    3386  3174  3545  3912  15702 19066 19067 19068 16629 16928
 4309    1784  1961  2451  3329  17035 19069 14072 19070 19071 19072
 4310     397   120  2550  3258  19073 13928 19074 19075 10972 19076
 4311    2853   788  3306  3709  18954 19077 14777  9471  9660 19078
 4312     684  1708  1690  3215  19079 13574 13578 19080 13573 19081
 4313    2875  2650  3248  3276  11147 12946  8565 13462 19082 13461
 4314    3697  3789  3850  3986  15898 19083 19084  9656 16763 19085
 4315    2831  1708  3215  3612  19086  8170 19087 13573 19088 17217
 4316    2838  2843  3029  3247   7665 18683 19089 13650 12948 19090
 4317     130   131  3688  3920  19091 19092 19093 19094 19095 19096
 4318    1909  3167  3146  2344  15964 15961 10853  9787 17950 15962
 4319    3174  3386  3683  3912  16627 16629 19067  6017 19066 14218
 4320    2327    98  2794  3153  15883 19097 12193 12196 19098 12194
 4321    2340   550   383  3394   9478 14050 19099 10850 10847 19100
 4322    1771   558  2898  3813   9437 19101 19102  9438  6753 19103
 4323    2739  2846  3297  3648   8460  7545  7549 19104  7544  8711
 4324    2941  2838  3029  3247   7665  7662 18682 19090 18683  7663
 4325    1148   198  3815  3848  11286 15778 12280 12281 15777 12279
 4326    2780  2900  3337  3597  19105 19106  8734 15146 18041 19107
 4327     572  2022  2822  2929   4574  4572 19108  6483  6804  4571
 4328     744  1639  2019  3696  14403 14400 10268 19109 19110 14401
 4329    2134   145  1950  3591  15605 16447 18363 17308  5548 19111
 4330    1751  1715  2556  3692   6526 10493 19112  6531  6527 16309
 4331    2901  1770  2950  3440   6579  6780  6824 17769 18563  6779
 4332    2765  2906  3056  3083   4085 10039  7008 13659 13611 19113
 4333     460   350  3308  3438  12677 19114 15533 12682 12678 15532
 4334    3351  3252  3561  3762   5562 11439 18657  5567  5563  9386
 4335    2604  3053  3228  3342  18868 18869 11357 19115 19116  4969
 4336    3152  2689  3259  3840  16918 19117  6838 19118 19119 19120
 4337     385  1356  3545  3880   6214  9617 15704 15707 18394 15705
 4338    3081  3191  3577  4004  13212  4592 19121 13215 13213 10217
 4339    1634  1207  3250  3552   6264 19122 14488  7383  7379 13702
 4340    2442  2015  3403  3710  19123  8447 19124  6251 19125 19126
 4341    2950  2167  3220  3440   6576  6579 18142 19127 12464  6578
 4342    2965  2984  3111  3246  19128 16286  8953  8950 12283  8954
 4343    2614  2639  3406  3861   8079  8082  7422  7424  4759  7421
 4344     193   216  3664  4021  12980 19129 16147 16144 19130 16148
 4345     133   966  1716  3786   8866 14155 18347  7341 18345 18777
 4346    1528   861  3145  3637   4604 19131 19132 19133 19134  8021
 4347    2837  2841  2859  3803  19135 19136 13562 13559  8783 13563
 4348    3372  3598  3671  3888  19137 10540 19138 19139 19140 19141
 4349     209   210  1778  3779   9289 13033 13032  9290  4464 19142
 4350    3633  3465  3922  3924  19143 19144 19145 13296 16423 19146
 4351    2545  3698  3737  3876  19147 16729 19148 11741  9921 19149
 4352    2766  2592  2954  3263   8492 13657 13656 19150 13655 17672
 4353    2814    24  3009  3010  17511 17890 11880 17516 17512 19151
 4354     977    69  2703  3206  12925  4190 19152  6649 12926 19153
 4355    1452  2637  2903  3247   5601  5605 17113  9140  9743  5604
 4356     283  2886  3405  3980   6231  4227  4231 14303  4226 16950
 4357    2023  1803  2983  3214   8975 19154 19155  9409 19156 11851
 4358    2727  1657  2764  2855  16076 17185  6599  7253 10173 11557
 4359    3604  3178  3705  3857   9480 19157 16122  9485  9481 19158
 4360     200  1851  3098  3246   6800 19159 19160 19161 11891 19162
 4361     271  1565   408  3121  19163 17655 19164 19165 19166 19167
 4362    1232  1020   290  3607   7157 10645 19168  7156  7158 10644
 4363     671  1034  2562  3713   5586 19169 19170 19171 19172 19173
 4364    2510  2511  3019  3556  16013  5364  5368 16015  5363 16012
 4365    1831  2282  3145  3158  14000 13998 18557 15419 19174 13997
 4366    3811  3165  2921  3253  19175 10138 19176  4663 13982 18172
 4367     646  2636  2745  3802  15918  9248  9252  7946  9247 15917
 4368    2612  3272  3457  3474  10938  8557 19177  5286 10939 19178
 4369    1486  1016  2969  3347  16811 16998 12785 16810 16812  5697
 4370    2457   396  2281  2864  16568  5549 18909 16567 16569 19179
 4371     777  2786  3048  3419  18717 16481  8723 19180 19181 11007
 4372     360  3207  3475  3911   4935 19182 15123 12791 13191 12034
 4373    2500  2503  3025  3369  15453 13510 19183 15791 15788 15452
 4374    1834  2827  2917  3750  19184 19185  5641 13038 12242 19186
 4375    3568  2973  3792  4011   5369 19187 15735  5374  5370 19188
 4376    1798  1201   424  3137  19189 11804 12234 19190  6347 17312
 4377    1468  3599  3251   801   7787 19191 19192  7784  7788 19193
 4378     619   696  2988  3421  11249 16432 16434 16908 16431 16001
 4379    3111  3105  3114  3180  19194  6521  5617 19195  6524 19196
 4380    1598  1859   110  2808  15540 15546 16957 19197 19198 19199
 4381    1721  1893   922  3592   6273  6272 15132 19200 15131  6277
 4382    2701  2512  3526  3596   4071 19201 19202 17068 14662 19203
 4383    2675  2794  3405  3967  19204 19205 15541 19206 15882 16793
 4384    3003  2524  3153  3706   4867 10068 19207 19208 19209 15344
 4385    2176  2029  3456  3719   4715 14239 19210 19211 19212 14238
 4386    3350   172  3374  3948   5324 13219 11908 19213 13222 13081
 4387    3136  2860  3544  3788  19214 14340 12130 12132 14338 10933
 4388    3386  3358  3771  3907   6015  6019 19008 19215 19216  6018
 4389    2809  2739  3043  3648  19217  7548  7546 19218  7545 16976
 4390    1990  2202  2955  3585  17159  9429 17017 17163  6075 10680
 4391    3160  2695  3376  3641   5164  9567 15689 18510 19219 12684
 4392    1269  2657  2843  3680  12949  7109 19220 19221 19222 19223
 4393    3771  3645  3972  3978   5657  5981 14299 14301 19224 14300
 4394    2930  2136   423  3438  16444  4124  4127 19225  4128 18467
 4395    2685  2621  2807  3422  19226  6464  6467 19227  6468 19228
 4396    1067  2311   592  3565  16641 19229 12944 16642 10838 19230
 4397     130  2564   156  3688  12912 19096 19231 12916  7349 19232
 4398    3389  3634  3776  3810  16872  7755 17626 17050 19233 16871
 4399    2655   953  2942  3221  19234 18920 19235 17263 19236 19237
 4400     309  2005  1870  3426   4782 19238 19239  9642  9644 19240
 4401     804  1026  2490  3726  12606 11265 19241 19242 14923 12604
 4402    2255  1157  2582  3195  19243 19244 19245 19246  7071 18161
 4403    2948  2920  3479  3610  19247  4415 16725 19248  5409  4610
 4404    2533   188  1216  4003  19249 17212 19250 19251 16362 19252
 4405    1420   987  2439  2763  10060 16600 19253 10059  7090 19254
 4406    3858  3863  3884  4020  19255  4305  4309  5262  4304 15951
 4407    3445   435  3804  3888  11812 17243 17245 19256 17246 19257
 4408    2784  3100  3436  3881   8830  8834  4932  6706 19258  8833
 4409    3192  2612  3457  3474  10938  6538 19259 19178  8557 15655
 4410    2404  1818  3444  3882  14142 14146 19260  5910 19261 14145
 4411     784  1510  2705  3773  14689 16404 19262  4244 16329 16403
 4412    2891  2799  3643  3711  18601  5418 11401 16884 19263 18599
 4413    2472   200  1128  3246  11981  9856 19264 19265 19159 11979
 4414     765  1136  1508  2949  19266  8764 19267 18005 14466 19268
 4415    1172  1370  2907  3658  19269 18334 10924 10921 16744 10925
 4416    3379  3426  3521  3706  17927  4665  7938  7935 18689  7939
 4417    2944  2795  3254  3881  10342  9156 19270  9270 10343 16991
 4418    3191  2723  3767  4004  17393 13213 17921 14302 17394 17920
 4419    2102  2105  3279  4012   5092  5089 16064 15364 16060  5090
 4420    1598   110  2095  2808  15538 15546 19199 15537 15540 15545
 4421    1580   128  3095  3657   9183 19271 19272 19273 19274 19275
 4422    2043  1964  1699  3682  13303 16085 19276  7777 14262 19277
 4423    2193  1426  2426  3139   6308  6305 14877 19278  7151  6306
 4424    2732  2683  2756  2932  19279 10515 10514 11523  6406 11522
 4425     171   172   524  3408  11552 16460 19280 19281 11904 19282
 4426    3245   420    86  3565  11073 17861 16318 19283 19284 13531
 4427    1984  2467  3268  3790  16287 19285 19286 19287  6937 10330
 4428    3079  3165  3331  3881  15868 12396 15565 15566 14020  4567
 4429    3188  3254  3328  3682  12570  9094 17405 12569  9272 11187
 4430    2031   646  2745  3356  10732 19288 19289 15917 14093  7950
 4431     334  1181   822  3476  14903  9798  9795 19290  9796  4696
 4432    2670  3308  3438  3584  16441 19291  6919 12677 10393 15224
 4433     363   356  3124  3475  12793 12975 17746 15245 13354 12974
 4434    2512  2701  3153  3596  14659 14662 19202 19292 19201  7130
 4435    3053  3228  3342  3973  16267 19293 19115 18868 16704 19116
 4436    3264   960  3758  3879  15797  5970  6803  4332 19294  5238
 4437    2737  2767  2822  3233  15216 13161 15347 15834 11555  7744
 4438    1930  1346  2962  3102  11104 11106 19295 14510 11349  8631
 4439    2767  2737  2856  3233   6900 11555 15347 16072 13161 11554
 4440    3003  3153  3695  3706   4866 10068 15344  4871  4867 10067
 4441    2661  3192  3457  3474  10938  6539  6543 15655  6538  6873
 4442    1830  1457  1458  3661  10740 14269 19296 11242 11239 19297
 4443    1300   196  2104  3319  10543  9986  9990 19298  9985 19299
 4444    2669  2784  2818  2990  17140  9745 19300 15169 15177  9125
 4445    1898  1181  1597  3476   9912 19301 19302  9911  9796 10241
 4446    3153  3524  3525  3596  16056 14659 14686 16059  6899 19303
 4447    2514  3153  3525  3596  16056 14660 14663 19303 14659 19304
 4448    2467  2845  3268  3790  16287  6937  6935 13543  5904 19287
 4449    1583  3897  3964  4013  12511 12515 13356 13355 19305 12514
 4450    3254  2944  3328  3727  12571 10254 16991 19306 19307 12569
 4451    2688  2630  3260  3289  14990  5473  5471 18247  5470 14322
 4452    2983  2335  3214  3354   8972  8976 11850 14837  9719  8975
 4453    3191  2794  3577  3596  19308 19309 19310 17621 19311 13215
 4454    2845  2743  3268  3786  16289 16288 15427 17334 19312 13543
 4455    3697  3650  3784  3789  19313 19084 19314  4310 16410 19315
 4456     984  1158  3856  4006  10324  9655 19316 10329 10325  7172
 4457    3069   810  3472  4033  19317 19318 19319 19320 19321 19322
 4458    2760  2661  2786  3457   6817  5287 18765  6876  6873 18766
 4459    2687  1345  2923  3744  12013 19323 19324 19325 19326  9762
 4460    3352  3385  3897  3968   6009 11574  7757  6014  6010 19327
 4461    1259   463  1253  2749  19328 12877 12875 19329 12874 19330
 4462    1303  3319  3431  3571  19331 15713  9989 19332 15379 19333
 4463    1548  2825  3089  3836   7116 18299 12644 18623 18622 19334
 4464    3557  3771  3806  3886  14168 14171 19335  5978 11786 14170
 4465    3200   394  3494  3664  19336 15122 13544 19337 15121 19338
 4466    2080  1853  3024  3369  15037 14005 14003 19339 14002 15041
 4467    2879  2908  3383  3859  16413 13523 12548 16416 15158 16273
 4468    2722  2627  2920  3610   5409 13616  6662  6664 19340  6661
 4469    1123  1822    97  3680   6587  6591 14357 12312 12313  6590
 4470    2775  2769  3327  3752  19341 19342 13738 13740 19343  9319
 4471    2409  2535  2410  3333  17375  8840  8838  8004  8837 19344
 4472    2973  2693  3568  3792  19188  5374 18436 18083 15936 15735
 4473    2142  2130  3808  3924  19345 19346 19347 19348 19349 19350
 4474    3175  3168  3555  3954  19351  4275 17799 17045 15319 19352
 4475    2891  3681  3714  3954   6794 15317 19353  6799  6795  9070
 4476      14  1585  3425  3742  13708 14203 19005 19003 10788 11005
 4477    2501  2996  3143  3694  17828 10796  7562  7559 19354  7563
 4478    2588  2965  3105  3114  19195 19355 11490 19356 19357 19358
 4479    3636  2945  3397  3676  12067 10965 17812 11091 18280 17809
 4480     577  1434  1464  3209   4954 19359 19360 19361  8150 19362
 4481     271  2394   631  3121  18398 17655 17659 19363 17654 19364
 4482     247   268  1407  3684  19365  9391 11040 19366 11037 19367
 4483    1509  2318  3605  3620  15437 18977 19368 19369 19370 10337
 4484    2962  3139  3314  3394  14423 14505  4402  4405  5906  4403
 4485     148  2420  3781  3788  16435  6177  6174 19371  6175 19372
 4486    3294    52  3615  3721   9229 19373 19374 17773 11520 16574
 4487     780   230  1643  3666  15305 19375 17909 19376 19377 19378
 4488    2903  2977  3247  3353   4860 10488 11780 19379 19380  5601
 4489    2057  2347  1721  3592   6272  6276 18760  9863  9860  6275
 4490     519  1141   141  3844   9312  4182 16034 19381 16033  9310
 4491    3087  3218  3388  3764   9520 13258 16372 15583 19382 16229
 4492    3711  3707  3915  3934  19383  7805 15672 15571 19384 19385
 4493    2431   497  1807  3354   5227 11097 19386  5228  5230 19387
 4494    1683  3060  3162  3769  15078  5508  6975 19388 19389 16669
 4495    2184  2017   227  3461  12881 17762 17764 19390  9846 19391
 4496     986  1565  1407  3121  19392 18482 19393 19394 19166 19395
 4497    3437  3487  3550  3941   9707  9832  9790  9792  9831  9789
 4498    3460  2656  3555  3981   7704  6913 19396  7709  7705 19397
 4499    3735  3028  2498   895  19398 19399 19400  4887 19401 18449
 4500    3188  3201  3254  3682   9272  9094 14936 13590 14935 17405
 4501    1305  1303  3431  3571  19331 15714 15718 19333 15713 19402
 4502     552   125  1036  3673   6429 15159 19403 19404 19405 15160
 4503    2879  2848  2908  3286  19406 19407 19408 19409 19410 12548
 4504    1594   223  3327  3752  19341 16545 19411  9848  7993 10102
 4505    2027  2370  1449  3121   7600 19412 19413 19414 17658 19415
 4506     202   201  2363  3331  16073  8422 16221 16074 15382 15824
 4507    3169  2672  3608  3685   8381 19416 18223  8380  7836  5467
 4508    1324  2945  3119  3676  14589 19417  6472 18281 18280 12239
 4509    3069  3729  4023  4033   5751 19318 19418 19419 19420 19421
 4510    2662  2585  2665  2787  19422 19423 17613 17614 13709 15684
 4511    1123   910  2843  3680  12949  6591  6589 19424  6588 19425
 4512    2317  2301  2347  3592   9860 14673 16173 19426 19427 14677
 4513    1061  3444  3678  3827   4598  4602  9903  7114  7110  4601
 4514    1021  1868  1718  3576   6050  9740 17943 19428 17941  9739
 4515     893   212  3418  3742   4280 14976 19429  5706 10785 14977
 4516    1146  1790  1112  3251   7789  6999  6997 19430  6996 19431
 4517    2545   207  3698  3876   9921 16729 19432 19433 10032 19148
 4518    2755  2639  2991  3861   7649 19434  7423  7650  4759  9852
 4519    1468  1112   801  3251   7787 19193 19435  7786  7789 19191
 4520    1146  1028   645  3251  19436  6999 19437 19438 19439 19440
 4521    2000   408   986  3121  18482 18480 19441 19442 19163 18479
 4522     781   227  2017  3461   9846  7593 12880 19390 12881  9844
 4523    2517  3014  3015  3943  16561 10058 19443 16684 16686 16563
 4524    2912  2730  3051  3593   8904  8902  5946  5944 19444  5446
 4525     197   540  1118  3401  15182 10419 19445 19446 16150 11811
 4526    3060  1683  3626  3769   9665 19389  6975  6971  5508  6970
 4527    2685  2739  2770  3197  11512  4787 19447 11516 11513 17981
 4528    3103  2914  3464  3736   9550  9549 16235 16094  5996  9548
 4529    2766  1077  3126  3229  10858  5077  5079 19448  5080 19449
 4530    3746  3465  4029  4030  19450 16969 16426 19451 19452  6363
 4531    2611  2612  3192  3474   6538  8560  8558 19259  8557 19453
 4532     864  3024  3023  3369  18578 15040 15038 18684 15037 19454
 4533     303  1931   298  2928   7484 14132 11572  8199  8195 19455
 4534    3826  1776  2437  2436  19456 19457 18292 18294 19458  5877
 4535    1266  2679  2859  3623  19459 19460 19461 19462 19463 12539
 4536    2243   677  1162  3656  19464  5048  6864 19465  6865 19466
 4537    2909  2667  3214  3354   8972  8044 17952  8977  8973 17489
 4538     469  1718  3239  3246   6052  6801 14292  6051  6053  4119
 4539       6  1749   294  3288  14483 13744 18561 15071 15073 14481
 4540    2806    61   828    60  19467 19468 19469 19470 19471  9015
 4541     449  2548   450  3651  19472 12918 19473 19474 19475 19476
 4542    2580  1844   155  3440  18674 19477 19478 18675 15258 19479
 4543       8   818  1233  3288   8514 18621 19480 19481  9207 19482
 4544    1737   678  2938  3643  19483 19484 19485 19486 19487 19488
 4545    1902  2893  3445  3825  17690 17688 19489 19490 19491  9722
 4546    2304  2280  1371  3182   4134  5191 19492  7768 12359  6480
 4547    2693  2973  3144  3792  11936 15936 18436 11935  5374 15551
 4548    3141  3258  3803  3837  10704 19493 19494 19495 13924 19496
 4549    2362   642  2363  3962  19497 11066 11064 19498  6457 16075
 4550    3435  3705  3722  4027  13767 13764  4811 18533 11726 13765
 4551    2656  3142  3460  3869  14178 12898  9314 18841 16104 19396
 4552     567  2908  2915  3138  10366  8205  8619 16375  8617 19499
 4553    2432  1078  2963  3354  14606 17130 19500  7015  8943 19501
 4554    3163  2419  3890  4002   5131 14060 13728 13730 16242 12208
 4555    1656   870   212  3095  16984  8938 19502 19503 19504 10789
 4556    1037  2408  3479  3757  10542 15977 15976 19505  9513 19506
 4557    1612  1610  3956  3963  19507  7909  7907 19508  5152 19509
 4558    2672  2853  3104  4011  15934  7462 14960 15875 14958 15876
 4559     349   322  2540  3428  13760 18971 19510 19511 19512 19513
 4560    3465  3267  3633  3922  19146 13296  5173 19514  4170 19145
 4561     105   456  2139  4001  17454 17451 19515 19516 19517 17452
 4562      85  1675  1884  3477  10450 10447 19518 11025  7711 10448
 4563    2512  2514  3525  3596  16056 14662 14661 19304 14660 17066
 4564    1912  2646  3587  3706   8813  4668 18021  5739 13402 19519
 4565    3154  3085  3196  3861  19520  4758 13809 13806 19521 10426
 4566    1717  2938  3414  4002   7872  4873 19522 15458 15460 19523
 4567    2633    37  2677  3274  13371  5642 14539 14537  5350  6235
 4568     988  1805   710  2907  11694 10922 19524 14586 14588 19525
 4569    2141  1538   968  3938  10986 18224 19526 10985 10360 18939
 4570    1573   201   875  3331  17200 17198 19527 19528 15382 17199
 4571    2592  2766  3126  3229  10858 13658 13656 19449  5077 13093
 4572     833  1730  3540  3558  17894 18351 18353  6786 15595 19529
 4573     447    26   915  3274  11481 17469 19530 19531  5851 19532
 4574    2191  1357   871  3203  14910  4587 18318 16802 12661 14913
 4575    1680   832  1456  3383  14789  9653 19533 19534 19535 19536
 4576    2635  2649  2802  3548  19537 12442  6694  6691 19538  6695
 4577    2733  2855  2869  3290  19539 19540 11860  4795 19541 10603
 4578    2744  2811  2851  3381  19542 19543 10445 19544 19545 19546
 4579    3118  2799  3337  3562  15783 15786 19547 19548 19549 15785
 4580    3704   539    29  2152  14760 13986 13988 19550 13987 10096
 4581    1782   267  3595  3888  19551 19552 19553 19554 19555 19556
 4582    2930   334  3767  4004  17393 15118  4698  4695  9794  4694
 4583    2122  1359  2986  3232  12844 19557  9562  9558 19558  9557
 4584    2241  2237  3485  3558  12119 15592 19559 12121 11049 19560
 4585      83  1038  2991  3861   7649  8351  8355 16594  8350 19561
 4586    3023  3369  3497  3999   7687  7684 18578  7371 19562  7685
 4587    2724  2806  3348  3739  13512 16030 17005 13515 13513 16031
 4588     308  1521  2832  3603  11507 11511 13368 10174 13367 11510
 4589    2725  2699  2788  3603   6096 10771 10774 19563 10775 19564
 4590      27   461    28  3704  10093 19565 19566 10097  6704 19567
 4591    2689  3133  3152  3798  13173 13172 19014 19568 11963  6838
 4592      27   447   461  3704   6704 19565 19569 15193 17468 19566
 4593     527  2237  2288  3485  19570 19571 19572 11050 12121 19573
 4594    1530   338  2140  3611  10689 10686 19574 14030  8259 10687
 4595    1565   247  1407  3684  19365 19575 19576 19367  9391 19394
 4596    2545  1800  1801  3876  10035 16729 16727 19577 10480 19578
 4597    3092  1098  3648  3718   8455  8459 10755 10752 14601  8458
 4598    2291   406  2551  3941  15685 17693 18418 19579 19580 18916
 4599    1085  1227  2244  3760  16290  9765 15321 15670  5155 16292
 4600    2508  3020  3021  3556  16842 10518 10521  7272 10517 17337
 4601     193  2125   394  3664  15121 16148 16146 13547 16145 19581
 4602    3507  2510  3506  3556  14468  5367  5365 19582  5364 15394
 4603    1818  1966  2404  3444  14145  5910 19583 19584  9904 19260
 4604     398  2188  2579  3292   5218 14115 14114 19585 14113 19586
 4605    1149  3789  3884  3986  14762 14766  7174  4482 16763 14765
 4606    2431  1135   497  3354   5230 11097 19587  8945  8942 19386
 4607     395  2279  3537  3645   4340  4344 19588 18854 19589  4343
 4608    1384   154   511  3563  15016 19590 19591 16388 16390 19592
 4609    3572  3780  3871  3873  14107 14111  6222 19593 19594 14110
 4610    2205  2208  3871  3873  14107 17397 10812  7613 14108 10811
 4611    1683  1590  3626  3769   9665  5508  5511  7257  5512  6971
 4612    1592  2948  1212   427  19595  4612  4613 19596  4615 19597
 4613    2855  2733  2869  3686   4793  4796 11860 10603 19598  4795
 4614    1028   610   645  3251  19436 19439 19599 19600 19601 19438
 4615    3172  2211  3305  3572  18233 17260 13140 13137 19602 13136
 4616     891    82  2025  3458   9243  5736 11359  9244  7848 19603
 4617    2771  3085  3154  3861   4758  4762 13807 13809 19521  4761
 4618    1590   624  3626  3769   9665  5512  7258  7260 16107  7257
 4619    2291   138  2138  3941  17696 17693 19604 19605 17224 17694
 4620     739  2563  3579  3664  19606 19607 10202 10198 19608 10197
 4621     925   499  1789  3329  15408 15406 19609 18337 10150 15405
 4622    3104  2791  3709  4011  12059 15934 18706 12062 12060 12097
 4623    2791  2939  3084  4011  19610 12060 19611 15769 13980  9625
 4624    2367   819   716  2947  11226 11225 19612 19613 12205 11230
 4625     425  2197  3925  4027  15613 15617 19614 13460 19615 15616
 4626    2705  2339  3301  3997  14293 13830  4248 14296 14294 14688
 4627    2444  1011  3385  3968   6010 19616 19617 16503 16499 19618
 4628    3320  3117  3913  3954  18762 10589 10588 15173  4278 19619
 4629    2516  3015  3016  3943  14358 14361 16564 19620 16561 14360
 4630    1567  1593  3391  3990   8211  6953 12826 19621 19622 19623
 4631     494  1957  3093  3099   8989  8993 12294 15100 11059  8992
 4632    1085  1468   203  3760  19624  9765 16291 19625  9555 19626
 4633      99  1639  1604  3586   6182  6179 19627 19628 10269  6180
 4634    2773  2718  3160  3459  12685 10064  4840 19629 10062 12683
 4635    2237   121  1779  3558   6536 11049 16156  6535  6532 12847
 4636    3062  3095  3137  3742  16656  4284  4282 12054  4281 12050
 4637    3465  3908  3922  4029  16771 19451 13295  4166 16773 13296
 4638    3794  3759  3817  3830  12437 16355 12938  8884 16357 11763
 4639    2695  2760  3272  3474  10939  8754 15690  5291 10940  5249
 4640     923   997  2822  2929   4574  6807 15217 15219  5774  6806
 4641    1510   545  1824  3345  14611 15268 15266 18567  5257  4249
 4642    1434  2032   310  3209  19630  8150 13118 19631 11863 19632
 4643     394  2437  2563  3664  19608 15121  5878 19633 19634 19635
 4644    2959  2865  3835  3852  17730 19031 19636 19637 13217 19030
 4645     203   778  1063  3760   9767 19624 19638  9036 19639 19640
 4646    1396   700   805  3396  19641  7590  7588 19642  7587 19643
 4647    2865  2959  3046  3852  19644 13217 19636  6620 19031  5331
 4648    3266   881  3268  3429  17332 19645 11033 16283 18100  9267
 4649    2830  2791  3084  4011  19610 12061  9623  9625 12060  9624
 4650    3033  2837  3321  3692  18970  9329 18356  6881 18357 19646
 4651    2622  2621  3422  3447  10801 14550  6466  6468 16036  6465
 4652     668   667  3172  3622  13802 18125 19647 19052  5990 18124
 4653    2241  1142  2237  3558  11049 15592 15596 16157 15591 19559
 4654     739   193  2563  3664  19608 19607 19648 19649 16148 10202
 4655    3604  3821  3867  4019  16195  7458  7456 15799  7455 19650
 4656    1310  2694  2727  2855  17185 19651 19652 10830 15056  7452
 4657    1800  2543  1801  3876  10035 10480 10478 10034 10031 19577
 4658    2496  2497  2992  3874  17372  9047 13395 19653 13394 17370
 4659    3385  3352  3810  3968  19654  6010  7757  7759 11574  7756
 4660     143  1371  2767  3182   4101  4130  4133 13797  4134  5953
 4661    2427   866  1125  3423  17357 13777 13774 17356 13775 19655
 4662    2131   935  3114  3756  14186  5615 17458 19656 15087  4673
 4663    1570   545  1644  2671   5259 10467 19657  5258  5261 16297
 4664    1994  1165   495  3432  11709 11706 19658 19659 12672 11707
 4665    1097  1202  1985  2779  14336  7221 18748 14335 13344 15199
 4666     532   811  2443  3973  16268 19660 19661 19662 19663 19664
 4667    1737  1717  3580  4002   4872 19665 19666  4877  4873 19667
 4668    3622  2944  3727  3852   5988  5992 10053 19307 16522  5991
 4669     151   409  1027  3189   4533  4671 19668 19669 19670 19671
 4670    1925  2088  2952  2978  12804 12803 19672 19673 19674  8622
 4671     630  3595  3598  3677  19675 12712 12716 19676 12711 19677
 4672    2925  3252  3543  3589  19678 12740 19679 12817 11772 19680
 4673     443  1942  2201  3660  17096 19681 17016 17095 17094 19682
 4674    2508  3506  2510  3556   5364 10518 14469 19582 14468 10519
 4675    2695  2883  3376  3641   5164 19219 11369 19683  8532 18510
 4676    2142  3808  3903  3924  19684 19346 19350 19685 19345 19686
 4677     345  1430   674  3715   9504  7822 17359  9503  9501 19687
 4678     965  1921  2911  3346  19688 19689 15366 13716 19690 19691
 4679    3136  3544  3781  3788  16435 14340 10933 16609 19214 17256
 4680    2278   741  1547  3049  15505 14634 19692 15506  8448 19693
 4681    2976  3086  3794  3819   4373 19694 13230 19695 19696 19697
 4682    2860  3544  3758  3929  10431 12129 12132 11170 12128  5242
 4683    3136  2976  3435  3929   4810 12131 16920 18453 14969 18471
 4684    2770  1476  3179  3495  11083  4558  4150  4152  4561  4149
 4685    2140   463  3071  3453   4977 19698 19699 19700 19701 10688
 4686     831  2473  3411  3556  16926 11374 11373 19702 11372 18698
 4687     945  1707  2097  3757   9509  5610 14646  9514  9510 19703
 4688    1306  1307  2712  3757  17465  9838 10276 17591 10274 19704
 4689    1016  3251  3269  3795  19705 19706 19707 19708 19709 19710
 4690     142  1229  1799  3558  19711 19712 19713 19714  6533  6688
 4691    3019  2511  3490  3556  14370 16013 16015 16016  5363  4185
 4692    1493  1930  2647  3689   5781 19715  6981  6984 18254  6982
 4693     663   661  2944  3708   5624 17605 15251  5629  5625 15252
 4694    2692  2650  2724  3348  16031 17004  7721 13463 16555 10698
 4695     140  1442  1701  3342  18789  4390 16717 19716 16716 19717
 4696     797  2186  2575  3483  16213 18876 19718 16212 16209 19719
 4697    2658  3107  3259  3870  15247 15249 19720 11896 16778 15248
 4698    3378   581  3747  3775  13676 15152 16070 17250 17288 13027
 4699    2786  2606  2808  3457   6813  6817  6874 12805  6875  6816
 4700    1536  2331  3045  3678   7144  7147 19721 18935 19722  7146
 4701    1442  2443  1701  3342  18789 16716 19723 18892 15972 19716
 4702    3163  3267  3624  3672  12102 13731 19724  7618  9677 11399
 4703     957  3264  3283  3849  19725  8826  8829 19726  8825 19727
 4704    1786   550  2340  3394  14050 13782 19728 19099 10847 14048
 4705    2433    10  2665  3185  14082 19729 19730 11448 14083 19731
 4706    2500  3501  3369  3499  19732 18451 19733  7190  5985 13510
 4707     545  1514  1644  3345   5260  5257 16255 19734 14102  5258
 4708     662  3224  3390  3843  17348 17347 15211 15214 19735 15212
 4709    2601  3689  3690  3761  16618 19736 19737 16620  5779 19738
 4710     833  3558  1799  1142  19739 18352 18351 19711 15591 19740
 4711    1480  2026  3908  4022  15368 19741 19742 19743 19744 19745
 4712    1063  1085   203  3760  19624  9767  9766 19626  9765 19640
 4713     874  1408  2062  3942  16359  5572 19746 19747 18917 19748
 4714    2848  3138  3286  3401  14649  5460 14952  6654  4831 19410
 4715    1092   808   245  3148  19749 11205 16827 19750 11257 19751
 4716    2845  2726  2867  3394  13780  5908  9824 12618 14509 19752
 4717    3497  2473  3556  3999   9940  7687  9234 11372  9235  9941
 4718    2605  2814  2890  3276  10814 13328  9606 10819 10815 19753
 4719    2144   431  1437  2983   9405 12970 19754  9410  9406 19755
 4720    2602  2638  2775  3327   9319  5043  5047  8168  5042  4434
 4721     245  2492  1092  3148  11205 19749 12170 19756 14325 19751
 4722    3290  3129  3463  3994  19757 19758 19759 19760 19761 19762
 4723    1270  1265  2774  2816   6458 19763 19764  6463  6459 19765
 4724     851  1684  1601  3066  10760 10764 19766 16905 10194 10763
 4725    1601   297  2434  3066  10761 10760 15085 17488  8332 10765
 4726     359  2654  3272  3617   7337  4826 15654 15819 15652 15822
 4727    2423   393  3562  3711  19767 19768 19769 19770 19771 19772
 4728    1112  1468  1028  3251  19439  7789 19435  9553 19193 19773
 4729    2733  2742  2869  3686   4793 19598 19774 19775 19776 10603
 4730    1135  1180  2779  3354   9715  8942  7223  7220  9716  7224
 4731    2834  2734  3204  3432  17553  9063 19777 13639 19778 17554
 4732    1785  1198   244  3859   6279 19779 19780 15622 15620 19781
 4733    3555  3168  3714  3954   6794 19351 17045  9068 15319  7491
 4734     624  2418  3166  3769   9666 16107 19782 19783  8704 13565
 4735    2894  3060  3626  3769   9665  9669  7556  6970 19389  9668
 4736     187  2316  2950  3854  19784 11192  9153  5128 19785 19786
 4737    1176   329  2464  3231  16517 16516 19787  6008  4900 16520
 4738     337   169  1823  3807   5170  5025 19788 19789 19790  9365
 4739    2754  2613  2943  3032  17650 19791  9420  9422 11585  4626
 4740    1463   122  1201  3137   6347 12232 19792  6348  5403 12233
 4741    2105  3070  3279  4012   5092 16060 19793  5010 17872 15364
 4742    1217   708  2457  2864   5549 15028 15029 15009 15011 19794
 4743    2657  2774  3316  3680  10088 19222 16508 13098  7107 16507
 4744    1269  1270  2774  2816   6458  4525 19795 19765 19763  7108
 4745    2641  2879  2931  3186  16167 19796 12552 18523 19797  9321
 4746     899  1461  2583  3434  19798 12137 12140 19799 12136 19800
 4747    1793   294   502  2887  12961 17031 19801 19802 15074 11407
 4748    1096   191  2712  3757  17465 14645  7137  7133 19803  7132
 4749    2677    37  2686  3274   5348 13371 14537  5347  5350  4717
 4750     515   516  1527  3573  19804 19805 19806 19807  6097 19808
 4751     851  1337  1684  3066  10194 10764  9758 10193 10196 19766
 4752    3092  2723  3486  3584  17807 17580 15390  7294 19809 14173
 4753    2082   609  2885  3763   8541 19810 19811 10880 16584 19812
 4754    1196   287  3316  3693  10086  5595  5598  8580  5599  8583
 4755     590   691   692  3241  19813 19814 19815 18050 19816 19817
 4756     200  1748   803  3098  19818 19162 19819 12275 10916 19820
 4757    2872   686  3000  3001  19821 19822 15490 19823 19824 18522
 4758    2830  3084  3885  4011  19825 12061  9624  9671 19610 15108
 4759    2986  2939  3079  3253   4387 19826 12842 12845 13984 12843
 4760    1900  1902  3374  3589  12909 19827 19828 12910  9725 13082
 4761    3152  3086  3249  3537   4345 14284 16540  9001 19829 15434
 4762    1699  1395  3188  3895   9090  7772 19830  5973 15709 13302
 4763    3407  2656  3741  3814   4222  5153  9316 19831 18004  8322
 4764     587   881  3266  3429  19645  4440 14531 11033 18100 14529
 4765    3544  1023  3781  3788  16435 19214 19832 16440 16436 16609
 4766    2595  2752  2776  2810   7888  5121 19833 19834 13094  7887
 4767     880  1146   645  3251  19436 15567 15570 19440  6999 19835
 4768    2667  2650  3068  3354  14605  8973  8131 13916  8048  9137
 4769    2881   137  3120  3600  14788  9543  8159 13058 10506 11691
 4770    1402  2072   183  3154  19836 13923 14090 19837  8608 16916
 4771     610  1028  2073  3251  19838 19601 19599  9556 19439 19839
 4772     316   315  2261  3969   8283  8280 18857 19840 18858  8281
 4773    1278  2685  3197  3198  19841 13071 19842  4787 19843  9164
 4774    3239  2984  3366  3605   8960 13497  5528  5531  6319  5529
 4775    2735  2877  3792  3829  11884 12670  5484  5481  5753  5485
 4776     216  3122  3664  4021  12980 19130 19844 18726 18725 16144
 4777    3599  1468  3251  3760  19845 11329 19192 19193  9555  7784
 4778    2693  3568  3792  4011   5369 15937 18083 19188 19187 15936
 4779    1410   312  1411  3448   6948  6945 19846 19847 11535  6946
 4780    3224  2959  3378  3390  17962 15214  6623  6619 19848  6618
 4781     441  2337   924  3848  19849 13384 13382 14447 13381 19850
 4782    2712   191  3327  3757  17461 17465  7133 12369 19803 17464
 4783     443  2201  3029  3660  19851 19681 19682 19852 17096 19853
 4784      47  2827  3103  3128  11966 10108 12243 16278  5636 19854
 4785    1537   747   414  3093  18808  5386  5390 19855  5206 19856
 4786    1670  1568  2992  3874  17372 14040 14044 19857 14039 17540
 4787    2706  2670  2886  3297  13002 19858  9295  5062 13003 14979
 4788    1327  1328  2842  2880   4851  4317  9028  6681 13841 16949
 4789    3386  3557  3771  3819  19859 15871 15873 19335 15870  6018
 4790     203  1468  3599  3760  11329 19624 19625 19192  9555 15693
 4791    2350  1987  1986  3762   6720 13814 18474 19860 19861 19862
 4792    1122  2951  3093  3289   7017 19863 17841  8994 14994 15103
 4793    1960   877  2669  2990   9745  9749 19864  8707  6152  9748
 4794    1934  1807  3056  3354  19865 19866 19867 10245  5227 13132
 4795    1689  2554  2980  3853  14620 12554 12556 19868 12553 19869
 4796    2551   406  3487  3941   9831 15685 19579 19870 19580 16360
 4797    2531  2248  2249  3655   6357  7415 19871  6358  6360 17961
 4798     160  2096  1752  2870  19872 11820 11818 19873 11817 19874
 4799       0  2640  2664  2976  14971 15650 15649 14970 12095 19875
 4800    3082  3041  3343  3564  13174 13177 19876  7866 19877 13176
 4801    2847  2722  3280  3610   4629 11654 19878 13617 13616 19879
 4802    3086  3152  3416  3719  18791 19880 16540 15436  6837  4325
 4803    2807  2815  3422  3447  10801 18693 15326  7043 10802 19226
 4804     699  1852  1546  3666  10384 18181 17583 10383 10386 19881
 4805    2146     4  2827  3128   5636  8190 16248  6929 16249 19882
 4806    1043  1176  3179  3231  19055 18997 19883 19884 16516 11084
 4807    1798  2050  1463  3137  12232 11804 11808 19885 10533 12235
 4808    1468  1028  3251  3760  19845  9555  9553 19439  9552 19193
 4809    1580  1147   128  3657  19274 19271 19886 19887 19888 19272
 4810    2327  1019  3695  3706   4866 19889 13087 19890  8814 19891
 4811    1052  1600  2875  2906   9021  5825  8278  8274  5650  8273
 4812    1436  3772  3806  3886  14168  8414  8418 14290  8413 19892
 4813    1365  1470   582  3308  19893 19894 19895  5033  9100 19896
 4814    2909  2804  3083  3089   4082 12600 19897 12580 12579 19898
 4815    2066  1983  1046  3247   5842  6507  6505 19899  6504 16422
 4816    1657  2190  2764  2855  16076 10173 16315  8506 16077  7253
 4817    3042  2132  3168  3173  15829 17474  8579  8575 19900  8574
 4818      37   812  2630  2633   7516 14539 14538  7520  7517 10613
 4819     347  3574  3681  3890  19901 15863 19902 19903  5136 19904
 4820    1616  1614  3624  3796  19905  8797 19906 16044 19907 19908
 4821    1314  2225  1492  2618   6745  7104  7102 19909  7101 14728
 4822     343  3227  1267  3226  19910 19911 19912  5438 19913 14124
 4823    1102  1563  1953  3667  19914 11139 19915 19916 14974 14209
 4824     439   750   440  4017   4820 19917 19918  4821  4823 19919
 4825    2396  3254  3727  3962  19920  4647  4651 10254  4646 10256
 4826    3384  3858  3879  3888   7511  6477 17085  5967 19921 10541
 4827    3800  2930  2955  3684   5420 14249 19922  5425  5421 14250
 4828    2130  2142  3922  3924  19143 19349 19347 19923 19346 19924
 4829     393  1758  3118  3934   7806 19925 19926  9464 18594 19927
 4830    2248  2531  2250  3655  19928  6360 19871 19929  7415 19930
 4831    3540  1799   833  3558  18351 17894  6685 19740 19711 19529
 4832    1249  2666  2749  3453   4978 19931 19932 12801 10717 19933
 4833    3067  3202  3447  3995  15409 12384 14613 10804  5589 19934
 4834    3379  2935  3426  3551  10791  4669  5634 19935  7167  7938
 4835    3088  2707  3559  3738   6820 12074 10609  6819  5299 10608
 4836    3629  3905  3921  3922  19936  4167 19937 19938 19939  7857
 4837    2085  2671  2897  3211  18220 19940  7578  7577 18221  4971
 4838    1205  1549  3066  3443   8137 16903 11412 11414 18618 11411
 4839    2719  2718  2812  3329  17808 16826  5314 14352 19941 19942
 4840     974   248  1821  3072  10305 17151 19943 10306 10308 17152
 4841    2436  2563  2437  3826   5877 19457 19944 19633 19945 19456
 4842    2528  3005  3006  3706  13400 13198 13202 13401 13197 19946
 4843    1661    76   687  3967  11405  6898 19947 19948 19949 11404
 4844    2766  3393  3731  3893  11720 10671 17673 12386 19950 11721
 4845    2473   831  2097  3538  11747 11375 11373 19951  8006 11750
 4846    3158   103  3203  3563   4540 16733 18839  4545  4541 18836
 4847     435  3445  3804  3825  19952 19953 17245 19257 17690 19256
 4848    3200   542  3286  3494  13423 19338 19954 16254 16251 14650
 4849    1613  1611  3562  3711  19767 19955 18584 19956 19957 16046
 4850    2784  1314  3470  3553  17148 19958 19959 17147 14730 13049
 4851    1208  3159  3356  3802  15916 12036 13877 11607 10941 13876
 4852    2300  1937  3747  4014  11312 19960 12115 12117 19961 11621
 4853     210  3564  4017  1978  19962 19963  4462  4465 11117  4463
 4854    2631  2737  2990  3591  16817 19964 15349 19965 16004 19966
 4855    2665  2433  3185  3443  13270 19967 19731 19729 19968 14082
 4856     290   779  3614  3900  19969  6858 19970 19971 19972 10643
 4857    1893   255  1137  3366  19973  6613 19974 19975 14087 19976
 4858    1278  1273  2752  3229  16189 10857 17174 16678 13614 19977
 4859    1637   458   749  3641  19978 19979 19980  9596  5161 19981
 4860    2666  2710  3279  3453   8471 10717 10715  5012 10714 16346
 4861    2319   291  1894  3285   6846 14895 19982 19983  4049 19984
 4862    1611  2423  3562  3711  19767 19957 19985 19772 19768 19956
 4863    1486  1016  3269  3795  19705 19986 12785 19710 19706  5468
 4864    1222   456  1626  4001   8256  8253 19987 19988 19517  8254
 4865    2201  2103  3029  3564  19989 19990 18559 19991 12822 19852
 4866    2187   122  1463  3137  12232 10530 14495 19792  5403 19992
 4867    2356  1366  3115  3181   9086 11583 19993 19994 19995 19996
 4868     671   331  3730  3892   8089 19997 19998  8094  8090 19999
 4869    1808  1220  1084  2686  16513 20000 20001 20002  4924 20003
 4870     561   832  3383  3859  16413  6278 18851 19535 18849  9652
 4871    3296  2172  3732  3805   4959  4963 13736 10824 10820  4962
 4872    2344  1075   638  3146  20004 15964 15960 20005 15963 17949
 4873    2392  1305  1298  3431  20006 20007 20008 20009 19402 20010
 4874    3165  3232  3331  3349  20011 10708  8650 15564 10706 15566
 4875    2989   602  3295  3473  17641 11776 17409 20012 18554  7671
 4876    2496  2995  2499  4012   9929  9043 20013  9928  9099 18107
 4877    1794  2474  1813  3338  17324 13625 13623 20014  8329 20015
 4878    3822  3866  3867  3940   7435 18317 16939 12950 20016 18316
 4879    2402  3131  3256  3813   6752 12496 15456 10565 10563  4045
 4880     915  1220  2686  3274   5348 11481 20017  4924 20018 11480
 4881    1141   374   141  3893   9309  9998 20019 20020 20021 19381
 4882     429   961  2429  3803  20022 11321 20023 20024 20025 14884
 4883    1782  1007  3374  3595   6509 19556 20026  6514  6510 20027
 4884    1889   830  3133  3840  20028 17470 20029 16008 20030  8002
 4885    3544   123  3884  3986  14762  5362 20031  5263 16205 20032
 4886    3493   907  3507  3508  20033 18988 16577 20034 18987 15395
 4887     274  2537  3917  3952  20035 20036 20037  7209 12857 20038
 4888    1019   105  2139  3551  17453 13088 13086 17452 13085 20039
 4889     157  1682   158  3658  13108 13112 20040 16605 16606 13111
 4890    2907  2913  3442  3658  20041 19269  4916  4913 16743  4917
 4891    3078  3132  3188  3212   6038 14563 20042 11134 20043 14562
 4892     461  1030   170  3608  16280  6703 15192 20044  8500 20045
 4893    3088  3633  3903  3924  19684 16425 15501 10248 19144 20046
 4894    3146  2674  3167  3417  20047 20048 20049 20050  8709  9787
 4895     217  3188   580  3328  16799 12966 20051  5976 11187 16800
 4896    1813  2059   475  3338  15975 17324 20052 20053 13664 20054
 4897    2580   155  2753  3440  18014 19477 19479 18676 18674 15527
 4898    2597  2861  2954  3657  10869 20055 17559 20056 13845 20057
 4899    1871  1948    83  3756  15609 13629 16392 20058 12189 15608
 4900    2636  3030  3149  3325  10272  6422 11527 20059  4780 16124
 4901    2059  1813  2474  3338   8329 13664 20052 20014 17324 20060
 4902    3079  2372  3346  3949  20061 12723 14918 20062 18256  4383
 4903    3154   314  3607  3673   6470 20063 13922 20064 14767 16475
 4904    3258  3141  3661  3837  10737 13924 19494 20065 19493  7182
 4905    1377  1019  2139  3551  17453 13618  8815 20039 13088 20066
 4906    2071  1580  1218  3657   9180 15311 20067 20068 19271 16105
 4907    2609  2922  3253  4011  13979  7460 20069 14376 15893 20070
 4908    3004   520  3005  3587   5740 15886 20071  5741  5743 17796
 4909    2166  2987  3231  3495   8799  8802  6022  6021  7247  4896
 4910    3851  2352  4005  4024  14022 14026 16902 20072 20073 14025
 4911     900  1812  1727  3395   4903 11543 11546  4904  4905 18588
 4912    1873  1177  2904  3942  17164 17297 20074  8879 12789 20075
 4913    2055  1856  2876  3628  10883 20076 12415 12418 20077 12416
 4914     804  1683  3060  3162  19388 12607 16672  6975 16669 20078
 4915    1061  1226  2016  3444  14459  9903 20079 20080 14626 14458
 4916     437   425  3878  4027  15614 20081  7053 15615 15617 20082
 4917    1646  2468  2945  3090  13441 10954  7522 19032  4589 18754
 4918    3140  3672  3810  3908  20083 15371 12889 12887  6000 12890
 4919    2214    16   622  3275  17119 10476 10474 20084 10473 20085
 4920    2904  2812  3459  3477   7710  7714 14353 16617 10446  7713
 4921    1661   309   179  3967  20086  6898 20087 20088 20089 20090
 4922     179    76  1661  3967   6898 20086 20091 19947 19949 20090
 4923    2618  2586  2729  2761  11424 15836 20092  4144 20093 20094
 4924    1637  1341   458  3641   5161 19979 20095 15980  5823 19980
 4925    2833  2962  3139  3427   6194  4452  9534  4402  9531  6197
 4926    2173   891  3621  3920  18287 20096  8108  8104 18288  8103
 4927    1376   755  3092  3486  14173 14177 17759 10947 17758 14176
 4928    2514  3002  2523  3153  20097 14663 20098 20099  7066 20100
 4929    2153  1820  1030  3608   8500  8958  8956  8499  8496 20101
 4930    3776   800  3902  3947   6434 12851 20102  6439  6435 12850
 4931    3343  3041  3539  3564  18069 13174  7866 13993 19877 18067
 4932     230   780  2910  3666  15301 19377 17909 10391 19375  4657
 4933    2695  2773  2881  3052  11689 12529 17617  9542 17615 20103
 4934    1716   938   270  2743  20104  7340 20105 20106  5073  8864
 4935    1917   776   751  3248   7921 15973 20107  9694  9696 20108
 4936    1767  3867  3940  4026  15126 15129 20109  7435 20110 15128
 4937    2209  2207  2289  3811  10693 20111 20112 16731 17219 20113
 4938    2666  2621  3071  3447   9734 15579 12800  4980 16036 20114
 4939    1912  3379  3396  3706  13930  4668  4666  4106  4665 14136
 4940    3297  2723  3405  3767  12250 17919 13006 14304 14302 18905
 4941    2712  2878  3319  3757  10545 17465 20115 13450 14577 20116
 4942    1604   807  2077  3944   5922 20117 20118 20119  5898 20120
 4943    2945  3130  3676  3872  20121 15600 15599 12070 15598 18280
 4944     941  2462  2111  3752  20122 10407 18696 20123 18697 20124
 4945    2857  2598  2969  3115  11221 11224 12783  5693  5503 11223
 4946    1604  2077  1095  3944   5921 20117 20120  5926  5922 20125
 4947     830   850  3840  4018  20126 20127 16007 20128 16530 20030
 4948     797   398  2577  3450   5768 20129  4201 16138 16134 20130
 4949    2892  1405  2903  3321   6877 10782 10783 10213 10209 20131
 4950    1679   567  1992  2908   7317  7316 20132  8618  8619  7321
 4951    1487  3219  3769  3813  20133 14954 14956 11637 14953 20134
 4952    1181  2058  1597  4004   4593  9797 20135 20136  6117  9911
 4953    3125  2977  3247  3588  17136 20137 20138 19379 20139  6503
 4954    1978   731  3564  4017   4465 19962 11118 11120 20140 11117
 4955    1673   819   258  3380  14751  8436 20141 12202 20142 14749
 4956    1446  1120  3414  3560  13720  4945  4943 13722  4942 15879
 4957    1876  1639  1022  3586  11152 20143 20144 20145 10269 20146
 4958     138  2291  2170  3941  14945 17224 19604 18915 17693 20147
 4959    2113  1595  3391  3827   9799 20148 20149 20150 16327 20151
 4960    1643   104   780  3666  19375 15305 20152 20153  5900 19378
 4961     519   780   104  3666   5900  4181 20154 20153 19375  5902
 4962     364   363  2696  3496  12528  4064 20155 12973 17747 15648
 4963    1836    72  3315  3861  20156  8354 20157 20158 20159 12544
 4964    2350  1986  2349  3762   5566 13814 19862 14297  6720 10226
 4965     515   632   516  3573   6097 19805 20160 20161  7038 19806
 4966    3109  2798  3292  3450  20162 20163 20164 20165 20166 14112
 4967    1274  2815  2936  3034   5899 14856 20167 15325 18729 14855
 4968    2299   814  1720  2915  20168  6034  6032 20169  6031 20170
 4969    3133   850  3340  3840  20171 20028 16010 15044 20128 20172
 4970    2980  2161  3110  3853  12080 14620 20173 12084 12081 20174
 4971    2585  3091  3311  3742  12673 13711 10911 15243 10974 20175
 4972    1849   773  3081  3684  12347  9394 13956 12352 12348 17204
 4973    3781  3136  3788  4018  20176 17255 17256 14340 13941 16435
 4974    1054  1555  2736  3451  12540  8399 17932 20177 17933 18045
 4975    1442  2443  3342  3973  16267 16708 19723 15972 16268 16716
 4976    1266  2866  3353  3623  20178 19460 17091 17092 20179  4864
 4977    1591   821  3221  3948   4497  4494 16326 13020 13018  4495
 4978    2559  1897  3293  4021  20180 20181 20182 20183 15445 20184
 4979    2981  2895  3122  3664  18726 12985 16154 16755 16153 11656
 4980    1086  2135  3376  3459   8966 20185 15235  8971  8967 15234
 4981     502  2297   242  3157   5520  5524 20186 20187 20188  5523
 4982    1913   656   859  2990  20189  9746 20190 20191 15562 20192
 4983    2172  3249  3545  3875  20193 20194 20195 16931 17303 11771
 4984    1060   934  2030  3726  12356 20196 20197 20198 13148 20199
 4985    3987  2543   164   949  20200 20201  4428  7352 20202  7351
 4986     826   140  2139  4001  17454 20203 16718 20204  4389 20205
 4987     456   105  1626  4001   8256 19517 19515 20206 17451 19988
 4988     599  1188   568  3997   8772  6411 20207 20208 16182  8770
 4989    1740   542  2125  3494  20209 16253 16252 20210 16251 20211
 4990    3384  2860  3858  3884  15951  4485 20212 20213 20214 17085
 4991     488   226   474  3393  20215 12391 20216 20217 10547 20218
 4992     915   447  3274  3608   5345 11482 19532 17469 15190 11481
 4993    1045    53    52  3615  17773  8385 20219 20220  8490 11518
 4994    2964  1648  1967  3718  20221  5788 20222 20223 20224  9424
 4995    1575  2448  2147  3399  17195 20225 20226 17194 10116 20227
 4996    2573  2302  1738  3659  20228 20229 20230 20231 15807 20232
 4997    3503  3497  3502  3883   7369 10598 10599  7372  7370 12322
 4998    2126   849  1643  2849  15303 20233 20234 20235 14524 20236
 4999    1064  1436  3772  3806  14290 20237 10301  8418 19892 20238
 5000     500   558  1958  3813   6102  8949  8947 15426  6753 20239
 5001    2651    54  2887  3131  17900 10805 10808 20240 10809 10140
 5002    1057  2129   228  3575  15904 15903 20241 20242  5221 15906
 5003       1  1944  3472  3729   5306  8384 11272 18613  8162  8383
 5004     923  1605  2822  2923   9761 20243 20244  8601 20245  6806
 5005    3200  1676  3240  3484  20246 10175 10178  8077 10179  7943
 5006    1511  1145  3377  3898  12466 20247 20248 12471 12467 20249
 5007     523  1678   171  3561  20250 12533 20251 20252 17813 20253
 5008     505   855  1159  3619  11994 12423 20254 20255 20256 12422
 5009     919  1068  3466  3725   8347 18721 15667 14568 18720 15666
 5010    1499  1848  2801  3718  11141 15295 17387  5454 11142 17993
 5011     202  3117  3320  3560   4941 20257 15825 10588 10590 15826
 5012    1762  3515  3514  2605   9638 20258 20259 20260  9608 18712
 5013    2108  2236  2559  3807  20261  7632  7636 20262  7631 20263
 5014     370  3808  3877  3903   7322 15521 20264 20265 19685 20266
 5015     967  2678  3433  3691  13586 20267  7237 13783  7205  6327
 5016    2495   731   440  3539  16260 18094 18093 20268 18092 20269
 5017     336  2559  1161  3807  12774  5028 20270 20271 20261 12772
 5018     566  1184  2285  3723  17741 20272 20273 17742 12445 20274
 5019    2279  2182  3326  3537  12903 18854 20275 12908 12904 18853
 5020    2846  1098   841  3718  20276 14603 14602 20277 14601  8236
 5021    2473  2229  3497  3538  12296 11375  9233  9236 14253  9234
 5022    2623  2617  2834  3344  16498 16752 14891 14893 20278 14890
 5023    1856  2914  3356  3549   9023  6715 16093  9026  9024 10735
 5024    1996   780   519  3666   4181 20279 20280 20154 19375 20281
 5025    2919  2627  2798  2790  20282 12854 20283  6663 20284 20285
 5026    1921   965  2911  3412  13718 13715 15366 19691 15365 13716
 5027    2810  2849  2947  3914   7953 17723 20286 20287  4656 20288
 5028    2386  1592  3479  3764  16523  4458 20289  4614 20290 16524
 5029    1172  1986  2534  3762  20291  6721  6724 20292  6720 20293
 5030    2455  1857  3535  3895   9093 11143  7033  7029 12267  7028
 5031     331  2374  2351  3892  18565  8090 20294 20295 20296 20297
 5032    3642   487  3694  3899   6329  6333  6942 13686 14081  6332
 5033    3102  2934  3190  3592   8790  9692 11105  9228  7653 20298
 5034     814  1785  2144  2915  20299  6031 20300 12969  7003 20301
 5035    2255   492  3195  3923   7074 18162 20302 20303 20304 19244
 5036    1615  1616  3318  3624  14314 14312  8796 20305 19908 14311
 5037     876   933  3223  3412  20306  6208  4205  4202  6206  4206
 5038    2923  3347   399  3744  20307 12013 20308 20309 16808 16663
 5039    1068  3348  3466  3725   8347 18720 14567 14564 18326 14568
 5040     395    45  3249  3805  12559 20310 17305 17307 10823  4342
 5041    2057  1695  3592  3961   9687 11768 18761 14676 20311  6276
 5042    1563  1193  2903  3667   7279 14974 20312  5606 18872  7313
 5043     475  2059   865  3338   8872 15975 20053 13666 13664 15974
 5044    2794  2675  3150  3967  14365 15882 15541 15543 19205 15542
 5045     432  1414  2181  3619  12219  8677 20313 20314  8125 12221
 5046    1414   432   995  3619   8128  8125 20313 20315  8677  8126
 5047     363   364  2696  3124  12400 12974 20155 15648 20316 12973
 5048    3284   489  3490  3556  14370  5932  5935 14372  5936 20317
 5049    3133  2689  3152  3840  19117 20028 19014  6838 19119 19568
 5050    3270  2496  3793  4012   9733  9046  9044 20318  9043 17874
 5051     621  1159   307  3619  14933  7992 20319 20320 11994 14931
 5052     215  3748  3886  3903  18425 20321 20322  8417  7323 13017
 5053     940  3349  3734  3898  18266 20323  7178 12488  9871 20324
 5054    3037  2520  3047  3514   9637  9641 20325  7406 20326  9640
 5055    1811  1411  3280  3434   4633  4631 12160  6947 11868  4630
 5056    3817  3794  3842  3887   5556  5560 11763 17196 11764  5559
 5057    2903  2859  3321  3623  20327 20328  9142  9138 19459  6877
 5058    2674  3146  3167  3297  13603  8713 20049  9787 13604 20050
 5059     687  3476  3596  3967   6894 11405 10980 20329 20330  4074
 5060    2915  2320  2982  1863  20331 20332 10365  9403 20333 14818
 5061    2921  3094  3165  3436  14021  8835 11330 20334 13882  4663
 5062    1508  1219  2904  3600  14465 18007 20335 20336  9885 18006
 5063     579  1159   621  3619   7992  9396 11995 20319 11994 20337
 5064    2724  2826  3243  3739  20338 16030 16535  8241 20339 15991
 5065    2516  3511  3089  3510  20340 20341 20342  5766 20343 10899
 5066    2219  2218  3824  3987  13835 13839 16487 20344 16488 13838
 5067    2604  2648  2691  3627   9339 11354 18974  9338  9335 11355
 5068    2231  2399  3696  3730  16215  9205 20345 14399 20346 20347
 5069    1011  2444  3714  3968  12101 16499 19617  9412 19616 20348
 5070    3340  2860  3788  3985   6172 13954 13953 14338 10462 14337
 5071    1787   571  2048  3815  11478 12758 12760 18473  4879 20349
 5072    3207  2817  3475  3911   4935 13191  4703 12792  7265 12791
 5073    2477    73  3209  3726  11861 12611 20350  9348 20351 12839
 5074     276  2429   397  3837  11973 10705 14882 13925 13927 11971
 5075    2931  3186  3209  3726  11861 20352 16167  8149 11862  9350
 5076    1787  2463   924  3815  14448 12758 20353 20354 14440 14446
 5077    2469  3284  3490  3836  13364 13361 20355 20317  6924 13362
 5078    3535  3188  3882  3895   4732  9093  9091 11130  9090  7086
 5079    1089  3166  3613  3626  15032 20356 18310 15036  9670  9162
 5080    2217  1180  2335  2779   9718 20357 20358  9717  7220 20359
 5081    2952   204  3116  3120  13791 10029  8746  6965 13792 16528
 5082    1688  1689  2980  3304  18364  8066 20360 19869 20361 20362
 5083     324  2326  2332  3321  15985 20363 12049 20364 20365 20366
 5084     634  1804  1951  3347   7197 12636 12635 10504 12634 20367
 5085    2046  2789  2825  3943  12641 20368 20369 20370  9898 20371
 5086    2051  2052  3125  3928  12133 18624 18628  8925 17015 20372
 5087    3160  1031  3376  3459   8966 12685  8118 17051 20373 12684
 5088    2599  2665  3185  3443  13270  8141 15682 14082 19967 15683
 5089    1990  1133   730  3422  13752  7527 20374 20375 20376 20377
 5090     695  1048  2969  3347  16811  7626  7630  9751  7625  4547
 5091     523   603  1678  3561  17813 12533 20378 20379 11797 20251
 5092    2793  1602  3159  3663  14849  8661 20380 10943 20381  9143
 5093    3502  1854  2081  3883  11953  7369 12380 20382  6303 17190
 5094    1314  1492  2737  2767  15347 15300 14728 14731 15299 14729
 5095    1031  2053   547  3641   9568 11057 20383 16633  5819  8123
 5096    3864  3818  3887  3891  20384 17061 20385 20386 15463 20387
 5097    2350  2349   523  3561  12533 10228 10226 12537  5565 20388
 5098    2585  3311  3425  3742  13708 13711 20175 18881 12673 13710
 5099    3818  3862  3887  3891  20384 15463 20389 11727 20390 20386
 5100     508   754  2092  3854  11189  8210 20391 20392 11380 20393
 5101    2580   379  3440  3923  12463 20394 20395 12465  8294 19477
 5102    1583  1108  3841  4016  20396 20397 17318 17320 20398 17319
 5103    3221  3374  3858  3948   4493  4497  7513  5328  5324  4496
 5104     641  1499  2801  3718  11141 11926 20399 17993 15295 12749
 5105    2695  2708  2718  2773   4840 17617  9171  4839  4842 20400
 5106    2804  2427  3423  3654  13772  6126 16140 13777 13773 20401
 5107    2953   205  3164  3834   7604  7607  6089 13692 13688  7606
 5108     508  2092  1703  3854   6940  8210 20393 12420 11189  9218
 5109    3842  3722  3889  3925  10626 13321 13766  5102 12453 13320
 5110     826  3228  3342  4001   4392 20203 20402 18868 13476 16715
 5111    1056  1066  1009  3459  11024 20403 20404 20405 14797 20406
 5112    2364  1504  1789  2813  20407 10119 20408 17856 20409 18339
 5113    1488  1804  1914  3347  20410 16192 16191 20411 12634 18978
 5114    2609  2643  2922  4011  15893  7460 12164  8891 15601 20069
 5115    1422  1031  3160  3459  12685 20412 20413  8118 20373 16337
 5116    3580  3075  3629  3908   4171  6004  6002 20414  6001 14591
 5117    3855   652  3889  3925  10626 12452 20415 10630 10627  5099
 5118    1265  2661  2759  3474  14885 20416  6460  8587  6539 20417
 5119     267   630  3595  3671  20418 20419 20420 12716 20421 19554
 5120    3272   361  3409  3712  20422  5244 15820 18446 10183 18445
 5121    2082    69   149  3763  12697 19810 20423 20424 12924 20425
 5122     291   746  2020  3678   6849  4050  4048  6850  4047 20426
 5123     754   508    93  3854   8207 11380 20391  8208  8210 13593
 5124    3420  2435  3535  3882   7086 17384 20427 20428 20429 17383
 5125    1051   777  3048  3419  18717  4575 11009 11007 16481 11010
 5126    2882   109  3080  3486   6141 10495 20430  6142  6144  8980
 5127    1426  2048  2426  3679  20431  7152 20432 18500 11479 19278
 5128    1218  1201   758  3137   5407 11846 20433  6349  6347 20434
 5129    2775  2647  2931  3190  20435 20436  4431  8860  9226  9323
 5130    3168  2891  3489  3796  20437  9069  9067  5416  9066 15318
 5131    2337  1148  3815  3848  11286 13381 20438 12279 15778 14445
 5132    1723  2082   149  3763  12697  8543 20439 20425 19810 12700
 5133    3230  3454  3822  3867  18316 15800 15314 18315  7434 20440
 5134     858   857   630  3671  20421 11666 20441 20442 20443 20444
 5135     997   305   923  3233  15218 11673 11677 20445 11672 15217
 5136    1577  1722  1576  3492  20446 14829 20447 20448 20449 20450
 5137    3022  3021  3411  3556  16926 16839 16841  7267 16842 20451
 5138    1742  2972  3284  3336   6392 16354 18832  5937 20452 20453
 5139     382  1770  2576  3936  20454 20455 20456 20457 20458 20459
 5140     745  1065   553  3161  11386 18269 20460 11387 11388 20461
 5141    3079  2209  3811  4031  12395 12392 20462 20111 20463 12393
 5142     849  1643  2849  3666  15302 20464 20235 15303 15305 14524
 5143    3389  3140  3810  3908  20083 15373 15370 12890 15371  7755
 5144    2044  2043   217  3727  20465 12767 12769 16086 12770 20466
 5145    1061  1595  1606  3678   4603  4601 20467 16328 12927  4600
 5146     589  1038  1836  3406  12545 12214 13261  8353 13262 12622
 5147    2737  2864  3591  3927  16526 13162 16005  5544  7196 16004
 5148     620  1433  1926  3626  20468 20469 20470 20471  7256 20472
 5149    1759  1695  2057  3961  11768 12893 20473 18761 20311 20474
 5150     218  2044   217  3727  20465  6683 20475 20466 12767 12964
 5151    1157  2582  3195  3923   7074  7072 19246 19243 18158  7071
 5152    2940  2675  3167  3766   7469  4499 20476  4970 15914 17173
 5153    2607  2727  3161  3182  16160 20477  7448 10863 11558 20478
 5154    1354  2038  3821  3867  15799 16197 16700 20479 12954 16196
 5155    3234  3324  3858  4020   4305  9775  9779  4306  4308 16806
 5156     927  2853  3108  3491  18513 14776  9565 12708 14775 20480
 5157    1713  2057   550  3961   7506  7505 20481 20482 11768  7510
 5158    3904  3170  3956  3963  19507 18113 20483 20484 20485 20486
 5159    2628  2726  2833  2845   9823 20487  7411  7408  9824  7412
 5160    2760  2661  3457  3474  10938 10940 18765  6873  6539  5287
 5161    3165  3079  3253  3811  10138 19176 15565  4387 12393 13982
 5162    2188   398    78  3109   4200  4774 14114  4199  4196  6322
 5163    2862  2774  2873  3693   4352 11335  9037 20488 13097 17755
 5164    2393   550  2057  3961  11768 11766 10851 20482  7506 11767
 5165    2739  2770  2809  3043  16976 19218 11516 14655  4153  7546
 5166    1759  2317  1695  3961  20311 12893 20489 14675 20490 20473
 5167    1309  2631  2784  3470  13049 20491 19048 20492 20493 20494
 5168    1813   251  1794  3109  20495 17326 20496 17618 20497 20015
 5169    2048  1426   146  3679  15094 11479 20432 20498  7152 20499
 5170    1841  1956  3097  3716  20500 20501 20502 20503  5948 20504
 5171    1350   286   110  2808  15540 20505 20506 20507 20508 20509
 5172    2566   130   791  3920  14842 14846 20510 20511 19092 14845
 5173    2917  2827  2926  3277   6027 10650 13038 13387 14711 13386
 5174    2843   910  3247  3680   9726 12949 19424  9729  6588 12948
 5175    2288  3104  3306  3709  18954 12099 11051 20512 12097 20513
 5176    2129  1057  1783  3575  20514  5221 20241  6201 15903 20515
 5177    1022   368  1876  3452  20516 20517 20518 20519 15640 20146
 5178    3557  3088  3633  3903  10248 10247 12073 15501 20046  9582
 5179    3076  2824  3439  3715  12593  4358 15559 20520 15560 11982
 5180    2724  2650  3053  3248  18552 13465 13463  7717 13462 13102
 5181    2350   523   524  3561  20521 10228 20388 20522 12533 11549
 5182    2929  1783  3575  3687   4177  6199  6202 20514  6203 15905
 5183    1089  2806  3348  3613  15034  9162 20523 13515 18602 16696
 5184    2024  2876  3187  3647  15979 10746 10888 10411  5336 18278
 5185    2377  2545  3737  3876  19147 16726 16728 19149 16729 20524
 5186    1767   618  3866  3867  12950 20109 20525 12955 12951 20526
 5187    1475  1759  1713  3961   7505  7509 12894 20527 12893  7508
 5188    2954  2592  3055  3773   6419 20528 19150 20529 20530 20531
 5189    1859  1350  2808  3548  20532 16953 20533 20505 15421 19198
 5190     159   470  1530  3071  10690  5722  6892 20534  6893 20535
 5191    3842   425  3887  4027  11722 13763  5561  5557 15617  5556
 5192     481  1084  2686  2969  10890  9754 18932 16513 18933 20536
 5193    2582  2255  3195  3923   7074 18158 18161 19244 18162 19243
 5194    2718  2708  2735  3552   6261  6741  4839  7099 17220  5483
 5195     666   659  3843  3988  17346 18784 10297 10299 18782 10296
 5196     248  2407   451  2831  11495 17284 20537 20538  7972 17144
 5197     557  2337  3848  1148  15778 15779 18188 13381 20438  4532
 5198    2826  2800  2875  3721  20539 20540  8934  8562 20541 20542
 5199    2797  2900  3088  3267  16200  8732  8736 20543  8731 16201
 5200    2184   227  2415  3461   9772 17762 19391 12879 12881 20544
 5201    1804   980  1914  3347  20410 12634 12637 20545  7629 20411
 5202     603   523   868  3561  12536 11797 20378 12535 12533 20546
 5203    2711  2605  2890  3248  18553  7920  7923 19753  7924 16639
 5204    1206  2072  3074   803  12276 20547 20548  8612 20549 20550
 5205     521  2005  3150  3426  17711  4785  9643 17710  9644 20551
 5206    1167   913  3874  3974  20552 10723 10721 17937 10720 14043
 5207    2154   383  3139  3790   5907  5749 20553  9477  9479 11872
 5208     630   267   858  3671  11666 20421 20420 16270 20419 20444
 5209      69  2082  1886  3763   5883 12924 20423 20554 19810  6652
 5210    1009  1675   419  3459   9286 11024 11022  9287  7715 20555
 5211    2762  2768  2956  3447  20556 15576 15580 20557  4299 20558
 5212     570  1219  1873  2904  20075  8876 20559 17298 20336 20560
 5213     122   311  1662  3184   4807 18277 20561  4806  4803  5408
 5214    2313  2938  3643  3880   9635 18286 20562 19483 17076 18285
 5215     275  1528  3145  3637   4604 11947  8019  8021 19131  8018
 5216    2855  2869  3290  3656  16985 20563  4795 19539 12143 19541
 5217    3001  2512  3000  3153   7127 20564 20565  7128  7130 19821
 5218     913  3270  3874  3974  20552 10720 18704  9045 20566 17937
 5219    3116  3120  2773  2952  18049 16528 13791 20567 10029  4837
 5220    2890   375  2935  3691  13587  7204 18946 20568 12123  9648
 5221    2691  2724  3053  3627  11353  9339 13104 13102 10697 11356
 5222    2745  1856  2876  3103   7931 10736 10733 12418 10734 14584
 5223     142  1504  2796  3540  20569  6689  8730 20570 17834 20571
 5224     977  1943   149  3763  12697 20572  4193 12701 12698 20573
 5225    2344  1055   973  3167   7472 17950 20574  7471  7474 20575
 5226    2694  1313  2699  3603  10775 15057 15055  4270 15054 15188
 5227    1462  2806  1916  3348  12480 12478  9016 13514 13515 12479
 5228     467  1384  1554  3563  15019 16736 20576 20577 19590 20578
 5229    2569   787  3031  3969  18072  8279 20579 17433 18073 18738
 5230    3738  3557  3886  3903  18425 20580 12072 14171 10247 14169
 5231    1384   511  1554  3563  15019 19590 19592 15018 15016 20577
 5232    2728  2885  3064  3763   8540 12169  7330  7333  8541  7331
 5233     573   843  3154  3861   4758 15818 20581 14474 14472  8611
 5234    2408  2104  3479  3757  10542  9513  9839 10546  9835 19505
 5235    2029   246  3387  3416  16688 20582 20583 16692 16689 20584
 5236    1744  2061   366  3210  13411 10584 20585 18090 18091 13409
 5237     755  1450  3092  3584  17580 20586 10948 10950 10394 10947
 5238    2143  2356  3115  3181   9086  8916 11582 19996 11583  9085
 5239    2263   527  1200  3282  13010 20587 20588 15511 15508 20589
 5240     270  2325  1839  2867   7575  7572 20590  7059 20591  7573
 5241     288  3296  3581  3880   5292  6211 13737 20592 14556  9619
 5242    2141   968   917  3687  15894  6575 18939 15895 10621 20593
 5243    3074   183  3154  3334  13919 20594 12273 19836 16913  8607
 5244    2806  2692  3348  3613  15034 18602 17006 17004 20595 13515
 5245    1367  2083  3235  3582   7901 16161 20596 14413 18865 20597
 5246    2570   306  3073  3860  20598 20599 20600 20601 20602 20603
 5247     469  1126  1851  3098  19161  4123  4120 20604  4121 11895
 5248    1649   399  1874  3744  16303 14783 20605 20606 20307 20607
 5249    1155   521  3379  3426   7938 19025 20608  7937  4785  4554
 5250    2006   887  3486  3791   7289 18361 20609 17757 17806 18360
 5251    2183  1473  2800  2963   4217 12367 11629 20610  7842 20611
 5252    3071  2757  3081  3220  13853  9736  9735 15246  9074 13852
 5253    1043   249   736  3495  18996  6495  6493 20612  6492 18994
 5254      37   812  2677  2716  20613 13804 14538 10895 20614 14537
 5255    1273  1276  2681  3787  14815 17418 13023 13026 20615 13024
 5256    2271  1860  2846  3648   7544 18423 20616 20617 17971 18422
 5257    2912  3309  3373  3475  12033  5570 20618 10522  4938 15202
 5258    2900  3086  3249  3307   9002 13600 17531  9001  9004 16930
 5259    3188  3212  3799  4003  16361  5972  6038 20619  6036 20620
 5260    2709  3078  3188  3328  11187 11185 20621 14562  5329 11184
 5261    1974   521  1155  3426  19025  4781  4784 20608  4785 19029
 5262    1405  1890  2892  2903  20131 10213 20622 20623 20624 10783
 5263    2688  2649  3260  3457  14319  5290 20625 14995  6814 14322
 5264    1522   967  1113  2678  20626  7240  7238 20627  7237 20628
 5265    2685  2622  3297  3417   8708 20629  6469 14665 20630 20631
 5266    2945  2967  3090  3203   4586  4855 11422  4606 20632 13441
 5267    2943  2810  2947  3914   7953 20633 20634 20288 17723 20635
 5268    2013   281  1972  3235  20636 14052 14055 20637 14051 20638
 5269      94   338  2701  3143   8261 12836 20639  8260  8262 12835
 5270     680  3493  3183  1878  20640 20641 20642 16578 15392 20643
 5271     138   262  3827  3941   9703 17224 17226 20644 17223 20645
 5272    2578  3217  3440  3936  20646 20647  4161 15257 20648 20649
 5273     946   266  2770  2809  14655 14658 16232 20650 20651 14657
 5274    2507  2632  2701  2998  12640 12638 11643 11639 11931 11638
 5275    3435  3722  3794  3842  17196 13768 13765 12474 13766 11762
 5276     375   806  2890  2935   9648 20568 18945 18943  5632 18946
 5277    1212   465  3369  3764  13256 20652 16351 14001 20653 16349
 5278    1613  3330  3489  3796  20437 20654 18585  5837 20655 18586
 5279     311  1079   693  3184   4421  4803 20656 20657 13286 20658
 5280    3811  3205  3881  4031   9154 12395 13287 20659 20660 12394
 5281    2945  1327  2967  3203  20632  4855  4857  9027  4858 11422
 5282    2813  1789  3329  3540  15403 16825 20407 15408 15404 12310
 5283    1031  1086  3376  3459   8966 20373 17055 15234 20185 17051
 5284    2091   894  3239  3637  20661 20662 20663  4582 20664 20665
 5285     790  2398  2399  3696  14399 20666 20667 20668 20669 20670
 5286    3810  3465  3846  4030  16968 20671 18139 10566 19452 11341
 5287    2944  3172  3305  3852  20672 16522 13139 13136 16521  9155
 5288    1592  2948  3479  3764  16523 20290  4613  4610 20673  4614
 5289    3043  2739  3080  3648  15440 19217 19218  8982  7545 11233
 5290    2701  2078  2872  3153   7068 19292 13663 13661 20674 13050
 5291    1806  2177   292  3734  20675 20676 20677 20678  8851 20679
 5292    3055  3481  3816  3996  20680 15754 20681 15309 10927  6420
 5293    3324  1416  3858  3863   4309  4307 17984  5326 20682  4306
 5294    3373  2912  3475  3668  12031  8183 15202  5570  8903 12033
 5295    1346  1017  2726  3394  14509 14506 20683 12621 20684 14507
 5296    3489  2891  3624  3796  19905 20437  5416 10163  9066 10162
 5297    2810  2592  3126  3229  10858  4743 13096 13093 13658 13092
 5298    2740  2585  2975  3639  20685 20686 20687 10910 20688 20689
 5299    3435  2976  3794  3819   4373 20690 18453 19697 19694 11762
 5300    2524  3150  3153  3706   4867 19209 20691  4868  4870 19208
 5301     752   631   107  2901  11260  9530 20692 20693 17525 20694
 5302    2867  1017  3102  3394   9689 13780 12619 20695 20684 14074
 5303    3803  2841  3837  3853  10702  5318  8783 20696 14622 10704
 5304    2585  2740  3257  3639  20697 20688 20687 20698 20686 17612
 5305    2088  3350  3777  3948   9433 13220 13223 18273 13219 20699
 5306      38    39  3282  3471  20700 16781 16785 20701 16780 18229
 5307    2599  2861  3066  3461  20702 20703 15922 14162 20704  8140
 5308      58  1916    59  3739  20705  7963 20706 20707  8144 20708
 5309     643   480  3913  3962  17964 12406 20709 15719 17965 16170
 5310    3487  2553  3488  3550   9788  9792 14038 14034 18416  9791
 5311    2594  2687  2761  2828  18576 17967 11426 11428 20710 11425
 5312    1174  1225  3164  3669  14702 16588 20711 20712 11345 20713
 5313    3149  3410  3647  3669  20714 14247 11701 17800 11347 10273
 5314    2051  2052  1935  3125  17476 20372 18628 17477  8925 20715
 5315     264  2574   829  3375  20716 18641 18640 20717 10281 20718
 5316    1506  1637  3363  3641  13474 13471 20719 20720 19979 13472
 5317    1635  1208  1174  3669  16588 12319 12317 16592 12318 20721
 5318    1917   751  2711  3248   7920 15973 20108  7925  7921 17683
 5319     374  2084   100  3462   5808 20722 20723 20724 14477 20725
 5320    1988  1219  3600  3942   9540  5571  9883  9885 17299  9882
 5321     799   705  2816  3680   7106 20726 20727 17886  6625  7913
 5322     596    41  2693  3471  18082 20728 20729 18081 10350 20730
 5323    2620  2683  2782  2979  17740 17738 20731 20732 20733 17737
 5324    2790  2627  2848  2919   5461 12854 20284 20734 20283 20735
 5325    3254  2944  3305  3328  17404 12569 16991  9155 19306 15728
 5326     183  2072  3074  3154   8607 19836 19837  8612  8608 12273
 5327    2373  2390   420  3565  19284 12414 18795 20736 18796 16321
 5328    2763  2975  3181  3266   7088  7092  8896 14957 20737  7091
 5329      66  2333  2862  3693  11335  4356  7356  7354  5596  7353
 5330    2761  2962  3427  3815   4878  8644  9532  9531  6854  9533
 5331     224  1666  2308  3463   7377 20738 20739  7376  7373 20740
 5332    3103    47  3128  3464  10104  9548 19854 10108 10105 11966
 5333    3847  1915  3886  3903  18425 10246 17568 13015  7326 17569
 5334    1553  1083  2703  3148  20741 20742 15742 15744 14097 15741
 5335    1340   323  1122  2951  17841 20743 20744 20745 16067 20746
 5336    2621  2762  2807  3447  18693 16036 20747 15323 15576 19227
 5337     475   865  2081  3883  11953 11952 15974 17188  8871 11956
 5338    3794  3830  3851  4024  14026 17508 16355  9078 17507 12473
 5339    2661  2831  3215  3612  19086 11729 20748 17217  8170  9373
 5340    2773  2695  2883  3376  19683 12686 17617 11369 18510 20749
 5341    3312  3168  3555  3747  11316 11623 18464 17045 20750  7707
 5342    3075  3629  3905  3921  19938 20751 20414 19937  7857 20752
 5343    2676  2674  2739  3297   8711 15227  6146  8710  8713 16314
 5344    2738  3128  3464  3778   9547 20753  8189 10104 11965 13278
 5345    2784  2737  2921  2928  12572  4931 20754  5555 13881  8832
 5346    2793  3159  3339  3777   9253  8657  9143 18803 20755 13569
 5347    2617  2623  2958  3344  16751 20278 14891 16754 16752 20756
 5348    2380    78   251  3109  20497 15892 20757 20758  4200 20759
 5349    3061    29   539    30  20760  9304 20761 19550 20762 20763
 5350    1124  1570  2671  2705  10465  5016  5014 10467  5013  6386
 5351     299   339  2669  2856   8223  8227 20764 17754  7310  8226
 5352     973   950  3167  3992  17815 14451 10855 10852  8431  7472
 5353     808  2703  3148  3392  11254  4539 20765 20741 20766 11257
 5354    2219  2245  2541  3987  16485 13839 13837 20767 13836 16489
 5355    2631  2737  2784  2990  15177 19966 15349 20754 19965 20492
 5356     241  2243   235  3290   5213 20768  5053 20769 16989 20770
 5357    1441   849  2098  3044   5716  5714 20771 14523 14525  5713
 5358    1603  1617  2972  3336  20452 15482 15485 20772 15481  5611
 5359     658   223  1491  3327   5046 10098 20773  9847  9848 18497
 5360    1019  3587  3695  3706   4866  8814  8818 10069  8813 19890
 5361    2463   146  1021  3679  12210 12209 20774 20775 15094 12213
 5362     596  1237  2693  2973  18436 14593 14596 15556 14592 20730
 5363     423  2136  1865  3438  16446 16444 19225 20776  4128 16443
 5364    3168  3042  3175  3747  14206 20750  8574  6670 14207 17799
 5365     476  1039  1523  3380  17780  6990  6993 20777  5019 17778
 5366     781  2434  2415  3461   9772  7593 20778  9771  9774 12882
 5367     443   873   280  3029  13653 19853 20779 20780  8269 20781
 5368     805   700  3008  3396   7800 19641 19642 20782  7587 20783
 5369    2210  2212  2944  3708   5624  7678 20784 20785 20786  7677
 5370    3060  2931  3190  2775  20436  5000 11474 20435  9323 20787
 5371     917  2129  1783  3575  20514  5224  5222 20515  5221 20788
 5372    1426  1448   146  3679  15094  7152 13248 15095 13247 20498
 5373     294  1793   165  2887  17029 15074 19801 17030 17031 20789
 5374    3532  1569  3753  3899   7881  9980  9984 20790  9979  4351
 5375    2071  2145  1580  3657  19271 15311 17542 20791 17543 20067
 5376    3191  3405  3476  3767  12249 17920 18906 12252 12250 13214
 5377    1411  1811  2583  3434  19798 11868 12160 20792  4631 20793
 5378     125   552  3636  3673  10968 19405 19403 17811 15159 14617
 5379    2610  2780  3267  3318  20794 20795 20796  8735 20797 18333
 5380    1973  1912  2711  3396   7586 16243 17825 12303 14136 17682
 5381     700  2814  3009  3396   7796  7587 11881 19151 12304 20798
 5382    2649  2688  2786  3457   6817  6814 20625 20799  5290  6815
 5383    3094  2748  3108  3760   9764 11332 20800 12710  5158 14921
 5384     530  1500  2747  3469   8187  8964 20801 20802  9469  8963
 5385    1384   467    81  3563  20803 19590 20576 20804 16736 20805
 5386     987  1420   422  2763  12229  7090 19253 16599 16600 20806
 5387    3279  3220  3642  3899   6333  6330 16345 13850 11070  6331
 5388     728  2017  3148  3461  16126  7596  9845  7700  9846 11202
 5389    3045  3201  3391  3678  20807  7144 17518 20808 20809 17966
 5390    1396  1973  2711  3396   7586  7590 16244 17682 16243  7589
 5391    3094  2155  3108  3194  14919  5537 17426 17424 18514 14921
 5392    2400   345  1399  3715   7826 16468 17360  7825  7822 20810
 5393    1023   123  3544  3567   5359 20811 20812 20031 20813 19832
 5394     315  2571   578  3969  17717 18858 18856 17718 17719 20814
 5395    1218  1580   869  3095  17123  9181 20068 20815 19275 20816
 5396    1256   721  2819  3453   9922 20817 20818  5113  5269 20819
 5397     303  2928  2990  3100  15176 11568 14132 15222  4934 20820
 5398     662   666  3843  3988  17346 15213 20821 10296 18784 17347
 5399    2954  3055  3657  3816  10868  8494 20531 20822  6420 10869
 5400    3088  3557  3559  3903  11888 20046 12073 12075 10247 10608
 5401    1060  3186  3620  3726  13144 20196  7580 16164 11862 20823
 5402    3543  2925  3589  3638  18382 20824 19680 12740 20825 19678
 5403    3089  3037  3512  3943   6157  6159  6184  8367  8053  5762
 5404    2880   490  3038  3563  20826 17637 20827 20828  4544 20829
 5405    2311   564  3565  3734  10835  8855  8853 18950  8852 10838
 5406    2824  2400  3044  3715  17582 15560 16467 20830 16468 20831
 5407    1462  1926  2194  3348  16693 12478 20832 20833 20834 16697
 5408      40  1932  1417  3471  20835 10351 20836 20837 16784 20838
 5409     953  2655  2942  3663   8072 20839 19235 19237  8659 17263
 5410    2066  3125  3247  3588  17136 16632  6506  6503 20137  6507
 5411    1543  1496  1518  3100  11571 18714 20840 20841 20842 20843
 5412    2826  2678  3294  3721  19373 20540  9178  9174 20844  9173
 5413    2224  2602  2829  3327  12368 17586 17821  6829  5043 20845
 5414    2842  2880  3158  3203  18836 20846  4851 17636  4856 15802
 5415     979  1032   377  3247   5843 12629 12627  5844  5846  9196
 5416      22   751    25  3248   9693  9186  9185  9697  7921 18291
 5417    1523  1706  3044  3380   5711 17780 20847 20848  5147 20849
 5418    1835    62    63  3064   7384 13812 13301  7878 13811 14201
 5419    2855  2823  3446  3583   7538 20850 11858 20851 20852  8691
 5420    1147  1580  2145  3657  17543 19888 19886 20791 19271 20853
 5421    1623  1596  3077  3149  20854 14738 14735 20855 14736 18982
 5422    1446   202  3320  3560   4941  4945 20856 15826 20257  4944
 5423    1553  2599  3157  3461   7592 12733 20857 17168 20703 20858
 5424    2480  1469  2899  3473   4999 10369  5799 20859 10368  8466
 5425    2899  3060  3473  3725  20860  8349  4998  4995 18195  4999
 5426    1218  1580  3095  3657   9183  9180 20068 19275 19271  9181
 5427    1418  1583  3385  3897   6014 20861 20862 17988 13356 16501
 5428    1546   849   699  3666  18181 10384 20863 20864 20464 19881
 5429    2883  2744  2907  3381  10073 18566  5341  5344 19543  5342
 5430    2613  2858  3029  3564  19989 11586  7477  7479  9586  7478
 5431    1987   320  2532  3762  10484 19861 20865 10483 10486 20866
 5432     320   319  3543  3765  20867 20868 10990 20869 20870 17429
 5433    1186  1127  2935  3433   9645 20871 20872 17535 17537 20873
 5434    1443   234  1050  2767  20874  5776  5955 18376  5956 20875
 5435    1449  2027  3121  3585   7603  7601 19415 19412 20876  7600
 5436    1855  2973  3464  3549   6714  6718 12781 13641 12780  6717
 5437     636  2264  3215  3419  17215 20877 20878 17218 17216 20879
 5438    1147  1918   817  3657  14965 19888 20880 14599 20881 20882
 5439     278   359  3272  3901   7338  7437 20883 15822 20884 17209
 5440    1377   140  1912  3551   4667 13618 20885 20886  4393 20887
 5441    1927  2289  1490  3594  11416 20888 20889 16732 10692 20890
 5442    1992  2908  3286  3859  20891 14381  7317 19406 15158  6658
 5443    1027   198   557  3848   4532  4529 20892 15780 15777  4530
 5444    3487   406  3550  3941   9707  9831 19870 18417 19580  9792
 5445    3066  2599  3185  3443  13270  8137  8140 15683  8141 10191
 5446    2909  2852  2972  3284   5937 20893 11311 15283 12777 16042
 5447    2208  3768  3852  4025  17728 20894  7611  7614 20895  7612
 5448    2375  3074  2324  3756  12186 12185 18848 20896 17234 12190
 5449    1893  1137  2222  3366   7723  6613 19976 20897 19973 20898
 5450    1906  3445  3700  4000  13203 13207 20899  9724 17687 13206
 5451    2815  2762  3067  3447  19934 10802 15324 18401 15576 18400
 5452    2884  2973  3568  4011  19187  5373  5371 15735  5370 17600
 5453    1428   652  3842  3851  14709  9082  9080 14708  9079 13319
 5454    1618  2544  1619  2851  11454 10667 10665 20900  4232 20901
 5455    2447   138  2170  3941  14945  5724 17225 20147 17224 14943
 5456    1701  1917  1973  2711  17682 17824 18790 17685 17683 17823
 5457    1198  1785  2915  3859  16415 15620 19780  7003 19779 17272
 5458     129  3100  3285  3436   8101  6707  6711  9444  6706  6842
 5459    2351  2374  3621  3892  12500 18565 20295 20902 20296 12385
 5460     140  1701  1912  3551   4667  4393 19717 17822 20903 20886
 5461    3088  2976  3722  3819  12475 14981 20904 18535 19694  4890
 5462     875   937  1573  3223  17201  4203 20905 13080 13978 17199
 5463    2883  3141  3258  3363  18024  7430 20906 19494 20907 20908
 5464    2984  2962  3111  3815   4176  6856  6855  4142  6854  8950
 5465    1307  2408  1707  3757   9510 10274 10275  9511  9513 17592
 5466    1084  1808  2686  3269  16511 16514 20003 20000 18402 16513
 5467    1413  2047  3089  3511   5766  5764 17495  4083 17831  5763
 5468    2625  2678  2724  3627  10697 13240  9175 20909 14652 16534
 5469     644  2296  1731  3401  11289  7782 20910 11290 10415 20911
 5470    2227   295  3118  3675   9459  9463 16378 16380 18687  9462
 5471     970  2059  2474  3338   8329  8327 20912 20060 13664  8326
 5472    1845  2169  2578  3440  20649 15259 20913 20914 20915  4165
 5473    2198  1051  3048  3419  18717  4576  4580 11010  4575 14501
 5474    2831  2786  3215  3419  17215 11494 20916  5699 19181 17217
 5475    3102  1487  3219  3769  11637 20917 20918 14956 20134 14075
 5476    2691  2676  2692  3627  10700  9339  9337 16207  9336 13103
 5477    2738  3464  3736  3778   9546 20753 13278  9550  9547 13279
 5478    2714   361  3272  3712   5244  7735  5188 15820 10183 17814
 5479     807  1604  1639  3586  10269 10266 20118 19628  6182 10267
 5480    3683  3629  3839  3847  11177  9969  9972  7861  9580 15848
 5481    2489  2169   379  3440  12465 18140 20919 20920 20915 18242
 5482    2666  2698  2768  3447   4299 15579 16742  4300  4302 15578
 5483    2136  2930   423  1130  20921 20922  4127 18467 16054 19225
 5484     822   334  3476  3767  12249  4077  4696  9798  4695 14903
 5485    1134   841  1947  2846  20923  8239  8237 20924  8236 20925
 5486     471  2407   815  2831  12045 20926 20927 20928  7972 20929
 5487    2978  2088  3350  3777  18273 16764 19674 13223 20699 11906
 5488    2676  2603  2703  2809   8808  8806  6147 20930 17026  8805
 5489    2201   507  3415  3660  20931 17096  8824  8820  4263  8819
 5490    1659    76  2456  3476   9600 10981 20932 20933 20934 17918
 5491    2100  2486  3179  3202  17519  7199  7203 15358  7198 20935
 5492    2321  3307     2  3653  20936 10229 11919 11916 13599 11920
 5493    3279  3453  3590  3797   9495  9493  8471  7694 16493  5007
 5494    2671  1124  2705  2862  13833  5870  6386  5016 14841 10465
 5495    1983   443  3029  3928  12135 12134 20937 19853 17012  7681
 5496     992   937  1353  3245   6516 11759 11757  6517  6519 20938
 5497    1082  2635  3137  3481  11842 17183  6693 12979 14363 12977
 5498    2726  1017  2867  3394  13780 14509 12621 12619 20684 12618
 5499     116  2068  2021  3436   8680  9880  9878 20939  9877 13056
 5500    2295  2414  1769  3477  12256 12450 20940 17282 10575 12451
 5501    2236  2559  3807  4021  20941 20942 20262 20261 20181  7631
 5502      79  1645  1424  3439  20943 12590 20944 20945 18153 14643
 5503    2380   475  1467  3338  15891 15888 20946 11955 15975 15889
 5504    3252  3351  3359  3762  12816  5563 18657 15359 11439  7120
 5505      79   674  1645  3439  18153 12590 17455 18155 17456 20944
 5506    2172    45  3249  3875  17303 20194 10821 17307 17304 20195
 5507    2128  1836    72  3315  20158  9611 14639 20157 12544 20947
 5508    1939  2575  3483  3659  20948 20949 20950 16213 15804 20951
 5509     974  1000  3072  3255   8534 13374 13378  9223  9221 17151
 5510    2606  1267  3192  3474   6538  6542 17503 17500 20952  6541
 5511    1813   475  2380  3338  15888 17324 20054 20946 15975 17325
 5512    1483   759  2633  3274   5642 20953 18643  5647  5643 17040
 5513     414  1537  3093  3274  20954  5646 19856  5386  4727 18808
 5514    2502  2998  2507  3143  12639 13680 13678 12638 11928 20955
 5515    2789  1190  2825  3943  12641  9898 20956 12646 12642 20370
 5516    3246   924  3576  3848  14125 12152 18998  9737 19849  6049
 5517    3830  1428  3842  3851  14709  9078  9081 13319  9082 12434
 5518    3705  3604  3857  3862  20957 11724 19158 19157  7457  9480
 5519    2591  2734  2834  3432   9063 20958 14998 19777 19778 18739
 5520    2920  2805  2948  3479   4610 19248 10778 12298 15080 16725
 5521    2620  2641  2931  3186  16167 17739  4288  9321 19796  8861
 5522    1306  2712  3319  3757  10545  9838 19704 20116 17465 20959
 5523    2672  2853  3061  3289  13151 13150 14960  4692 20960 13149
 5524    1681  1809   496  2828   7838  5138 14785 20961 20962 20963
 5525     140  1377  2139  3551  17453  4393 20885 20066 13618 20204
 5526    3522  3150  3523  3706  20964 17924 13254 13251  4870 13250
 5527    1918  1147  2145  3657  17543 20881 20880 20853 19888  7765
 5528    2712  2620  2878  3757  14577 17465 18749 20965  4290 20115
 5529     225   991  3861  3865  18940  6671  6674 18942  6675 20966
 5530    2938  1737  3643  4002  16883 15460 19488 19484 19665 19483
 5531    1340  1954  2114  2951   8729 20743 20967 12262 12264 20968
 5532    1895  1164   724  2873   9332  4357 20969 20970  4949 16344
 5533    2933  2587  3105  3111   5617  8951 20971  5621  5618 20972
 5534    1662   758  3137  3481  11842 10931  5405  5407 10929  5404
 5535    2661  2720  2759  3474  14885  6539  8586  8588  8753  8587
 5536    2700  2651  2743  3429  17335 20973 10144  6378 20974  5538
 5537     817  2381  1147  3657  19888 14965 14963 20975 14962 20882
 5538    1691  1630  1634  3552  19122  7815  7813 20976  7812 13705
 5539    1353  2373   992  3245  11759  6516 20977 16320 16317 20938
 5540     797  2919  3450  3483  20978 18876 18880 20979 18875 20129
 5541    1718  1868  1126  3239   4122  6051 19428 14192 14194 14600
 5542    2907  2744  3052  3156  15255 20980  5344  5340 20981  5339
 5543    2969  1048  3269  3347   9591 16811  9751  9819  7625 16999
 5544    2724  2678  2890  3627  13820 10697 20909  7208 14652 13818
 5545    2822   923  2923  3233  13163 15216  6806 20243 15218  9761
 5546     739  1533  2561  3579  15447 10197 20982 20983 20984 17364
 5547     758  1218  3137  3481  11842 10929 20434 11846  9184  5407
 5548    2494    90  2257  3080  11125 16713 20985 20986 11234 20987
 5549    2221   373  1478  3206  11800  5385  5382 20988  5383 14130
 5550     874  2062  2881  3942   9544  5572 19748  8156 16359 20989
 5551    1622   964  2940  3992  12055  5518 10253  4502 20990 10249
 5552    2296   644  1936  3401   7779 10415 20910  7780  7782 18415
 5553    3451  2643  3729  4011   8481  8482  8893 20991 15601  8161
 5554    2029  3364  3416  3894   4322 20992 20993  4327  4323 20582
 5555    1143   922  3314  3394  14423 20994 17444 14422 14424 12692
 5556     713   486  2995  3143   9098 20995 20996 13762  9943 20997
 5557     674  3076  3439  3715  12593  9504 20998 11982  4358 17456
 5558    3607   125  3636  3673  10968  6470 20999 14617 19405 10966
 5559    3785  3310  3861  3865  18940 11732 21000 21001 21002 18941
 5560    2059   970   669  3338   8749 13664 20912  8750  8327 21003
 5561    1563  1562  1953  3667  19914 14974 21004 21005 21006 19916
 5562    1956   214  3097  3716  20500  5948 21007 17254 21008 20503
 5563    1610  3814  3963  3979   4220  7908  5151  4225  4221  5152
 5564    2027  1178  3121  3458   6958 21009 21010  6963  6959 19412
 5565      54   813  2898  3932  11967 21011 21012 11968 11970 21013
 5566    2914  2735  3549  3829  17207  5997  8653  6265 12670  9024
 5567    2105  1167  3874  4012   9042 16060 17938 14043 16541 17936
 5568    3111  3114  3189  3575  21014  4174 19196  4670 21015 21016
 5569    1926  2194  3348  3626  15035 20468 20833 16693 12530 20834
 5570    1032  1452  1193  3247   5602  5846 12630  5603  5605 21017
 5571    2846  2676  3297  3627  14408 21018  8807 15227  9336 19104
 5572    1835  1478  1008  3064  15902 13812 21019  6338 11803 21020
 5573    1027   409   198  3575   5220 21021 19669 21022 21023 20892
 5574    2575  2185  1939  3483  20951 16213 16211 21024 16210 20950
 5575     672  2134  2856  3591  10571 10574  4055  4052 16447  4056
 5576    1812  1680  1191  3295   5104  4750 11545 21025 13854  5106
 5577    2630  2672  3685  3704   8378 10615 16923  7836  8379 10614
 5578    1387  1714   136  2886  10050 21026 21027 15967  4229 21028
 5579    3537  3794  3972  4024  14023 21029  4372  4480 17508  4479
 5580    1907  1900  2817  3207   4703  4700 12565 21030 21031  4701
 5581    2986  3079  3223  3412  20306 21032 12843 13748 18519 13747
 5582    2024  1858  3647  3798  10743 10747 17676 18980 21033 10746
 5583    1207  1208  1635  3250  14487  7383  7380 12317  7381 14485
 5584    2926   772  3187  3296   4961 17662 15007 15948 15624 18686
 5585    2754  2834  2946  3041  11441  9064  9061 13479  9062 11444
 5586    2681  1278  2685  3197   4787 17980 17175 19842  9164 17419
 5587     125  1020  3607  3900   7154 14618 21034  7158  7155 20999
 5588    1236  1676  2567  3484  10176 21035 14183 10177 10179 21036
 5589    3238  2184  3291  3461  21037 12517 21038 21039 17762  6171
 5590    3407  2783  3624  3904  14309  5301  7619  7616 13168  7615
 5591    2713  2737  2784  3553  19958 21040  5552 20754 14726 18348
 5592     914  3056  3183  3214   7899 12577 21041 21042 21043 12268
 5593    2594  2598  2687  2857  21044 17968 21045 21046 12783 11426
 5594    1224  3238  3291  3461  21037 12736 15441  6171 12517 21047
 5595     645   880  3251  3269  19708 21048 19835 15567 10214 19436
 5596     660   662  3224  3468  13829 18990 21049 15211 21050 12198
 5597    2379  2378  3442  3717  21051 21052 18830 18828 21053  6729
 5598    1401  1866  2881  3723  21054 12444 12447  8155 12448 21055
 5599    2523  3153  3523  3524  11197 21056 20097 14687 14686 21057
 5600    1627   570  2904  2949  14351  8763  8766  8876  8767 21058
 5601    3177  2657  3316  3680  10088 18282 18307 16507 19222 18308
 5602    2534  2378  2379  3717  21052 21059 21060 18830 21053 21061
 5603    3176  2746  3299  3387  11615 11619  8848 21062 11114 11618
 5604    1631  2338  2234  3731  13421 13418 21063 21064 15288 13419
 5605    3449  2966  3455  3572  21065 17707 21066 21067 21068  7246
 5606    1023  3544  3884  4020  19255 21069 19832 20032 21070 21071
 5607    2476   192  1361  3421  12424 21072 21073 12425 11253 21074
 5608    1677  1374  2855  3583  20850  7542 15479  6342 15480 21075
 5609     232   544  2886  3438  15223 15113 15115 21076  4125 16899
 5610      16  2050   622  3275  17119 10473 21077 11806 21078 20084
 5611    2166  2292  1696  2987   6023  6022 21079 21080  7252  4901
 5612    3017  3016  2825  3836  18622 11430 11432 14362 11433 16027
 5613    2824  2603  3076  3229  21081 13613 21082 21083  4764 15559
 5614    2073  1445   610  3169   9301 13485 13489  9300  9190 19839
 5615    3405  3191  3476  3967  20330 19204 18906 13214 21084 12252
 5616    3264  3384  3858  3879   5967  5970 21085 17085 10541  5969
 5617    2663  2705  2810  3301  14391 14393 13831 21086 14688  5759
 5618    1436  3886  3907  3946  11784 21087  8414 11788 11785 10303
 5619    2906  2800  2963  3721   5648  5652  7010  4217 20541  5651
 5620    1391  2238  2282  3158  19174 15495 21088 21089 18838 21090
 5621    2956  2762  3447  3621  15413 12498 20558 15576 21091 20556
 5622    1672  1671  3533  3753  18960 21092 21093 18961 18963 21094
 5623    2241  1730  2747  3485   8188 19560 15593  6785 21095 21096
 5624    1122   208  1537  3093   5386 15103 21097  5387  5389 21098
 5625    1774   926  2735  2877   5484  5668 14204 21099  6553 12667
 5626    1724  2484  2495  3041   9117 10001 21100 21101  5236 21102
 5627    1496  3100  3436  3599  15062 21103 20842  6706  4929 21104
 5628     370  2142  3633  3847   9579 15525 21105 21106 21107 21108
 5629    1349  1366  2356  3181  11583 21109 21110 19993 19995 21111
 5630    3290  2869  3303  3355   5686  5685 19539 10605 21112  5684
 5631    1042  2005  3150  3522  13254 13253 21113 17710 21114 13252
 5632    1686   870  3095  3418   4285  8846 21115 19504 21116  9353
 5633    3263   685  3393  3893  19950 17493 16795 21117 12178  8495
 5634    2415   413  2184  3461  17762  9772 21118 21119 21120 20544
 5635    2620  2647  2979  3186   4849 17739  8859 17287 16166 17738
 5636    3291  1141  3844  3893   9308  9994  9997 16033  9998 11018
 5637    2629  2691  2692  3053   7716  7720 21121 13103 11356  7719
 5638    3101  3079  3223  3300   8423 11466 11467 13748  4566 21122
 5639    1588  1535  1115  2855  14489 16078 17430 14493 14490 21123
 5640    3148  2017  3238  3461  12517 16126  7700  7696  9846  7695
 5641    1541   266  2809  3392   8302  5856 17986 20651 16234  6808
 5642    3059  2668  3065  3305  12482 12742 16547 18957  6162 18235
 5643    3080  3092  1965  3648  12968 15440 21124 10640  8458 21125
 5644    1978  1529   775  3032  11160 11121 21126 11159  8016 21127
 5645    1006   742  3057  3128  11828  8193 21128 21129 21130 21131
 5646    2786   286  2808  3211  15535 13952 13951 20508 10014  6816
 5647    2203  2205  3768  3871   7610 21132 21133 10813 10811 21134
 5648    1322  2226  2586  2933   8318 21135 21136 21137 17271 21138
 5649     876   933  3365  3959  15012 21139  4205  6209  4984  6207
 5650    2834  2623  2958  3147   8264 16051 14890 16754 13640 16753
 5651    1744  1743  3210  3536  21140  9710 13107 21141 13105 10584
 5652    2879  2852  2989  3383  14790 16273 12550 21142 21143 17826
 5653     354  1009  1066  3459  14797 17379 17377 20405 11024 21144
 5654    2954  2766  3393  3731  12386 13359 17672 17673 11721  8493
 5655    3102  3060  3162  3190  21145 20298 21146 19388 20787 12236
 5656    2423   393  3711  3934   7805 21147 19769 19771 19925 19768
 5657    1735   887  1111  3486  10957 10499 21148 21149 17757 18127
 5658    3633   370  3847  3903  10246 10248 21108 15525 15521  9579
 5659    2703  2676  3206  3763  12923  5882  8805 12731  9573 12925
 5660      70  1136  2949  3600  14462 13294 21150 14466 14463 18026
 5661    2857  2763  2975  3181  14957 11274  8900  8896  7091  8895
 5662    2685  2616  3273  3417  13697 20629  4790 13701 13698 21151
 5663    1898  1888  3476  3577   6556 10221 21152  6561  6557 19301
 5664    2414  2295   390  3477   4257 10575 20940 15431 12450 21153
 5665    2665  1474  3425  3429  21154 21155 21156  4254  9518 21157
 5666     542  1389  3200  3286  14650 16254 21158 11502 14651 19954
 5667     671   670  1034  3713  19172 19169 21159 21160 21161 19170
 5668     309  1042  2005  3426   9644 19238 21162 21113 21163 19239
 5669     212  1656  3418  3742   4280 10785 10789 16983  8940  5706
 5670     844   346  3166  3613  15036 11268 11271 13564 11267 13567
 5671    1332  1451  2568  3646  14385  5352  5356  7362  5351 21164
 5672    1446  1342  3560  3707  15674 15880 11382 11384  4367  4945
 5673      38    36  2040  3282  13872 18229 18231 13871 11392 21165
 5674    1007  3374  3858  3888  19921 21166  6514  5328  7515 21167
 5675    2779  2667  2963  3354  14606  9715  9135 18241  8973 13211
 5676    3258  2429  3363  3837  21168 13924 13926 14417 13927 18024
 5677     980   695  1914  3347  20410  7629  7627 14637  7626 20545
 5678    2218  2219  3824  3952  21169 21170 16487 13838 21171 20344
 5679    2334   405   406  3487  19870 14036 21172 21173 21174 21175
 5680    1177   419  2904  3459   7713  8970  8878  8875  9286  8879
 5681    2836  1266  2838  3247  18683  4865  4862 21176  4863 18681
 5682     463  1530  2140  3071  10688 19700 21177 10687 10690 19699
 5683    2852  2805  2972  3493  21178 12778 15285  5457 21179 15283
 5684     708   880  1951  2864   7194 15011 15030 10215 10216 16123
 5685    3650  3384  3784  3789  19313 16410  4315  4311  4483  4310
 5686     884   977  2703  3206  12925 21180 21181 19153  4190 16966
 5687    3085  3310  3616  3861  13243 19521 21182 21183 21001 21184
 5688    1932    40    39  3471  16780 16784 20836 21185 10351 16783
 5689    1189  1094    74  2673   7864  5036 21186 21187  9343 21188
 5690    1210  1696  2292  2987   7252 17142 21189 21080  6023 21190
 5691     252  1039  2292  2987   7252  7250  9843 21191  9840  7249
 5692     463   159  1530  3071  10690 19700 12878 20535  5722 21177
 5693      54  2887  3131  3256  10565 11042 20240 17900 13433 10809
 5694     938  2065  2867  3131   5071  5075 10944 21192 10945  5074
 5695    3589  3543  3638  3765  21193 16455 19678 20824 20867 18382
 5696    3420   432  3467  3619   5790  8124  6041  6043  8677  6040
 5697    2827  2820  2926  3299  11620 21194 13043 13388 21195 13387
 5698     673   547  2276  3160  14057 13960 21196 21197  8119 14056
 5699     635  1150  2693  3471  18082 21198 21199 21200 21201 12992
 5700    2860  3264  3384  3858  17085 20213  5241 21085  5969 20212
 5701    2179   114  2892  3606  11822 21202 21203  7728 21204 21205
 5702    2595  2810  3039  3301  18835 14392  5121  5123 14391  5120
 5703    2207  1287  1292  3205  21206 21207 21208 21209 21210 21211
 5704    2020  3045  3377  3678  21212  6849  7148 21213  7144 21214
 5705    1553  2766  2861  3461  20704 12733 12737 21215 12732 21216
 5706     198   409  2129  3575   5221  5220 21022 21217 21023  5225
 5707    1204  1203  3158  3186  17638  7584 16021 16019 21218 16022
 5708     662  3224  3468  3988  18781 15213 15211 13829 15210 21050
 5709    2322  1475    75  3219   7981  7980 12895 21219 21220  7984
 5710     254  3133  3152  3840  19117  8233  8000 19568 20028 14286
 5711    2703  2603  3148  3392  11254 20766 20930 18903 18904 20741
 5712    2663  2595  2705  3301  14688 14393 14018 14019 14392 13831
 5713     728  3148  3157  3461   7592  7596 11202 14095 16126  7595
 5714     174  2184  3238  3461  12517 12520 17763 21038 17762 12519
 5715     918  2168  1132  3996  18182 11592 21221 18183  4419 21222
 5716    3839   370  3847  3921  11176  7856 18199 15525 21223 11177
 5717    3740  3814  3977  3979  17527  6065  6067 17529  4221 21224
 5718    3117   202  3365  3959  15012 21225 15825 21226 21227 21228
 5719     991  2406    72  3861  20159 18942 21229 21230 21231 21232
 5720    1759  2057  1713  3961   7505 12893 20474 20481 11768 20527
 5721     101  2471  3233  3927  11681 14693 14862 13324 14858 21233
 5722    2952  2088  3120  3408  14939 15006 19673 21234 16464 10029
 5723    1961    85  2812  3477  10446 14069 14071 10451 10447 21235
 5724    2132  2642  3168  3312  18464 18465  8576  8578 21236  8575
 5725     977    69  3206  3763  12923 20572 19152 12926 12924  4190
 5726    1056  2135  1086  3459  20185 20403 21237 15235  8967 21238
 5727    3747  2044  3783  4014  14513 11312 21239 17390 17388  4640
 5728    2701  1736  2940  3071  12058 10876 13054 21240 21241 17010
 5729    1475   550  1839  3961  14628  7509  7507 14629  7506 21242
 5730    3323  3355  3827  3941   9703 12006  9800  9708  9704  7113
 5731    3323  3262  3355  3941   9704 12006 12004 21243 12003  9800
 5732    2855  1775  3129  3463  19760 21244  6345 21245 21246 11855
 5733    1933  1587  2802  3548  19537 10111 21247 10658 15153  6350
 5734    1470  1387  1432  3308   9103  9100 21248 14732 13895  9101
 5735      11  1093  2665  3425  21157 21249 21250 21251 16722 21252
 5736    2918  2708  3409  3712  20422 18062 17349 16741  9170 21253
 5737    3502  3610  1854  3883   6303  7369  7188 12381  4412 12380
 5738      53  1045  1477  3615   5832  8490 20219  8388  8385  8489
 5739     861  2315  3145  3605   6315 21254 21255  8017 18799 19133
 5740    2815  1280  2987  3034   9829 18729 21256  9633 21257 11793
 5741    3245   940  2133  1802  21258  7180  7181 21259  7179 13532
 5742    3465  3352  3267  3810  21260 18139  5428  5430  7759  5173
 5743     212  1686  1980  3418   5709  5706 21261  8844  8846  5707
 5744    3502   865  3503  3883  10598  7369 17189 10600  8871 12322
 5745     162  1577  3041  3492  13992 18324 14824  9120 14829 14825
 5746     741  3049   856  3710  15749  8444  8448 21262  8443 15753
 5747    1904  1905  2793  3777   8657 16768 16766 21263 16765 21264
 5748     417  2193  3036  3139   6198 14876 14878  6309  6305 21265
 5749    2688  2608  2877  3831   6550 21266 14321 14802 21267 12563
 5750    1650  2369  1419  2910  10388 15281 18409 21268 17885 21269
 5751    1399  1706  2400  3044  20830 21270 21271 21272 20848 20810
 5752    2183  1062  1473  2963   7842 12367 21273 21274  7011 11629
 5753     977  1368  1134  3206   4191  4190 21275  8238 21276  4195
 5754    2615  2616  2777  3417  12109 13700  4789 21277 13698 21278
 5755    2773  2904  3376  3942  12788  9541 10063 21279 17164 12686
 5756    3908  3810  4022  4030  21280 21281 20083 16869 20671 15368
 5757    2085   433  2449  3211  21282 19940 21283 18540 14378 21284
 5758    2787  2924  3095  3418   4285 15399 15398  9354  9351 15167
 5759    2663  2705  3345  3773   6421 18827 13831 14610 14689 18826
 5760    2647  2620  2931  3186  16167 16166  8859  8861 17739  8860
 5761    1471  1252  2376  3992   8430  5515 11703 21285 11702  8433
 5762    1698  1697  3266  3639  13903 16405 16407 11029 13904 21286
 5763    1345  1929  2687  2737   7747 21287 21288  7746  7748 19324
 5764    1154  3007  3006  2646  11209 21289 21290 11208 11211 21291
 5765    2911  2736  2986  3346  17267 19688 14117 17268  4386 11719
 5766    2949   994  3116  3552   8527  8530 18027 16580  7811  8529
 5767    2599  1553  2861  3461  20704 20703 20857 21216 12733 15922
 5768    2966  3065  3455  3572  21065 21068 21292 21293 18234 21067
 5769    2943  2591  2988  3432   6267  6266  4623 21294 20958  6271
 5770    1680  1456  1191  3295   5104 13854 19536  7672  7674 21025
 5771    1208   445  3356  3549   9023 17731 12037 17203 21295 13876
 5772    1141  1586  3291  3844  11018 16033 12651 12653 14641  9997
 5773    3374  3445  3598  3677  19675 21296 12911 21297 21298 21299
 5774     169   337  3782  3807   5166 19790 19788 21300  5025 17570
 5775    2634  2607  2727  3161  10863 11385 21301  7448 20478 16978
 5776    1214  1207  1630  3552   7812 12655 18680 21302  7379 16381
 5777     377   799  2816  3680   7106  9728 18751  7913 20726  9194
 5778    1196  2424  2862  3316  11279  8583 17481 11278 11281 11336
 5779    1032  2066  3247   890  17135 21303 16421  6507 16631  5846
 5780    2637   377  2816  3680   7106  9744  9742  9194  9728  4527
 5781     690   687  3476  3596  20329  4070  4073 10980  4074  6559
 5782     605  2332  3321  3692  18970 10490 10494 15985 10489 18861
 5783    1315  1313  2699  3480  15186 21304 10242  4270 15187 21305
 5784    2498  3218  3028  3735  19400 18449  4886  4889 16369  4887
 5785    2638  2650  2775  3752  19342  5392 11791  8132 21306  8168
 5786    3424   971  3959  3993  21307  8667 12870 18434 21308  4983
 5787    2636  2174  3030  3325   4780  6422  6425  6713  6426 11527
 5788    1454    51   448  2875   8277 21309 21310 21311  9897 21312
 5789    2812  2718  2904  3459   7713 16617 14352 10065 10062 14353
 5790     455   216  3122  3494   4757  4755 18174 19844 18175  4754
 5791    2134  1950  3233  3591  16071 16447 19111 11686 15605 21313
 5792    2360  2811  3381  3382  21314 17342 21315 19545 21316 12287
 5793    2056  2077   807  3944   5898  4334 16418 20119  5922 21317
 5794    3321  3033  3692  3930   9324 17642 19646  9329  9325 18970
 5795    2830  3282  3471  3582   7900  7904 11560 20700 11561  7903
 5796    1366  1349  1809  3181  21318 19995 21110 21319 21109 21320
 5797     429   276   605  3853   5319 21321 14883  5488  5487 21322
 5798    2649   675  3093  3548  10109 19538 21323  5202 10110 18203
 5799     249   993   736  3495  18996  6492 11605 21324 11601 20612
 5800     961   454   972  3255  15178 16837 16835 15179 15181 21325
 5801    1761  1867  1171  3047  12157 10128 21326 21327 18428 12883
 5802    3090  2967  3334  3637   8338  4608  4606  8626  4605  8625
 5803     601  2305  1506  3363  13472 18025 21328 14418 14420 21329
 5804    3350  3221  3777  3948   9433 13219 14800  9436  4497 18273
 5805    1651  2479   631  2901  17525  9528 16084 17524  6400 21330
 5806    1000  2831  3255  3606  17421 12158  9222  8699  8174  9221
 5807    3150   521  3426  3521   7935 18690 20551  4785  7936 17711
 5808    1664   513  2917  3750  19184 21331 21332 21333 21334 10655
 5809    2971   513  3155  3885  21335 16601  8591  8592 16603  8590
 5810    3162  1026  3190  3726  13145 12603 16171 14925 14923 21145
 5811    2917   772  3176  3277  14710 10650 10653  9966 10654 14712
 5812    1685  2459   176  3630  21336 21337 21338 18509  8637 21339
 5813    1524  1391  2282  3158  19174 15491 15494 21090 15495 21340
 5814    3092  2882  3297  3648   8460  8458 21341  8981 21342  8457
 5815    1556  1149  3856  3884   4481  5266 14764  7175 14765 21343
 5816    3983  1797  2383  3994  21344 21345 21346 21347 21348 21349
 5817    3350  1900  3374  3589  12909 17624 12567 13082 19827 13081
 5818    1614  3330  3796  3998   5581 21350 21351 20655 21352 19907
 5819     866   650  3541  3654  18131 13776 16206 21353 15957 17355
 5820    1241   363  1247  3496   4068 21354 21355 21356 17747 21357
 5821    2967  2842  2984  3145   6318  4609  9040  6317  6320 13272
 5822     262  1061   138  3827  20645 20644 14156 21358  4602 17226
 5823    2860  3384  3544  3884  20032 20214 20212 11168  4485 12132
 5824    1135  2779  2963  3354  14606  8942  7224 13211  9715 15619
 5825    3136  3340  3788  4018  20176 13941 14339 14337 16529 14340
 5826    3210   366  3406  3701  12225 18089 13411 12226  9360 10581
 5827    3349   307  3609  3619  14929  5791 14932 21359 14933 14930
 5828     455  1993  3494  3630   4752  4756 18176 13424 21360  4755
 5829    2504  3503  2505  3497   8304 12323 12321 21361 10599 18580
 5830    2669  1316  2764  2785  21362 21363 21364 13431 21365  6368
 5831     746  3391  3285  1593  12823 21366 21367 21368 19621  4051
 5832     591  1470  2149  2673   5037  5031  5035 21369  5030  7865
 5833    1811  1854   999  3610   5983  4632 21370 21371 12381 17000
 5834    1063   778  3094  3760  11332  9767  9036  9033 19639  9032
 5835    2783  2610  3267  3318  20794 21372 13166 18333 20795  5426
 5836    1451  2568  3646  3860   7846  7358  7362 14385  7357  5351
 5837    2951  2813  3048  3099  10766  8990  4141  4137 13668  4136
 5838     434  1627   761  2949  21373 15004 21374 21375  8763 21376
 5839    1964  1699  3682  3895   9089  7773  7777 13303  7772 14262
 5840    1395   189  2533  4003  17212  5975 21377 21378 16363 17213
 5841    3224   581  3655  3727  13516  6684 21379 16068 21380 13518
 5842     591  2160   371  2673  11713  5031 21381 12510 11304 21382
 5843    3150  2524  3523  3706  20964  4870 20691 21383 19209 13251
 5844     852  1962  3355  3550   9705 21384 21385 12632 21386 21387
 5845     451  2407  1620  3419   4801 11497 20538  7970 21388 21389
 5846    2215   460  1667  3584  21390 21391 21392 21393 21394 21395
 5847    1803  2233  2461  3601  21396 21397 21398 21399 21400 21401
 5848    2693  3144  3469  3485   8184 13008 15551  4154  8185 13121
 5849    2632  2512  2701  3153  19292  7126  7129 19202  7130 11639
 5850    1497  1498  1663  3635  17089 18145 18148 21402 18149 21403
 5851    2724  2801  2806  3739  13513 16030 10701 18604 21404 17005
 5852    2852  3183  3338  3569   8873 18591 17490  8748  9206 21405
 5853    1770  2578  3440  3936  20646 20458 21406 20649 20647 18563
 5854    2842  3158  3186  3620  16164 13541 15802 17638 15439  4850
 5855    1466  2487  1465  3583  21407  7539  8176 21408  8175 21409
 5856    3376  2883  3381  3641   5160  5164 19683 18566  8532  5163
 5857    2641  2931  3327  3761  13594 21410  9321  9318  8857  9322
 5858     258  1938  3204  3432  17553 12204 14806 18313 14807 18311
 5859    1102    80   302  3588  21411 11138 21412 21413 21414 21415
 5860    2696   363  3475  3496   5568 12528 12973 12975 17747 12972
 5861    2706  2625  3106  3627   9293  9297 14653 13242 13240  9296
 5862    2812  2719  3329  3540  15403 21416 19942 16826 16823 17808
 5863    2860  3858  3884  4020  19255 10463 20213 15951  4305 20214
 5864     840  1667  3308  3584  10393 10397 21417 21418 21390 10396
 5865    1433  1199  3626  3725  18194 17645 11910  6974 17644  7256
 5866    3144  1855  2440  3549  10825 10828 12782 21419  6718 10827
 5867    2921  2784  3100  3436   6706  8835  8832  4932  8833 15063
 5868    1409  1583  3413  3841  14180 21420 21421 17922 17319 21422
 5869    1016  1345  2864  3795  21423 19706 21424 21425 21426 21427
 5870    2709  1297  2966  3059  21428 10287 10285 21429 10284 21430
 5871    1539  1421  1922  3099  11062 11483 11610 21431 10439 21432
 5872    2719  2747  3144  3485   8185 21433  5317  8186  8188 18123
 5873    2682  3074  3154  3334  13919  8629 13336  8607 20594 21434
 5874    2874  2925  3252  3543  12817 21435  7266 19679 19680  7123
 5875    2685  2807  2815  3422   7043  6464 19228 15326 19226  7041
 5876    2816  1423  3612  3693  11728  4394 14532 15097 21436 14975
 5877    2973  2884  3464  3829  21437 11934  5371 13277 11886 13641
 5878    1828  2564  1829  3688   7348 12915 12913  7347  7349 21438
 5879    2868  2731  3117  3915   8440 21439 21440  7234  8441 21441
 5880    3149  2689  3325  3647   5338 10273 21442 21443  6839 10272
 5881    2944  3305  3328  3852  13218 16522  9155 17404 20672 19306
 5882     514  1536  2020  3678   6849  6848 21444  7145  7147  6852
 5883     240  2469  3284  3336   6392  6396 18296 20355 21445  6395
 5884    1709  1710  1937  3774  12114 21446 12830 21447 14833 21448
 5885    3088  3267  3629  3633   9584 15501 16200  4168 19514 15500
 5886     734  2876  3103  3176  16277 21449 21450  7931  8847 21451
 5887    2815  3179  3202  3231  21452 11792  7042 17519 19055 10803
 5888    2266  2265  3446  3573  21453  7035  7039 21454  7034 19018
 5889    2696  2708  2918  3712  18062 15647 21455 17349  9170 18064
 5890     114  1423  2179  2816  21456 14534 14533 15098 14532 21203
 5891    2814  2527  3396  3518   8029  5178 12306  7771  8030 12304
 5892     755  3092  3486  3584  17807 20586 10947 14173 17580 17758
 5893    1366  1809  2857  3181  11274 19995 21320  8789 21318  8109
 5894    3424  1393  3707  3959   4364  4983 18435  4369  4365 12865
 5895    3572  3449  3780  3873  19594 14111 17707 17704 21457  6222
 5896    1171  1867  2605  3047   9607 12157 21327 14027 18428 17667
 5897    1476   706  2770  3043   4153  4151  4560  4562  8115  4150
 5898    2338   583  2234  3731  13421 15288  5810 13428 13429 21064
 5899    3279   181  3453  3797  16493  9493 15362  5268 10557  8471
 5900    3296  3277  3581  3880   5292 14556 14555  5297  5293 20592
 5901    2155  2425  1063  3108   9009 17424 21458  9008  9005 17425
 5902     603  1401  2881  3723  21054 13933 13932 21055 12444 11795
 5903    3325  2689  3410  3991   7159  6976 21443 19015 21459 11700
 5904    2662  2651  2721  2887  13551 10143 10141 21460 10140 21461
 5905    2965  3074  3098  3246   6800 16286 16237 16236 21462 11489
 5906    1524  2282  1831  3158  13998 15491 21340 18557 19174 21463
 5907    3150  3379  3426  3551  10791 15022 21464  7938  4669 17711
 5908    1867  1919  3011  3047  17751 18428 21465 21466 21467 21468
 5909    3033  2903  3035  3930  10758  9325 21469  7282 14394 10756
 5910    2451  1961  2812  3329  17808 17035 19070 21235 19071 18165
 5911    1607  1612  3956  3963  19507 21470 21471 19509  7909 21472
 5912     946  1427  2770  3076  18894  5959  5963  8869  5958 14657
 5913    1763  2271  1860  2809  21473  6811 21474 20616 18421 21475
 5914    1178  2901   752   107  20694 11259  6960  9530 11260 21476
 5915    3271  2938  3643  3707  18600 12869 17074 19483 15459  9636
 5916    2211  1294  2212  3305  21477 13137 13170 21478 12483 21479
 5917     646  2031  2914  3356   9026 14093 19289 21480 19288 21481
 5918    2459  1589  2879  3859  13523 14744  8635  8638 14742  8636
 5919     500  1958   485  3813   6099  8949 20239  6100  6102 12001
 5920    2905  2818  3201  3323  14560 10937  9259 17517 21482 18763
 5921    2655   955  3221  3283   4446 18921 21483  9809 21484 18920
 5922    3054  2709  3188  3201  14936 21485 21486 11184 12743 11132
 5923     485   681  3219  3769  11637 14868 14871  7983  5805 21487
 5924    2960  3195  3923  3951   7069 11068 21488  7074  7070 21489
 5925     796  2009  2885  3064   7333  7388  7642  7638 21490  7637
 5926     731  1529  1978  3032  11121 11119  5237 21126  8016 11118
 5927     302   301  1935  3125  17476 11669 21491 21492 21493 17478
 5928    3498  3500  3733  3735   4112  4116 21494 21495 21496  4115
 5929     539   117  2968  3061   4688 20763 21497  4922 21498 21499
 5930    3259  3133  3340  3840  20171 16918 21500 20172 20028  7161
 5931    1373  1192  3924  4029   6366 21501 21502 21503 21504 21505
 5932    1206  2072  2324  3074  20896 20550 20548 21506  8612 21507
 5933     656   303  2990  3100  15176 15563 21508 20820 11568 15562
 5934     592  2390  3235  3565  21509 16641 21510 21511 18796 14409
 5935    3504  3505  3497  3569   5431 18786 17280 16934 16311  8307
 5936    2714  2916  3496  3712   6950  7735  7738  6739  7734 12582
 5937    3094  3165  3436  3649   8995  5533 20334 14021 18268 13882
 5938    3240  3200  3494  3664  19336 15120  7943 19338 15122 21512
 5939    1798   622  3137  3742  16656 17313 11805 11807 17120 11804
 5940    2658  2860  3665  3929  14580 14582  8096  8098 12129  8095
 5941    2799  3163  3267  3624   7618 11400 11403 19724 11399 12327
 5942    3193  3192  1267  3474  20952 21513 21514 17500  6538 14122
 5943    2944  3328  3727  3852   5988 16522 19306 12571 13218 19307
 5944     854  3148  3238  3392  15450 11255  7698  7695 11254  7699
 5945    2985  1282  3137  3184  14364  7075 11172 14494 11173 12976
 5946    3168  3175  3555  3747  11316 20750 17799 19352 14206 17045
 5947    2059   411  3338  3569   8873 21515 13667 13665  5435 13664
 5948    2672  2630  2796  3289   5469 13150 16923  5474  5470 15877
 5949    3705  3818  3862  3887  11727 11725  4812 20389 20386 11724
 5950    2547  2117  2118  3737  21516 17238 21517 21518 21519  5098
 5951    2310  1894  3285  3377   8100 21520 21521  6846 21522 21523
 5952    2036  3131  3219  3813  14953 14678 14680 21524 10563 14955
 5953    2812  3329  3477  3540  12253 21416 17808 21525 15403 10446
 5954     867  1696  1210  3034  21526 14091 21527 21189  9830 13893
 5955    3330  3168  3489  3796  20437 20655 21528 15318  9069  5837
 5956    2718  2719  2747  3399  21529 18122  5314  5317 18121  5315
 5957    2665  2599  2787  3443  15397 19967 15682 21530  8141 19422
 5958    2382  2304  2764  3182   5190 21531 21532  5195  5191  6256
 5959    2855  1374  3463  3583  21533 20850  6342 21534 15480 21244
 5960    1427  1058   249  3495   6492  8867 21535 11602 11604 21536
 5961    1301  1479  2224  2829  20845  6826 21537 17589 12371 21538
 5962     218   581  3224  3727   6684  6683 12967 21379 21380  4642
 5963    1485  2034  3134  3541  16224 18483 21539 21540 21541 18484
 5964    3389  3352  3634  3810  19233  7755  7758 21542  7759 17626
 5965    1208  1635  3159  3802  10941 12036 12317 21543 12316 13877
 5966    2653  2771  3196  3607  21544 17340 17339 13808  8301 17734
 5967    2834  3049  3147  3344  17506 16498 16050 15498 16497 16051
 5968    3103  1561  3736  3778   9546  4487  4490 21545  4491  9549
 5969    2519  3012  3013  3047  16203  7403  7407 21546  7402 18867
 5970    2695  2883  2916  3052   6738 12529 11369 18370  5343 12118
 5971    1805  2907  2913  3428  15195 21547 14588  4916 15197  5494
 5972    3040  3224  3390  3988  15209 21548 13028 15214 15210 17963
 5973    2805  2852  3338  3569   8873 21549 15285 21405 18591 10779
 5974    3229  2849  3666  3715  13236 21550 21551 15302 21552 17415
 5975    2276   547  3072  3160   9570 14057 21197  9569  8119 10304
 5976    2386   465  1592  3764  20290  4458 21553 21554 20653 20289
 5977    1678   603  2881  3561  11688 17813 20379 11795 11797 10749
 5978    3176  2876  3387  3719  11113 10410  8847 11115  5337 11619
 5979    2805  3497  3538  3569  14528 21549 12299 12296  5431  5459
 5980    2861  2597  2924  3657  13847 13845 17559 17557 20055 13844
 5981    1493  1325  2647  2934   6979  6983 12146 17714 18925  6982
 5982    1786   133  3786  3790  14150 14049 21555 14155 14151 14938
 5983     752  2252  2572  3073  21556 21557 21558 21559 21560 11626
 5984    2484   731  2495  3041   9117  5236  5234 18093  5233 21101
 5985    2718  2695  2773  3160  12683 19629 20400 17617 15689  4840
 5986     844   558  1771  3813  19101  6098 15425 19102  6753 21561
 5987    1312  1317  2631  3958  13645 21562 21563 13646 13648 19050
 5988     248   673  2276  3072  10304 10308 17146 14056 13959 10307
 5989    2179   114  2816  2892   4522 21205 21203 14534  7728 21456
 5990    2953   821  3221  3834  15782  7607 13019 13020  9888  9434
 5991    1013  2464  2056  3944   4334  7566 21564 16417  6006 21565
 5992     344  3127  1278  1275  13068 13072 18262 18264 21566  9167
 5993    2072   803   183  3074  12273  8612 20549 12274 12276 19837
 5994     639  2606  2808  2897   5475  7818 16324 12805 14684 15992
 5995     394  2125  3200  3494  19338 19337 13547 13545 20209 13544
 5996    1790   222  2928  3251  13878  6996  7000  7480  6995  8198
 5997    2988  2754  3041  3432   9059  6267 21567  9064  9060  8015
 5998    2791  3194  3491  3582  18274  9622  4662 18511 10166 21568
 5999    1291  1293  3455  3896   7078  7245 21569  7083  7079  7244
 6000    2694  2614  2832  3603  11507 15057 21570 18397 15051 21571
 6001    1234   322  2403  2907  10078 10076 21572 21573 21574 10075
 6002    3360   643  3117  3913  15173 15172 16169 21575 16170 15175
 6003     433  2085   617  3211  21576 14378 21283 21577 19940 21578
 6004     454   974  3072  3255   8534 15181 17154 17151 13374 15180
 6005    2686  2035  2969  3269  16999 16511 10891  5694 21579 10890
 6006     289   779   290  3900   6858 21580 21581 19970 19972 21582
 6007    2818  3201  3323  3391   9801  9258 17517 14560 20808 21482
 6008     797   398  2919  3109  11046  4197  4201 21583  4196 18880
 6009    2132  3173  3740  3741   6066 21584 19900 21585 21586 21587
 6010    1396   805  2646  3396  11206  7590 19643 21588 19641 16245
 6011    2736  2911  3057  3346  16888  4386 14117 14118 19688 11832
 6012    2242  3045  3420  3467   6040  6039 18937 21589 16492  6044
 6013    1162  1115  2855  3656  20563 19464 15901 14489 21590  6341
 6014     134  2665  2700  3429  20973  9515 21591 11446 21155 21592
 6015    2939   126  3084  3885   9671 21593 21594 21595 21596 15769
 6016    2694  2589  2699  3480  15186 15189 21597 10773 21598 15188
 6017     525  1444   745  2832  18272  7464  7467 21599  6597 18270
 6018    1990  2955  3422  3585  15376  9429 10680 12222 17159  7527
 6019     760  2164   135  3433  10379 21600 21601 21602 21603 21604
 6020    1226  1061   930  3444   9907 14626 20079  9906  9903 14625
 6021    2114  1504  1482  2951  21605  8729  8727 21606  8726 21607
 6022    1272  1279  3640  3743   4634 21608 21609  4639  4635 21610
 6023     650  1791   124  3541  18596 21353 21611 18597 16846 21612
 6024    1763   884  1982  2809  16964  6811 21613 16965 16967 21614
 6025     489  1742  3284  3490  20317 14372 18833 20453 21615  5935
 6026    2885    64  2898  3064  10399  7333 16975 10401  7385 13849
 6027    1979  1982  2703  3392  20766  6296 10084  6653 10081 18462
 6028     757  2536  3442  3658  20041 16595 16596  6725 13109 21616
 6029     844  1771  3166  3813  21617  6098 21561 21618 19101 13567
 6030     787  2485  2569  3031  18738 17433 17432 18737 11470 20579
 6031    2652  1250  2715  2916  18371  6737 21619 21620 21621 21622
 6032    1802   735  3245  3349   7177  5892 18899 12956 17276  7180
 6033    2697  3319  3479  3571  21623 15380 13451 10544 15379 18649
 6034    2303    88  2575  3659  15804 15803 21624 21625 21626 15808
 6035    2597  3137  3095  3481   9182 17180 12051 12054 11842 12052
 6036     470  1622  2940  3071  12058  6893 21627 10249 11883 21628
 6037    2462   240  1548  2769  10203 10207 21629 18300  6394 10206
 6038     338    94  2701  3611   7302  8259 20639 12835 13714  8260
 6039     577  2459  2879  3859  13523 14741 14743  8636 14744 21630
 6040     602  1456  1398  2989  17818 17409 17407 17817  7673 18556
 6041    3187  3152  3326  3647  16667 15979 15978 16666  6841 14406
 6042    1602   646  2792  2914   8655 21631  9249 21632 21481 21633
 6043      83  2324  2991  1948  14265 20058 21634 14264 12187 19561
 6044    3507  3506  3493  3556   6926  5367 15394 15391 14468 15395
 6045    2566  1331  1332  3920  21635 14846 14844  5353 14843 21636
 6046    3077  1208  3149  3669  14247 21637 21638 12040 12318 20854
 6047    2484  1724  2988  3041   8015  5236 21100 10005 10001 18609
 6048    1438   927  2853  3108  12708  6871 21639  9565 20480 21640
 6049    2010  2369  1540  3914  21641 21642 21643 21644 21645 21646
 6050     614  1005  1466  3583   7539 21647 21648 21649 21650 21651
 6051    2062  1408  3600  3942   9540 16359 19747 15469 18917 10507
 6052    3119  1326  3872  3955  21652 12241 17022 17019 21653 17018
 6053    2814  2526  3009  3396   7796 12304 12305  7801  7797 19151
 6054     222  1146  2864  3251  15550  6995  6998 17546  6999 15548
 6055     937  1359  1353  3232   6520  6518 21654 21655 19558  6517
 6056     364   362  2696  2918  18064 21656  4069 18063 18065 15648
 6057    2636  1825  2745  2746  14585 11528  7951  7947 16194  7946
 6058    1065   745  1394  3161  15149 11388 20460 21657 18269 15147
 6059    1954   539   117  2968   4922 12261 21658 21497 21499 21659
 6060    2860  3136  3259  3340   7161 13953 12130 16922 14339 16997
 6061    1526   563  3089  3770   7119  5677 21660 17832 21661  7117
 6062    1110   737  2549  3482   5732  5730 21662 18914 18912  5729
 6063       5   294   165  3256  14432  4043 21663 20789 14482 21664
 6064    1598  1859  2808  3548  20532 16954 16957 19198 16953 15546
 6065    2796  2688  2813  2951   4141 21665  5472 13669 21666 21667
 6066    1578   139  2779  3236   8909  8907  6085  6081 21668  6080
 6067    1691  1692  2366  3250  21669 13706 13704 18804 13703 21670
 6068    2742  2785  2869  3686   4793 19776 21671  9256  9254 19775
 6069    2654  2626  2714  3272  17814 15819 21672  7736  5247  5184
 6070    2635  2802  2985  3184   7075 12441  6695  7077  5107 12978
 6071    1234  2907  3381  3723  21673 21674 10076 10073 10673 10077
 6072     759   414   747  3093   5206 18488  5644 19855 18808 21675
 6073     462  1773  1655  3388  15584 21676 17497 21677 21678 18645
 6074    2665     9  2700  3185  21679 14082 11450  6886 12812 11446
 6075    2279  2182  3537  3645   4340 19589 20275 12904 21680 18854
 6076    3622  3300  3913  3962  17964 16990  6248  6244 18638  6243
 6077    1324  1326  3119  3955  12241 12238 17020 17022 21653 12239
 6078    2114   142  2951  2968  12260 12263  8728  8725 21681  8729
 6079     395  3326  3732  3805   4959 20310 21682 14407 14405 21683
 6080    1615  1608  3407  3904   5301 14313 21684  5305  5302 14157
 6081    2445  1366  1809  2857   8789  8786 21685 21320  8109  8787
 6082     319   320  3677  3765  16451 20870 10990 12715 20868 21686
 6083    2659  2784  3470  3553  17148 17291 13046 13049 19958 13047
 6084     170   415  3608  3704   6700  6644 15911  6705  6701 16280
 6085    3784  3697  3789  3850   9656 21687 19315 19084 19085 19313
 6086     323  1099   494  3099   8993 16065 21688 21689 11484 16066
 6087    2641  2627  2782  2878  15660 21690 21691 15664 15082 21692
 6088     310  2477    73  3209   9348 19630 21693 20350 12839 21694
 6089    3114  2965  3189  3756   5612 14186 19357 16101 14219  4670
 6090    1482  1504  2813  2951   4141 21605 21606 20409  8726 21695
 6091    3255  2859  3363  3803   8779 16295  7431  7427 19135  7426
 6092    1920    48  2814  3276  10815 12996 12999 14873 13000 17242
 6093    1090   384  1522  3294  21696  9496 18087  7239 18086 21697
 6094    2246  2531  2247  3242  13189 16571 21698 21699  7419 16570
 6095     492   493  2753  3923   8487 20304 15529 15526 18159 15530
 6096    2753  2960  3195  3923   7074  8487 21700 21488 21489 21701
 6097    2818  2668  3059  3201  12745 17517 21702 16547 16548 18764
 6098    3175  2396  3302  4014  14231  4907 21703 21704 21705 14232
 6099    2271  3043  3080  3648  15440 18423 11236 11233 19217 11237
 6100    3060  2741  3102  3162  12236 19388 21706 11348  9241 21146
 6101    2904  2773  3376  3459   8966  7713 10063 12686 10064 21279
 6102    1144  1960   299  2669   8226  6373 21707 21708  9748 21709
 6103    3376   458  3381  3723  21673 21710  5162  5165 21711  5163
 6104    2661  2606  2774  2873  20488  7670  6540  9039  7668  6461
 6105     871   275   401  3145  15417 16804 21712 21713  8018 21714
 6106    3347   399  3744  1488  16304 16192 20309 20307 18494 16808
 6107    1278  2603  2681  3229  13615 10857 17567 21715  4764 17175
 6108     556   888  3791  3800  21716 21717 21718  9278 21719 17412
 6109    1258  1256   721  2819   5113  5117 21720 20818 20819  5116
 6110     755  2235  1376  3092  14176 10947 10951 21721 10636 17759
 6111    2540  1805  2913  3428  15195 13760 21722  5494 21547 21723
 6112    1435  1605  2471  2923  13323  8288 21724 21725 20245 21726
 6113    2768  2901  2937  3458   9680 14478 14278 17436  6962 14479
 6114    2647  2842  2979  3186   4849 16166 10844  4854  4850 17287
 6115    1779  2288  3104  3306  20512 12427 12846 11051 20513 21727
 6116    2576   381   382  3936  20455 20454 21728 21729 21730 20459
 6117    2291  1962   852  3550  21384 17697 21731 21385 21386 21732
 6118    2908  2848  3138  3286   6654 19406 19409 14952 19410  8617
 6119    3052  2696  3475  3496   5568  6736 12527 12972 12528 18085
 6120    1724   214  1994  3041  10004 10001 21733 17295 21734 10002
 6121    2907  2863  3156  3351  21735  9388  4915 21736 21737 20980
 6122    1925  2088  3777  3948   9433 21738 19672 20699 13220  6087
 6123    1332   891  2566  3920  14846 21635 21739 21740 18288 21636
 6124    1912  1701  2711  3551   7165  4667 17822 17824 20903 12303
 6125    1762  1920  2605  3276  13328 15634 17867 17241 12996 20258
 6126      54   813  2721  2887  13551 20240 21012 13552 13554 21741
 6127    2899  2650  3348  3466  14564  8346  8133 16555 18818 16554
 6128    1230   938  1716  2743   7340  5539  9209 20105  5073 21742
 6129    1439  2476  3421  3914   7952  7956 21743 21072 21744  7955
 6130    3818  3821  3891  4008  21745  7288  7285 21746  7286 15463
 6131    1444   308  1521  2832  10174  6597 15171 13368 11510 21747
 6132    3542  3746  3924  3970   6365 15631  4238  6364  6367 18750
 6133     778   203  3094  3760  11332 19639 19638 15695 19624  9033
 6134    2627  2697  2878  3479  14576 15083 21748 13455 18649 15082
 6135    1016  1486  3269  3347   9591 16812 12785  5468 16998 19710
 6136    2718  2760  2812  3329  17808 19941 13090 17024 15064 14352
 6137    2622  2794  2940  3577  17009 21749 21750 17623 17621 12056
 6138    1350   286  2808  3099  21751 15424 20506 20508 13949 20505
 6139    1150  2286   635  2693  12992 21200 21752 12991 12988 21199
 6140    1761  1919  1867  3047  18428 10128 21753 21465 21467 21326
 6141    2759  2637  2859  2892  21754  8337 13825  9139  4523 13821
 6142    2011  1679  2908  3859  15158  9575  7319  7316  9577  7320
 6143    2718  3144  3399  3552  14511  6741 17607 17158 17606 18122
 6144    3321   605  3692  3803  17007 18860 18861 10490  5323 18970
 6145     462  1400  3026  3218  11099 17396 18644 17056 16565 13770
 6146    3049  2958  3147  3344  17506 16497 15497  8264 16751 15498
 6147    3092  2723  3297  3486  21755 14173 15390 13006  7294  8457
 6148    2469  1512  1594  3336  15484 21445 21756 16544 16546 21757
 6149    2977  2941  3125  3247   6503 19379 21758  7666  7662 20138
 6150    2301  3162  3190  3592   8790 19427 16172 21145 21759 21760
 6151    3345  3055  3816  3996  20680 16037  6418  6420 15754  6417
 6152    2926   772  3176  3187   6562 18686 15007  9966 15948 11617
 6153    2705  2810  3301  3773  11122 14689 21086 14391 15941 14688
 6154      38  1847   527  3282  15508 18229 21761 15512 15509 18232
 6155     943  3263  3393  3773   8407 21762 11504  8495 15940 11505
 6156    2688  2719  2813  3329  12310 15065 21763 16824 16826 13669
 6157     378  1179  2826  3615   8931 16573 15110  9933 15657 15111
 6158    1686   212   870  3418  21116  8846 21261 19503  5706 21115
 6159    1498  1725  3616  3635  10424 18149 18147 17679 18146 18831
 6160    2427  2769  2804  3423  20401 13777 21764 16614 21765 16140
 6161     206   167  3366  3605   8960 14086 21766 13498 13495 14085
 6162    2622  3167  3417  3992  21767  6060 17816 20047 17815 20630
 6163    3052  2907  3156  3351  21735  9390  5339 20980  9388 15255
 6164    2848  2641  2879  2908  12548 19409 21768 12552  8311 19408
 6165    3262  2905  3355  3437   9700 14946 21769  9260 21770 21243
 6166    2554   233  2980  3853  14620 12553 21771 21772 21773 19868
 6167    2592  2663  2844  3055  15757 20529 15205 15208 18825 15206
 6168    2610  2645  2780  2797   8733  6487  6491 21774  6486 20796
 6169    3576   924  2463  3815  14440  6853  9737 20354 14448 12211
 6170    2261   786   787  3969  18073  8283 21775 18074 18076 21776
 6171    2391  3585   108  3995  15375 17929 17931  9431 15374 21777
 6172     460   840  1667  3308  21418 15532 21778 21417 10396 21393
 6173    2723  2882  3191  3297  14664 13006 11028  8056  8981 17921
 6174    2323  1001  2955  3486   7292 18362 21779 12065 10496 17414
 6175    2718  2812  3160  3459  12685 10062 14352 16616 16617 19629
 6176    1482  1099   323  2951  16067 21605 21780 21688  4139 21781
 6177    3258  3363  3803  3837  10704 13924 18024  8779 21168 19495
 6178    2651    54  2721  2887  13551 10140 10808 21741 20240 21460
 6179    3075  3357  3629  3921   7857 20751 21782  7858  7860 20414
 6180    1785   561  3383  3859  16413 19779  8411  9652  6278 15061
 6181    1961  1784  2812  3329  17808 19071 14072 21783 19069 21235
 6182     552  1646  2945  3673   6471 15159 15161 18754 10952 17810
 6183    2987   867  3034  3204  13226 13224 21784 14091 13886  9829
 6184     466   135  2164  3433  21603  6323 10380 21602 10379 21785
 6185     185   263  2228  3693  11282  4398  4396 21786  4395 15857
 6186     496  2763  2828  3181  11275 12228 12231  8897  7091  7838
 6187    1073  1072  1830  3661  14269  7186  7184 21787  7183 14267
 6188    2208  3572  3852  3871   7609  7613 14109 13216 14110  7612
 6189     739   193  3664  4021  12980 17365 19648 16148 19129 19607
 6190    2198  3048  3329  3419  18718  4576 14501 15651 18717 10153
 6191    2503  3502  2504  3369  18579 15788 21788 12320  7189 21789
 6192    3150  3379  3551  3706   4664  4870 21464  4669  4665 15022
 6193    3309   360  3475  3911   4935  4939 10526 12034 19182  4938
 6194    1281  1280  2815  3787  14814 14816  9631 21256 21790 11794
 6195    3187  2926  3296  3805   4963  4960 18686 17662 13490  4961
 6196    2706  2675  3297  3405  18905 16794 10660 21791 16793 19858
 6197    1020   125  1827  3900   4473  7155 21034 14616 14618 21792
 6198     921    99   867  3034  14091 15220 21793 21794  6183 13888
 6199    3722  3435  3794  3819   4373 12475 13765 11762 20690 12474
 6200     861  1044  3239  3637  20661 19134 18966  4581 21795 18967
 6201    2736  2986  3079  3253   4387  4385 17268 12843 19826  4384
 6202     866   650   124  3541  18596 17355 16206 21612 21353 21796
 6203     383   922  1143  3394  20994  9478 21797 17444 14424 21798
 6204    2976  2664  3705  3929   4813 14969 14971 16779 13407 18534
 6205    2962  2984  3314  3576  12378  6857  6855 21799  5527  4403
 6206    3287  3441  3698  3737  11741 21800 21801 11746 11742  9918
 6207    2468   928  3397   963   5814 15966 21802  5813  5818  7524
 6208    2799  3163  3174  3267  12324 12327 11403 21803 19724 12326
 6209    1810  2535  3333  3799  21804 21805  8841  8837  9682  8836
 6210    1561  1825  2876  3103   7931  4490 21806 16193 18061  7934
 6211    2891  3489  3560  3954  10587 15317  5416  5419  4274  5417
 6212    2614  2725  3406  3603  12227 15051 13334 15930 10771  7421
 6213    1850  2901  1770  2950  17769  5130 18883  6824  6779 17771
 6214    2074  2579  2075  3448  11538 21807 21808 14305 13115 21809
 6215     537    90  2271  3043  11236 16977 21810 11235 11238 21811
 6216    3225  3537  3972  4024  14023 17509  8234  4479 21029 21812
 6217    1008  1105  1739  2801  13793  6339  6337 13795  6336 21813
 6218     804  1683  1199  3060   6973 20078 16672  6972  6975 21814
 6219     848    97  3316  3680  10088  6624  6627 12314  6587 15773
 6220    2660  2659  3112  3205  21815 21816 21817 21818 13289 21819
 6221    2517  2516  3089  3943   6159 10058 16562 10899 14361 10057
 6222    1754  2033  2922  3451   8890  8027 21820 21821 21822  9411
 6223    1809  2828  2857  3181  11274 21318 20962  8898 11275  8789
 6224     882   108  2089  3995  21823  5593 21824  7529 15375 21825
 6225    1673   716   819  3380  20142  8436  8439 19613  8435 20141
 6226     128  3095  3657  3731  13358 21826 19273  9183 21827 19274
 6227    1571  2353  3154  3616  10427  5055  5059 13245  5054 15470
 6228    3167  2674  3297  3417   8708 20047 20050  8713  8709 13603
 6229    1212  2229  2948  3369   4414 16349 21828 14254 15859 19596
 6230    2885   165  2887  3256  13433 13436 17032 17029 14432 13435
 6231     128  1686   870  3095  19504 19273 21829 21115  9353 21830
 6232    2881  2883  3052  3381  15026 15027 21831  5343 18566 11689
 6233    2810  2592  3229  3263   4740  4744 13096 13658 13655  4743
 6234    2418  3166  3769  3813  20133 21832 19783  9666 21617  8704
 6235    2878  2697  3319  3479  10544 14576 13455 13451 18649 13450
 6236    3229  3439  3666  3844   4178 11019  6170 13235 12589 17415
 6237    3972  3771  3978  4005   5654  4478 14300  5981  5977  5657
 6238    1163  2012   989  2964   9427 15590 21833  9426  9423 18071
 6239    1588  2764  2855  3656  20563 17329  8502 16076 17328 16078
 6240    2603  3229  3238  3439   6167 21834  4764  6168  6170 15442
 6241    2938  2313  3581  3880   5292 17076 20562 18395 18286 17075
 6242    3722  3857  3925  4027  15613 13767 19034 21835 21836 12453
 6243    2397  2283  2951  3289  14994  7021 12010 21837 12009 21838
 6244    2785  2772  2818  3958   9124 21839 14348 14350 21840 14349
 6245    2796  1504  2951  3540  21841 20569 20570  8726 17834 21665
 6246     517  2137    18  3402   5284  5281 14949  5943 12374  5282
 6247    3045  3201  3254  3881  10342  5250 17518 13590 15727 10345
 6248     117    31  2968  3061   4688 21498  4921  4919  9303  4922
 6249    2944  3172  3622  3708  10051  5624 13139 13802 13798 10053
 6250    1679   814   392  2915   6030 17274 17273  6035  6031 21842
 6251     398   797  2919  3450  20979 16134  4201 18880 20129 21583
 6252    3273  1252  3812  3992   6059  6063 21843 11705 11702  6062
 6253    1770  2479  2576  3322  11635  6822  6823 12795  6401 20457
 6254     409  1968   182  3114  21844 21845 21846 21847 13550 21848
 6255    2930  2175  3684  3800  14249 19922 14540 17957 21849  5421
 6256    1142  1229   121  3558   6532 15591 21850  6537  6533 16158
 6257    3110  2552  3661  3837  10737 21851 21852 10742 10738 21853
 6258    2008   175  2819  3644  18907  7275 21854 14341 21855  5114
 6259    2100  3202  3231  3944   7565  7569  7199 21452 14612  7568
 6260      94  1736  2701  3071  10876 13713 21856 13054 21241 12835
 6261    2859  2837  3321  3623  20327 19459 13563  6881 21857  9138
 6262    1915  1139  3847  3946  15846 13016 21858 15523 21859 17568
 6263     922  1893  3314  3592   7655  6273 19200  6617 15131 14422
 6264    2931  3190  3620  3726  13144 20352 20435  9224 13145 16165
 6265      35  2288  3306  3709  18954  9663 12346 20513 12099 18955
 6266     603  1866  1678  2881  10749 11795 21860 10751  8155 20379
 6267    2966  2709  3059  3449  21861 21066 21430 10287 17705 21428
 6268    2781  3102  3162  3769  15078 21862 12237 12236 20917  9238
 6269    2780  2797  2900  3597  18041 19106  8733  8736 18042  8734
 6270    1073  2550  3258  3661   7182  7186 14270 19073 14266  7185
 6271    1314  1309  2737  2784  20754 19959 21863 21864 20494 14729
 6272    3413  3841  3460  1409  21865 21422 14180 14181 21420  6912
 6273    2828  2687  2923  3744  12013 12015 20710  9762 19323  8285
 6274     605   920  3255  3321  18862 18861 16385 16387 21866 16386
 6275     880   610  1892  3269  17104 10214 21867 21868 16111 17107
 6276    2576  1770  3322  3936  21869 20454 20457  6822 20458 11635
 6277    2845  2833  2962  3036  21870  6938  9823  9534  6196 21871
 6278    2718  2812  2949  3477  21872  5316 14352 14354 10446  8528
 6279    2761  2822  2929  3687   6199  8643 15835  4574 21873 21874
 6280    1556  3856  3863  3884   5262  5266 21343 15952  4481  5265
 6281    2679  2626  2695  2916  12118 18374 21875  5246  7737 21876
 6282    2675  2604  3342  3627  10659 10662  4967 18869 11354 10661
 6283     183  1402  3154  3334  13919 16913 16916 13923 13920 19836
 6284     103  2238  1391  3158  15495 18839 18837 21088 18838 21877
 6285    3560  2891  3707  3711  15672  5414  5417 16882  5418 15674
 6286    2309   183  1748  3334  21878  8341 21879 12277 16913 10914
 6287    2469  1742  3284  3336   6392 21445 21880 20453 16354 20355
 6288    2483  1162  3290  3656  16985 16988 21881 21882 19464 16987
 6289    2740  2726  2763  2975   8896 20689 15429  9825 11362 21883
 6290    1862  2304  1719  3182   4131  5194  5192  6481  5191 21884
 6291    3163  3174  3267  3580   9676 14059 21803 12324 16860 19724
 6292    2449  1895    66  2873   4355 18541 18539  4354  4357 21885
 6293     171  3120  3408  3561  12402 20250 21886 14939 11687 16460
 6294    1272  1279  3261  3640  12717 21610 21609 21887  4639 21888
 6295      58   231  1916  3739   8144  7963 21889 21890  5928 20706
 6296    1957  1539  1922  3099  11062 11059 12293 21432 11483 11060
 6297    2705  2663  2810  3773  15941 14689 13831  5759 18827 21086
 6298    2884  2738  3128  3464  10104 13277  9806  8189 13278 11831
 6299     313   674  3076  3439  11982 11985 18673 20998 17456  4363
 6300    2234  1549  2924  3066   8142 13430 17839 17838 11414 13420
 6301    2737  2631  2767  2856  11554 16072 15349  4102 15646 15347
 6302    3176   734  3628  3750  21891  9963 21449 21892 21893 18106
 6303    2417  1334     8  3185  12810 12809 21894 21895 21896 12813
 6304    2652  3052  3475  3496   5568  5444  6740 18085  6736  5569
 6305    1404  1578  3068  3236   8906  8424 21897  8910  8907 21898
 6306    2740  2651  3257  3429  21899 21900 21901 15477 20974 20698
 6307     220  3238   510   846  16946 21902 21903  9869 16944 16089
 6308     482   101  3233  3927  11681 11685 14692 21233 14693 11684
 6309    2772  2690  2869  2905  10604 17792 21904 18985 18983 14347
 6310    1996   943  2910  3263   4741 21905 21906 21907 11504 21908
 6311     870  1656   869  3095  17123 19504 19502 17127  8938 21909
 6312    3621  3332  3724  3920  21910 18287 18289 21911 18290 21912
 6313     987  1349  1698  3181  21913  7093 21914 21915 21109 21916
 6314     490   511  3038  3563  20826  4544 21917 14390 15016 20828
 6315    2192  1052   448  2875   8277  9022  5830  8276  8273 12522
 6316     731  3539  3564  4017   4465 20140 18092 18069 16258 11120
 6317    3202  2815  3231  3944   7565 14612 10803 11792 21918 21452
 6318    3465  3746  3846  4030  16968 19452 16426 16973 16969 10566
 6319    3080  2882  3092  3648   8458 15440  8980 21341 21342 21124
 6320    3365   933  3424  3959   4983 15012  6209  4988  4984 15013
 6321    1236  1235  3240  3484  20246 21035 17157 17155 21919 14185
 6322    3420  3201  3444  3882  14142 17384 17382 14561 14559 21920
 6323    2107   431   702  3395  11179  6545  6549 21921  6544 12986
 6324    1486  3169  3685  3795   7834 19986  5465 19416 18222 21922
 6325    2268  1895   724  3693   9333  9330 11283 16344  4353  9331
 6326    3221   955  3264  3283  19726  4446  9809  9811 21484  5968
 6327    1260   860   159  3812   5718  7739  7743  5719  5721 13788
 6328    1183  2100  1013  3202  21923  7202  7200  7567  7199 21924
 6329    2720  2759  2859  2892  21754 18321  8588 13821  8337 21925
 6330    3650  3758  3832  3833  21926 21927 16409 10435 21928 21929
 6331    1046  2259  2843  3247  12948  5842 21930 13654  7679 21931
 6332     684  2422  2171  3215  10013 13574 21932 21933 21934 21935
 6333    3094   203  3599  3760  11329 11332 15695 15693 19624 11331
 6334     204  2365  2952  3116  16528  6965  6969 16527  6964  8746
 6335    2904  2718  2949  3116   8529 21936 10065  8528  4841 14351
 6336     743   228  1372  2929  13633 17629 21937 13632 13635 21938
 6337    2598  2975  3115  3181   9086 13141  5504  5506 14957  5503
 6338    2650  2765  3248  3276  11147 19082  8046 11146 10040 13462
 6339    2147   194  3399  3469  10113 17058 17060 14512  4155 17195
 6340    1632  1238   696  3032  11157 16083 16082 21939 12595 18694
 6341    1788  1336  1335  3823  10320  9280  9283 10321  9284 21940
 6342     937  1573  3223  3232  13746  6518 13080 17201 21941 13978
 6343    2919  3050  3450  3483  20978 18875 17403 21942 21943 20979
 6344    1718  1868  3239  3576   5530  6050 19428 14194 17941  6051
 6345     550  2393  3394  3961   9691  7506 10851 10848 11766 10847
 6346    3810  3335  3838  3846  11337 11341 18138 16265 10569 11340
 6347     551  2053  1341  3641   5823  9375  9376  5822  5819 21944
 6348     671  2560  3213  3730   8032 19999 21945  9111  9204 21946
 6349     927    32  1438  2853  21640  9565  9564 21947  4690 21639
 6350    1143   981  3139  3314   4405 12692 12694  7153 12695 21948
 6351    2627  2805  2920  3479  19248 15083 15081 10778 15080  6664
 6352    2620  2829  3327  3757  17461  4290 13596 12368 17462 13597
 6353    1057  2022   572  2929   4572  6204 21949 19108  6804 21950
 6354    1182  2292  1039  2987   9840 17143 21951 21191  7252  5020
 6355    2881  2773  2883  3376  19683 21952  9542 20749 12686 21831
 6356    3862  1375  3887  3891  20384 20390 15700 15696 21953 11727
 6357    3031  2919  3200  3216  21954 21955 21956 12853 18206 11473
 6358    2837  2859  3321  3803  18860 19136 13563  9138 19135  6881
 6359    2435   838  3535  3882   7086 20429 21957  7032  7087 20428
 6360    1596  2758  3647  3798  10743 18197 17801 11964 11960 14737
 6361    2832  1521  2855  3603  15053 11507 10174 10171 13367 10170
 6362    2795  1414  3420  3619   8124  5794 16401  8129  8125 21958
 6363    2401  1163  2673  2964  14461  9812 11714 11710 15590 11301
 6364    2356   911  1698  3181  21913 11583 11581 16408  8914 21959
 6365    1545  2200   552  3398   6767  6764 21960 21961  4088  6765
 6366    2485   787  2567  3484  10176 11472 17432 21962 17431 13084
 6367    1182  1840  3204  3380   5018  5022  8688 21963  6991  5021
 6368    2932  1324  3625  3872  21964 21965 21966 17315 17021  6409
 6369    2428  1450   840  3308  10396 21967 21968 10395 10398 21969
 6370    3316  3177  3680  3749  15861  8737 18308 18282 17853 10088
 6371    1366  2445  1104  2857   8110  8109 21685 13152  8786  8114
 6372    2461  1863  2915  3601  16374 21396 21970 20332 21971 21972
 6373     409   151  3114  3189   4670 19670 19668  4675  4671 21845
 6374     138  1606  2138  3827   8039 20645 21973 21974  4599 19605
 6375    1697   911  2355  3639  13905 13904 16406 21975  8915 11034
 6376    1889   830  2758  3133  11961  8002 20029 21976 16008 21977
 6377    2201  3029  3415  3564  12818 19990 19852 21978 19989  8819
 6378    1117   139  1727  2779  14330  6084  6082 14333  6081  4906
 6379    2329  1773  2386  3720   4457 18189 18193 17498 17496 21979
 6380    3634  3810  3838  3902  21980 17046 19233 11340 21981 21982
 6381     771  1175  2558  3304  11164 14904 14908 11163 11165  6834
 6382     569  3565  2390   457  18797  9673 21983 18796 18793 21984
 6383    3789  3544  3884  3986  14762 16763 11167 20032  5362  4482
 6384    1651   835  2574  3375  10281  9529 13965 10280 10277 21985
 6385     130  2566   131  3920  19095 19092 20510 21986 14846 19093
 6386    2309   894   727  3637  14518  8342 10917 21987 20664 21988
 6387    2801  2724  3243  3739  20338 21404 10701 15991 16030  5449
 6388    2476   436  3421  3914   7952 21744 21989  7753 21990 21072
 6389    1737  1717  3075  3580   6002 19667 19666 21991  4877 21992
 6390    3104  2719  3144  3485   8185 12120 16301 18123 21433 21993
 6391    1135  1097   418  2963   7139 15619  7222 21994 21995 21996
 6392    1136   765  1832  2949  14226 14466 19267 18747  8764 21997
 6393    2917  3277  3341  3424  14315  8672 10650 14318 14316 16586
 6394    1905  2655  2793  3777   8657 16765 12345  8658  8660 21263
 6395    3905  2130  3921  3922  19936 19939 21998 21999 19924 19938
 6396    2652  2715  2744  2883   5341 22000 21622 10442 10444 22001
 6397    1823  1760  3038  3397   8694  5168 22002 22003  5817 19054
 6398    3150  2675  3426  3967  17708 14365 15543 10793 19205 17711
 6399    2244  1227  3169  3760   5154 16290 15670  5159  5155 13488
 6400    1133  3080  3179  3422   7040 20376 22004 14551 22005 22006
 6401     183  2309   629  3334  16914 16913 21879 18456  8341 16917
 6402    2378  2534  1351  3717  22007 21053 21060  8988 21059 22008
 6403    1367  3235  3471  3582   7900 16161 20597  7905  7901 17327
 6404    1042  2005  3426  3967  17708 11195 21113  9644 17709 21163
 6405    1910  2138  1606  3827   4599 22009 22010 21974  8039 22011
 6406    1647  2138  1910  3827  22009  8042  8040 22010  8039 22012
 6407     596    40    41  3471  10350 20728 22013 10355 10351 20729
 6408    1210   867  2987  3204  13224 13889 13893 21784 13886 17142
 6409    2704  3088  3722  3738   5100  6770  4893  4890 12074  4894
 6410     940  3245  2133  3734  22014 20324  7181 13532 12490 21259
 6411     620  1433  3626  3725  18194 22015 20470  7256 17645 20469
 6412    3179  2100  3202  3231  21452 19055 20935  7199  7568 17519
 6413    1628  1565   300  3121  17631 17630 22016 22017 19166 12363
 6414    2603  3076  3238  3392  15450 18904 21083 17721 16230 15442
 6415    1674   982  3311  3639  15242 22018 11912 11914 22019 11911
 6416    2360   767  2546  3382  22020 17342 22021 22022 13897 22023
 6417    2723  2886  3297  3405  18905 14304 13005 13002 14303 13006
 6418    2810  2849  2910  3666  15301 17416 20286  4655 15302  4742
 6419     982   353  3311  3639  15242 22019 22024  6072 18177 11914
 6420    2776  2752  2824  2849  22025 22026 19834 16679 22027 22028
 6421    3111  3576  3815  3848  11286 11288 10894  6853 14125  4176
 6422    2553  3488  3550  3983  22029 22030 14034  9788 22031 18416
 6423    1690  1164   684  2873  22032 22033 22034 22035  4949 19081
 6424    2736  2911  2986  3155  11715  9946 14117 11719 11716 17268
 6425    1667   840   755  3584  20586 21390 21417 22036 10397 22037
 6426    2665  2585  3257  3425  22038 21157 17614 17612 13710 17611
 6427    2700  2665  3257  3429  21899 20973 11446 17611 21155 15475
 6428     728   242  2297  3157  20188  7595 22039 20187  5520 22040
 6429    2363   643  3300  3962  18638 19497 22041 16168 12406 16095
 6430    2800   351  2826  3739  20339 22042  8933  8936  5930  8934
 6431    3045  1536  3377  3467  22043 16492  7146 22044 22045 21213
 6432    2848  2782  3494  3630   4752 22046 22047 11306  9371 22048
 6433     581   580  2531  3655   7415 16068 16801  7416  7418 17960
 6434    2894  2741  3060  3162  19388  9237  9240 21706  9241  7556
 6435    2773  2718  2904  3116  21936  4837  4840 10065  4841 10063
 6436    1691  2365  3116  3250  11839 13706 22049  6964 11841 17556
 6437    2700  2887  3185  3288  18620  8513 10139 16112 15070 21679
 6438     296   707  3473  3726  22050 11262 11266  6776 11261 17239
 6439    2942  1692  3669  3802  12315 14246 14703 14705 17041 14245
 6440    1844  2578   102  3217  22051  4164  4162 22052  4161 22053
 6441     960   959  3758  3879  15797 19294 22054 18219 18035  4332
 6442     363   356  3475  3496   5568 17747 17746 13354 17034 12975
 6443    2322  1475  3219  3961  15076 12892 12895 21220  7509  7980
 6444    2326  2892  3255  3321  18862 20365 11825 22055 10782 22056
 6445    1365  2428   840  3308  10396 19894 22057 21969 21967 22058
 6446    1584  2368  2964  3243   5786  8245 14604  9813 13749 22059
 6447    1681  1809  2828  3744  12015 14786 14785 20962 14784  5138
 6448     131  2173  2564  3688   7349 19094 22060 22061 22062 22063
 6449    1685  1993   455  3630   4756 21337 22064 18176 21360 22065
 6450      51  2678  1522  1113  20628 10222 22066  7240 20626 22067
 6451     837  1114   798  3194  18713  8405  8403  7552  5535 22068
 6452    1566  1464   832  3859  18849  6282 22069 22070 13525 18850
 6453     310  2032  2477  3209  12839 19630 19631 12838 11863 21693
 6454    2707  3722  3857  3925  21835 12454  5298 19034 12453 19036
 6455    1065  1999  1968  3161  22071 11388 15150 22072 14198 22073
 6456    1320  1325  2647  3761   5782 22074 18926 17714 22075 10841
 6457    2720  2816  3606  3612   8169  8173  8585 18320 14975  8172
 6458    2211  2212  2944  3305   9155 13137 21479 20785 21477 13138
 6459    1764   819  2947  3432  12200  6270 14009 12205 12201 22076
 6460     263  2816  3680  3693  10085  4395  4399  7106  4394 10087
 6461     310  2458  1464  3209   4954 19630 22077  4955  4957 22078
 6462     501  2266  3446  3573  21453 16495 19020 19018  7035 15629
 6463    1696   867   376  3034  22079  9830 21527 22080 14091 22081
 6464    2320  2915  2299  1863  22082 20333 10365  6034 20332 22083
 6465     430  2195  2086  2985  12458 13863 22084 22085 22086 22087
 6466     454   920  1772  3255  13377 15181 22088 22089 16387 22090
 6467    1462   719  1068  3348  14567 12478 12481 14566 12477 22091
 6468    3622   667  3727  3783   6682 15721  5990  5993 10257  5991
 6469    2059   680   411  3569   5435 21515 22092 22093  4620 13667
 6470    2602  2647  2741  3689  18252  5783  4432  4435  5781  4433
 6471    2568    82  3646  3860   7846  7357 11361  7850  7847 14385
 6472    2392   559   560  3571   7974 22094 22095  7979  7975 22096
 6473    2217  2107  2779  3395  18728  6548  6546 13341  6545 20357
 6474     319   320  3543  4015  17428 10988 10990 17429 10482 20869
 6475    2192  1582  1920  3276  12996 15633 12524 13001 12997 17868
 6476     524  2350  3374  3595   6509  6513 11549 18677 22097  6512
 6477    1707  1096  2712  3757  17465  9510 14648  7132 14645 17594
 6478     813    54  2898  3256   9439 22098 21012 21013 11042 11968
 6479     224   816  3290  3994  19758 22099 22100 22101 22102 22103
 6480    2948  3369  3497  3883   7370  4416  4414  7371  4413 12300
 6481     535  1363  1542  3043  14552  4993  4991 17604  4990 22104
 6482    3319  1846  3479  3571  21623 15379 22105 22106 15717 10544
 6483     711   126  3155  3885  21335  8714 15352 14065 21596 15353
 6484    2855  2733  3129  3290  19759 19541 11860 11856 19540 11855
 6485    2123   127  2911  3424  10535 12508 13186 10536 10538 11717
 6486    3206  2221  1943  3763  12698 12923  5385  5381 22107  4194
 6487     719   199  3466  3739   5927  8143  8146  4059  8147 14565
 6488     196  2104  3319  3479  10544 22108 19298 10543 10546  9985
 6489     251  2267  2982  3109  11043 20497 17619 11047 11044 17620
 6490    3059  2966  3449  3572  17707 18236 21428 21066 21068 21861
 6491    1700  1646  1036  3090   6433 12431 12433 10953 10954 22109
 6492     406   405   526  3487  22110 19870 21173 22111 21174 22112
 6493     891  2173  2566  3920  14846 18288  8108 22113 20096 21740
 6494    1178  2394  2027  3121  19412  6963 22114 22115 17654 21010
 6495     143  1379  3161  3180  14196 12752 22116 14200  9977 15472
 6496    2817  3052  3252  3408  12403 12456 17610 15256 14940 11774
 6497     599  3749  2416  3997  13306  6411  8773 10373  8769 10376
 6498    1270  1265  2657  2774  16508 19765 19764 16959  6463 22117
 6499    2602  1301  2224  2829  20845  6829  6827 21538  6826 17821
 6500    1567  2870  3123  3990   8212  6953 13351  8213  8215 22118
 6501     537  2271  2002  3043  22119 16977 21811 22120 11236  6193
 6502    2417  1337  1334  3185  21896 12809 15747 22121 10192 21894
 6503     379  2169  2580  3440  19477 12465 20920 22122 20915 20395
 6504    2667  2779  3295  3395  11590 11588  9135  9136 18728  9134
 6505    1998  2693  3144  3469   4154 22123 15554 15551 13121 15555
 6506    3533  1569  1672  3753  21092 18960 22124 22125 20790 21094
 6507     643  3117  3320  2363  15823 22041 21575 10588 15827 22126
 6508    2972  2769  3284  3336   6392 20452 22127  6397  6393  5937
 6509    1282  2187  2985  3137  12976 14494 14496 22128 10530 11172
 6510    1249  2621  2762  2807  15323 22129 22130 20747 19227 22131
 6511     552  2945  3636  3673  10968 15159 17810 17812  6471 17811
 6512    1533   739   738  3579  10201 20984 20982 10200 10197 22132
 6513    2437  2563  3664  3826  22133  5877 19633 19608 19945 19634
 6514     120  2346  2548  3258  10969 10972 22134 22135 17343 10971
 6515    2687  2828  2857  3744  15454 19323 20710  8898 12015 21044
 6516    2852  2972  3284  3493   6925 12778 15283  5937 21178 12777
 6517    2656  3168  3407  3555  12899  7709 18003 17043 17045  9316
 6518    3643  2891  3707  4002  15457 16883 18599 16882  5135 18600
 6519     540   173  1389  3401  11499 16150 22136 17765 10416 16151
 6520    2502  2507  2701  3143   8261 13680 20955 11638 12639 14396
 6521    1157  2255  1156  3195  22137  7071 19245 22138 19244 22139
 6522    3264  3221  3283  3849  19725  8825  5968  4446 22140 19726
 6523    2849  2810  2910  3914   4652  4656 20286  4742 17723  4655
 6524    2769  2972  3327  3336  22141  6393 22127 16041 20452 13740
 6525    3535   889  3609  3682  18489  9092 14722 22142 22143 10725
 6526     869   128   870  3095  19504 17123 22144 21830 19273 21909
 6527    2535  3333  3895  3917   4729  8003  8837 22145  6988 15708
 6528    1459  1460  3850  4006   9654 22146 22147 22148 22149 22150
 6529     195  1903  3159  3339  18803 12756  9144  9146 13571  7098
 6530    2976  3435  3722  3819  12475 19694 18453 13765 20690 18535
 6531    2556  1689  3304  3692   9327  6526  6529 20361  6530  8063
 6532    1495  1494  3441  3482  22151  8377 22152 22153 22154 16505
 6533    2542  1618  1619  3957  11455 22155 22156 20901 22157 22158
 6534    1058  1728  3076  3495  18237 11604 22159  5962 22160 22161
 6535    3801  3075  3908  3922   4166 17639 13866  6001 22162 13864
 6536    2349  1172  3561  1986   6723 14297 15581  6722  6724  5565
 6537    1785  1680   352  3395  11178  7005  8410 22163  8409 11181
 6538    2679  2702  2715  2837  13561 22164 22165 22166 22167 18372
 6539    3114  3111  3180  3575  22168 21015 19196  6521  4174 19194
 6540    3271  3707  3711  3934   7805  7809 12869 15672 19384  7808
 6541    1207  1634  1630  3552   7812  7379 14488 20976 19122 21302
 6542     269  1514  3345  3816   6417 14636 18114 14102 14098 11078
 6543     286  2171   110  3211  15536 10014 10011 22169 10012 20507
 6544    1962   816  3983   235   5209  5210 22170 22171 22172  5212
 6545    3604  3822  3866  3867  12950 19650 16117 16939 18316 22173
 6546    1795    46  3176  3750   9963 22174 18953  9968  9964  6567
 6547    1730  2295  1769  2747   6787  6785 11217 12451 11216  6784
 6548     354    85  1884  2812  10449 22175 22176 10448 10451 17378
 6549    2295  1500   256  2747  22177 11216 22178 22179 20802 22180
 6550     834  2572  1989  3375  22181 10278 17510 22182 11625 22183
 6551    2827  2746  2876  3103   7931 16278  6928  4779  7932  8849
 6552     123  1023  3544  3884  20032  5263 20812 19832 21071 20031
 6553    2050  2187  1463  3137  12232 10533 10531 19992 10530 19885
 6554    1217  2457  2281  2864  16568 15028 19794 19179  5549 22184
 6555    2168  1991  2897  3184  12443  4423 22185 14283 13284 18184
 6556    2642  3168  3312  3747  11623 18407  8578 18464 20750 21236
 6557    2944  2211  3172  3708  13798  5624 13138 13140 22186 13139
 6558    3076   220  3238  3392  15450 16230 17103 21903 16091 17721
 6559    3351  1172  3442  3717  21051 11438 17410  6726 17411 22187
 6560    1637   601  3363  3381  18022 22188 22189 18025 15514 20720
 6561    1701   140  3342  3551   4391 20903 19717  4390  4393 18789
 6562    1572   504  3376  3723  21710 22190 17633 17632 22191  9198
 6563    2684  2762  2839  2936  15924 22192 22193 22194 15327 22195
 6564    2183  2101  1062  2963   7011 12367 22196  7016  7012 21273
 6565    2509  2701  3526  3527  22197 12901 11642 19203 12900 22198
 6566     899   898  3434  3733  22199  6057  6055 12139  6054 12137
 6567    3029  2858  3244  3564   9585 19989  7479  9590  9586 14887
 6568    1597  1898  3476  3577   6556 17449 10241 19301 10221  9912
 6569    3348   719  3466  3739   5927 13512 12477 14565  8143 14564
 6570    3810   529  4022  4030  21280 20671 22200 22201 22202 16869
 6571     490  2880  3203  3563   4540  4544 20827  4856 17637  4543
 6572     671   331  2560  3730   9204 19999 19998 11398  8094 21945
 6573    1770  3217  3322  3936  21869 20458 18564 22203 20648  6822
 6574    2645  3088  3265  3465  22204  5176 14015 14012 16424 14016
 6575    3847  3771  3886  3946  11785 15846 11334 11786 11787 17569
 6576      73  2458   310  3209  19630  9348 22205 22077  4957 21694
 6577     937   875   932  3223  11000 13978 20905 22206  4203 13977
 6578    2957  3031  3200  3484  10175 22207 22208 11473 11469  7396
 6579    2592  3127  2752  3126  13095 13093 12339 12341 18263 12338
 6580    2096  2870  2990  3123   9960 22209 11817  9962  8213 22210
 6581    1825  2745  2876  3103   7931 18061  7947 14584 10736 16193
 6582     567  1118  1992  3138   6657  8205 11809  6656  6659  8618
 6583    1555  1754  3451  3578   8396 17934 22211  8027 22212 17933
 6584    2839  2936  3067  3730   8092  8036 15924 16981 15923 18116
 6585    2427   428  2769  3423  21765 13777 17003 10204 18929 21764
 6586    2382  1144  2669  2764   6368  6256 15306  6373  6369 22213
 6587    2036  1487  3166  3813  21617 14678 12086 22214 14954 22215
 6588     126   457  2939  3084  15769 21595 22216 22217  9672 21594
 6589     766  2544  1638  3382  22218 13901 13899 10668 13898 22219
 6590    3458  2937  3646  3860   7846  7849  9680  9678 22220  5733
 6591    2226  1493  2628  2962   8316 17269 17715 22221  8632 17270
 6592    2603  1553  2703  3148  20741 18903 22222 15741 20742 20930
 6593    3220  2753  3440  3923  12463  8483  8486 18014  8487  6576
 6594     329  1696   376  3034  22079 13948  4898 22081  9830 22223
 6595     448    51    50  2875   6699  8277 21311  9896  9897 22224
 6596    2381  2338  1631  3731  13418 12390 22225 21063 15288 22226
 6597     491   807  2936  3944   5895  4335 22227  5896  5898 22228
 6598    1674    14    13  3311  22229 11911 11915 11003  6069 10710
 6599    2907  2863  3351  3442  22187  4917  4915 21737  4914  9388
 6600     329   376  1095  3034  12409 13948 22223 22230 22079  5924
 6601    1493  1930  2628  2962   8316  8632  6981 22231  8631 22221
 6602    2798  2920  3109  3292  14112 20165  6660 11849 14984 20164
 6603    2277  2278  1788  3823   9280 14633 14631  9285  9281 22232
 6604    3174  3163  3643  3580  16861 16860 21803 16886 14059  9382
 6605    2671    66  2873  2449  18541 22233  7355  4355 21885 17756
 6606     452   802  2800  3615   8935 22234 22235  4216 22236 22237
 6607    1077  2603  2674  3197  11515  9165 17566  6150 22238 17977
 6608    2770  2681  3076  3495  18237  4558 17982 18240 18238 18894
 6609    1155  2240  1127  2935  17535 14951 14950 22239  5633 19026
 6610    2212  1294  2210  3305  22240 21477 21478 22241 12483 20784
 6611    2914  1856  3103  3464   9548 16094 16093 10734  6719 16235
 6612     452   983   351  2800   8933 22237 16263  4061 18536 22242
 6613    3136  3259  3340  3840  20171 16919 16922  7161 16918 14339
 6614      59    60  2801  2806  18604 22243 14165 14163 19468 14166
 6615    2701  2502  3143  3611   8258  7302 14396 13680 22244  8261
 6616    2767   234  2856  3182  12358  4101  5956  7215 22245 11554
 6617    1247  2714  3051  3496   5443  4068 22246 12584 12582 22247
 6618       4   421  3103  3778   4487 16250  6930  4492  4488 22248
 6619     880  2864  1217  3251  15568 15567 10216 15028 15550 15031
 6620    3093  2633  3274  3289  10316  7017 18486  5642 10318 20954
 6621     914  2284  3056  3214  21043 12577 22249 13131 22250 21041
 6622    2744  2652  3052  3156  15255 20981 22001  6740 10963  5340
 6623     675  1957  2649  3093  18203  5202 22251 11063 15100 21323
 6624      82  3073  3458  3860   7849  7847 22252 22253 20598  7848
 6625     798   837  3194  3313  10167 22254 22068  8405 11783 18713
 6626    2845  2740  3266  3268   9267 13543 15428 22255 22256 13542
 6627    3133   254  3152  3931  18550  7997  8000 14286  8001 19568
 6628    2576   264   628  3322  22257 11635 11633 22258 11632 22259
 6629    1371  2280  2856  3182  12358  4134  7768  7218 12359  7766
 6630    3833  3650  3879  3933  22260 22261 21927  9893 22262 22263
 6631    2882  2739  3080  3422  22005 12224  8979  8982 14740  8980
 6632    3312  3040  3747  3775  13676 22264 22265 13030 15151 11623
 6633    2681  2770  3179  3495  11083 18238 17982  4149  4558 19056
 6634    2528  3379  3519  3520   4552 22266  4111  4557  4553 22267
 6635     376  1604  1095  3034  12409 22079 22268 20125  6181 22230
 6636    2472   441  3246  3848  12152 13380 13383 11894 13384  9856
 6637    2667  2852  2909  3214  17489  8977 22269 11311 17491 17952
 6638    2571  1815  3216  3969  17716 17719 13582 13579 16994 13416
 6639    3071  2666  3220  3453  22270  4977 20114 16348 10717  9736
 6640     867    99   376  3034  22079 14091 21794 22271  6183 22080
 6641      59  1916  2806  3739  13513 20705 20707 13514  8144 22243
 6642    2903  2866  2977  3353  19380 10488  6882 11781 17092 11780
 6643     742  1006  2820  2917  13039 14140 21128 13040 13042 14139
 6644    2717  2657  3039  3177   6128  6132 22272 16510 18307  6131
 6645     505  1693  2795  3619   5794 12423 12421 16400 11993 22273
 6646    2419   147  3163  3580  14059 22274 16241 14058  4875 13728
 6647     586  2453  1382  3123   4846  7929 22275  4845  4848  7928
 6648    1103  1990  2202  2955  17163 10683 10681 17017 10680 22276
 6649    2094   165  2885  3256  13436 14428 14431 17032 14432 18650
 6650    1328  2588  2682  2967   8627  9030 22277 13337 13274  9029
 6651     357   360  2163  3373   6380  6384 10524 22278 10523  6383
 6652    2943  1764  2947  3432  12200  6266  6269 22076  6270 20635
 6653     256  2295  2747  3399  21529 22279 22180 11216 15432 22177
 6654    3144  2973  3549  3829  17207 11937 11935 12780 11934 10828
 6655     140   826  3342  4001   4392  4389 16718 16715 20203  4390
 6656    1192  1373  3924  3970   6365 22280 21502 21505 22281 21503
 6657     884  2703  2846  3206  17323 21180 16966  8804 12925 22282
 6658    3465  3810  3908  4030  21281 19452 18139 20083 20671 13295
 6659     813   534  2728  3932   7332 11970 22283  9216  9212 13553
 6660    2735  1602  2792  2914   8655  8653 22284 21633 21631  8652
 6661    1977  1876  1875  3452  22285 22286 19040 22287 20516 22288
 6662     841  1947  2846  3718  14603 20276 20924 20923 11923  8236
 6663     690  3476  3577  3596  19308  4070  6559  6556 20329  6560
 6664    3087  3499  3498  3735   4116  4113 22289 22290 18452  4114
 6665     189  1395  3799  4003  16361 16363 21377 22291  5975  9681
 6666    3407  3555  3714  3869  12491 12897 12899  7491 12492 17044
 6667    1176  2100  3179  3231  19055 16516 16519 20935  7568 19884
 6668    2961  2926  3545  3880   6214  6916  6026 13469 13491 13468
 6669    1714   283  2886  3405  14303 16952  4228  4231 16950  4229
 6670    2796  2951  2968  3289  22292  5469 21665 12260 14994 22293
 6671     507   506   503  3415  22294  8820  4267 22295 22296 22297
 6672    2956  2839  3067  3430  16664 17843 22298 18116 22299 17842
 6673    2466  2095  2085  3211  19940 22300 22301 22302 15539  4974
 6674    2428   591   371  2673  11713 22303 22304 21382  5031 22305
 6675     988  1184  1401  2907  13934 10922 22306 12449 14982 22307
 6676    3067  2351  3202  3995   5589 12384 12382  9077  9075 14613
 6677     110  2422   617  3211  21576 15536 22308 22309 22310 22311
 6678    1604   376    99  3034   6183  6181 22268 22271 22079  6180
 6679    2672  2748  2921  3169  10186 18223 10845 10185  5157  6609
 6680    1313  1310  2785  2869   9256  4797 22312 22313 22314  9255
 6681    2471   923   305  2923  13325 13323 22315 20445 20243 13322
 6682     110  2171  2422  3211  22310 15536 22169 21933 10012 22308
 6683    1354   541  3821  3891  21746 22316 22317 14608 17062 16196
 6684    2407   471  1911  2831  22318  7972 20927 22319 20926 22320
 6685    2026  3908  4022  4030  21280 22321 19743 15368 21281 19744
 6686    3039  1238  3177  3749  17853 13963 12596 10871 10377  6128
 6687    2532   318  3762  4015  10481 10485 17786 22322 17782 10484
 6688    2949  2904  3116  3600  13290 14462 14351 21936 14465  8529
 6689    2724  2678  2826  2875  20542 13464 20909  9178  7206 16535
 6690      88   717   797  2919  18880 18878 22323 11327 16651 18877
 6691     207  3698  3876  3882   9916 22324 19433  9921  9917 10032
 6692    3161   143  3180  3182  12750 16160 15472 12752  4130 14196
 6693    1281  2681  2815  3231  11792 11613 11612 14817 11611 11794
 6694    2270  1984   966  3268  10334 22325 22326 10333 10330 18346
 6695    3111  2984  3576  3848  14125 11288  8950  5527 14126 10894
 6696    2062  1866   874  2881  20989  8156  8160 22327  8155 19748
 6697    3287  3262  3323  3441  12005 21801 22328 12004 12007 22329
 6698    2480  2899  3295  3473  17641 10369  8466  8467  4999  5800
 6699     804  1199   707  3060  22330 20078 21814 22331  6973 11264
 6700    1429  2065   774  3219  22332  7057 22333 22334 22335 22336
 6701     920  2326  3255  3321  18862 21866 22337 22056 20365 16387
 6702    2104  1306  3319  3757  10545  9835  9837 20959  9838 10543
 6703    2766  3263  3393  3893  19950 10671 13657  8495 17493 17673
 6704    3271   709  3277  3581   5297  5295 22338 22339 22340  5294
 6705    2037   837  3313  3582   9913 22341 22342 11783 11782 22343
 6706      75   774   500  3219  22344  7981 22345 22346 22332 11999
 6707     516   632  2266  3573   7035  6097 20161  7036  7038 22347
 6708    1489  1505  2149  2673   5037 10045 10044  5038  5040 22348
 6709    3629  3357  3683  3839  15848  7861  7858 14215  7859  9972
 6710     777  2269  2345  2786   5702  8723 22349  5701  5704  8722
 6711     126  2939  3155  3885  21335 21596 21594  9949 21593 14065
 6712    2595  2593  2752  2810  13094  5121 13875 12337  5760 19833
 6713     807   744   459  3730  11397 22350 10270 22351 16216 22352
 6714    3407  1615  3624  3796  19905 14158 14157 14312  5579  7615
 6715     205  2953  3777  3834  15781 13688  6089  6086  7607  6090
 6716    1310  2727  2764  2855  16076 19651  7452 11557 17185 13432
 6717     366  1694  3406  3603  12227  9364 15519 16343 15520 12226
 6718    2795  3201  3420  3535  17383  9273 13589 17382 13588 21958
 6719    1370  1805  2907  2913   4916 16746 22353 14588  5494 10921
 6720     957   955  3264  3991   9807 22354 22355  9811  9808  8829
 6721    1434   577  1837  3209   8153  8150 19360 22356 19359  8151
 6722     577  1464  2879  3209   4953 19359 19362  4958  4954 21630
 6723    3776   800  3810  3902  21981 12850 20102 11339  6439 16872
 6724    2951  2649  3093  3289   7017 14994 14992 18203 14991  8994
 6725     511  1760   490  3038  20828 14390 22357 11174 22003 21917
 6726    1750   186  2079  3367  10028 18922 22358 17459 16833 18923
 6727    3058  3213  3696  3730  16215  8033  8037 22359  8032 15921
 6728    3497  2473  3538  3556  11371  9941  9234 11375 11372 12296
 6729    3062  2787  3095  3418   4285  4283 14517 15167 15399  4282
 6730     907  3183  1881  2491  22360 22361  5276 22362 22363 22364
 6731    2348  1952  2049  3032  22365 22366 22367 10872 14228 22368
 6732    1355  2102  3279  3611   5091  9993  9992  5090  5093 13267
 6733     887  2215  1667  3584  21390 17805 22369 21395 21391 22370
 6734    1952   696  1238  3032  12595 14228 14229 21939 11157 10873
 6735    1499  1648  2964  3718   5788 15295 22371 20222 20224 15296
 6736    1471   964  1622  3992   5518  5515 22372 10253 20990  5516
 6737    1600  2389  2101  2906  10512  5650 22373 22374  5829 10511
 6738    2883  2652  2916  3052   6738  5343 22000  6737  6740 18370
 6739    2852  2667  2983  3214   8975 17491 22269  8974  8977 22375
 6740    2752  1278  3126  3127  18263 12341 19977 10861 18264 13095
 6741    2490  1026  3162  3726  12603 12606 19242 16171 14923 12605
 6742    1238   436  2416  3421   7750 12597 22376  7751  7753 10374
 6743    3144  3549  3792  3829  11884 11937 10828 17208 17207 11936
 6744     681    75   485  3219  21487  7983  7982 11998  7981 14871
 6745    2883  2715  3141  3363  20907  7430 10444 22377  8784 20906
 6746     723   398  3292  3450  20162 16137 16135 14115 16134 22378
 6747    3672  3385  2444  3140  17901 12889 12891 19618 12888 17902
 6748    2697  1846  3361  3571  22379 15380 22380 22381 15717 18648
 6749    2356  1366  2143  3115   9085 19996 19993 22382 19994 11582
 6750    1555  1944  2884  3451   8164 17933 17069  8163  8166 17070
 6751    1183  2413  3202  3944  14612  8602  8604 22383  8605  7202
 6752    2095  2466  2897  3211  18220 15539 22301  4975 22300 15544
 6753     179  2456    76  3476  20934  9603  9601 20933  9600 20091
 6754    1811  2188  3109  3280  11938  4630  4772  4774  4817  4771
 6755    1345  2737  2923  3927  13160 22384 21287  9763 13162 19325
 6756    1324  2682  3607  3673   6470  6474 17887  8299 13466  6473
 6757    2348  3032  3177  3564  11584 22385 22366 11587 11116 22386
 6758    1213  3745  3746  3846  16973 16971 22387  8050 14667 16970
 6759     709   543  3277  3581   5297 22340 22388 22389 22390 22339
 6760     887   755  3486  3584  17807 17805 17761 17758 20586 17757
 6761    3650  3384  3758  3879  15797  9893  4315 11169 10541 16409
 6762    3208  3650  3697  3758  22391 10432 22392 19314 16409 22393
 6763    2522  2521  2814  3047   9609 22394  7368  7364 22395  7363
 6764    1689  2980  3304  3692   9327  6530 19869 18364 18354 20361
 6765    3117  2731  3175  3489   4279  4277  7234  5838  5840  4276
 6766     249   706  1427  3495   8867  6492 22396  8868  4559 21536
 6767    3242   580  3328  3655  13519  7414  7417 16799  7418  6632
 6768     984  1460  3820  4006  22397  9655 22398 22399 22149 22400
 6769    1544  2444  3672  3968  11573 22401  9413 17902 19616 15865
 6770    2877  3792  3829  4023   5755  5754  5481 11884 11644  5753
 6771    1464  1434   310  3209  19630  4954 19361 19632  8150 22078
 6772    2061  2064  2060  3210  18897 18091 22402 22403 22404 18896
 6773    2493   802  2963  3236   4214 10591  7844  4219  4215  7142
 6774    2931  2879  2989  3209  17827  9350 18523 17826  4953 11777
 6775    2111  1741  2902  3423   5394 22405 22406 16368 16364 18383
 6776    1074   359   278  3901   7437 14329 22407 20883 20884 14328
 6777    2186   797  3450  3483  20978 16209 19718 20129 18876 22408
 6778    2980  2841  3692  3803  17007 14623 14621 18759  8783 18354
 6779    1589  1992  2121  3286   6290 13440 22409 18432  6658 13438
 6780    3271  3424  3707  3934  19384  7809 12868 12865 22410 12869
 6781    2982   718  3338  3601   8324  8309 15764 13622 18053 10054
 6782    3240   394  3664  3826  22133  5876  5879 15121  5880 15120
 6783     224  2483  1162  3290  21882 22103 22411 21881 16987 22412
 6784    3624  2891  3714  3796   9065 19905 10163  9070  9066 12103
 6785    3394  2393  3592  3961   9687  9691 10848 11769 11766  9690
 6786    1537  2397  1122  3093  15103  5386  7019 22413  7020 21098
 6787    1179    56    57  2826  18437  9933 15658 22414 15659 22415
 6788    3314  2254  3366  3592   7652  7655 10528 10262 10260  6612
 6789     200   803  3074  3098  16236 19162 19820 12276 19818 22416
 6790    1785  2915  3383  3395   9651  7005  7003 16414  7002 15061
 6791    3004  1041  2004  3587  22417 15886 22418 22419 22420 22421
 6792    1243  1248   358  3712   4466 10181 22422  4471  4467 22423
 6793    2261   787  2569  3969   8279  8283 21776 20579 18073  8282
 6794    2338  2381   474  3731  15289 15288 22225 22424 12390 15287
 6795    2817  2874  2925  3589  12740 11775  7263  7266 11773  7264
 6796    3272   359  3617  3901   7334  7338 15822  4826 20884  7337
 6797    1996   943   780  2910  10391 21908 21906 22425 21907 20280
 6798     828    59  1916  2806  13514  9015 22426 20707 22243 22427
 6799     946   706  1633  2770  10071 14657 22428 10070  4562 14656
 6800    3258  3141  3651  3661  22429  7182 19494 22430 20065 13060
 6801     970  1386  3183  3601   7896  8328 22431  5663  7898  8751
 6802    2911   536  3237  3424  17749 10535 22432 22433 22434 22435
 6803    1507  1633   706  3043   8115  4989 22436 10070 10072  8117
 6804    2071  1819  3816  3996  20680 22437 18350  7764 22438 15312
 6805    1250  2679  2702  2715  22166 21620 22439 22165 18372 22440
 6806    2719  3104  3144  3792  11936 22441 16301 21993 15938 18123
 6807    1105  1478   373  3206   5383 22442  6340 20988 11800 22443
 6808    1708  1690  3215  3612  19086 19088 19080 19079  4706 13573
 6809    2209  3079  3811  3949  16482 22444 20462 12393 12723 20111
 6810     978  2391  3585   108   9431  9430 22445 17931 21777  6078
 6811     109  2494  3080  1169   6145  6143 22446 16713 22447  6142
 6812     501  1677  2855  3446   8691 15629 22448 21075  7541 15628
 6813    1621   839  1209  3190   8795  8793 10993 16941 10992  8792
 6814    2350   524  3374  3589  12909 11551 11549  6512 11548 18677
 6815    1466  2266  2487  3446   8177  7543 19021 22449 19018  8176
 6816    3151  2901  3322  3375   6398 22450 17435  6403  6399 22451
 6817    1238  1632   436  3421   7753 12597 16082 22452 16081 22376
 6818     886   528  1819  3996  22438 11595 22453 22454 22455 22456
 6819    1802  1997  1059  3349   5888  5892 10458 18441 10457  5891
 6820    2650  2629  2775  2894   7557 16556  7718 11789  9453  8132
 6821    1835  2221  1478  3064  11803 13812 22457 14130 14131 21019
 6822    2900  2797  3364  3653  10232 13602  8736 22458 18040 17532
 6823     623  1012  3736  3829   5999 22459  5308 13456  6240 22460
 6824    2134  3233  2856  3591  10571 16447 21313  6900 16071  4052
 6825    2355  1674  1864  3639  18120 13905 22461 10713 22018 22462
 6826    2947  2734  3204  3380   5018 22463 14997 13639 13778 22464
 6827     756   379  2582  3923  18158  8290  8293 22465  8294 22466
 6828     760   135  2070  3433  22467 21600 21604 22468 10379 18758
 6829    2499  2996  2501  4012  22469  9929  9927  7562  9096 22470
 6830     713  2102  3143  4012   9095 16063 16061 22471  5089 20995
 6831    3409  1520  3831  3953  22472 16737 22473 22474 22475 22476
 6832    2864   396  2928  3591  16003  5544 16569 16566 18340 15549
 6833     827   446  2391  3995  17929  8369 17669 17930 17668 22477
 6834    1816  2605  3248  3654  18132 17665 11111  7924 14061 11112
 6835    3107   955  3317  3991  22478 22479 22480 22481  9808 22482
 6836    2369  1419  3301  3914  17722 21645 21268 22483 22484  8450
 6837     610   645  3251  3269  19708 16111 19600 19436 21048 19601
 6838    2837  2866  3033  3321  19646  6881  6879 22485  6878 18356
 6839    2254  1209  2934  3592   7653 10260 17466 16943  8791 10261
 6840    2073  3169  3251  3760  19845  9551 13485 22486  5154 19838
 6841    1151  3175  3555  3954  19351 22487  4912 19352  4275  7494
 6842    2746  2827  3176  3299  11618 21062  6928  8850 21194  8848
 6843    3454  3230  3821  3867  15799  7434 15314 14243 15800 15315
 6844     351    57  2826  3739  20339  5930  7965 18437  7964  8936
 6845    2343  2332  1751  3321  18969 15988 15986 10492 15985 22488
 6846    3832  3570  3971  3976  22489 14271 14274 22490 14275 22491
 6847    1839  1429  1475  3219  21220  7060  7058 22492  7057 21242
 6848    2993  2496  3874  4012   9042 22493 17373  9047  9043 17369
 6849    3221  3410  3834  3858   6284  4496 15915  6289  6285 15782
 6850    2953  1925  3777  3948   9433  9435  6091  6087 21738  6086
 6851    3357   678  3580  3950  16862 16469 16472 22494 16473 22495
 6852    2892  2859  3255  3321  18862 10782 21754  7431  9138 22055
 6853     569   512  1330  3885  19010  8718  8716 19013  8715 22496
 6854    1993   176  3494  3630   4752 21360 13425 13426 21336 13424
 6855    1177  1873  2135  3942  12790 12789 20074 22497 17297  8968
 6856    2217  2335   431  2983   9406 18727 20359 11853 11850  6547
 6857     357   355  3809  3911  22498 22499  6382 22500 22501 22502
 6858    2940   973  3167  3992  17815 12055 14450  7472 14451 17173
 6859    2838  2858  3029  3177   7475 22503 22504  7479  7476 19090
 6860     944   971  3424  3993   8667 22505 22506 12870 21308 22507
 6861    2629  2741  2775  2894   7557  9453  9451  4430  9240 11789
 6862    1905  2978  3350  3777  18273 16765 16769 11906 16764 12343
 6863    2355  1864   587  3639  14857 13905 22462  4439 18120 14530
 6864    2629  2650  2692  2894  22508  9453  7718  7721 16556  7719
 6865    2597  2787  2924  3095   9354 12052 15168 15398 15167 17557
 6866    2395  3254   479  3682  22509 11871  4649 15994  9272 16626
 6867    2476  1632   192  3421  11253 21072 22510 22511 16081 21073
 6868    1753   782  1369  3791   9274 22512 22513 13536 13538 22514
 6869     252  1058  2361  3495  22515  7251 22516 22517 11604 22518
 6870    1436   215  3886  3946  11785 21087 22519 13017 13013  8414
 6871    3210  2888  3406  3536  12542 21140 15931 15928 22520 10581
 6872    2360  2403  2851  3381  19542 12287  4234  4236 10074  4233
 6873    2795  3045  3349  3467   5795  5793 10344 16490 16492  5792
 6874    1520  2354  1221  3831  11833 22474 22521  9875  6551 22522
 6875     742  2917  3237  3424  17749 22523 14140 14137  8672 14141
 6876       2  2321  3299  3387  11615 11917 11920  9450 11918 22524
 6877    1598  2808  2897  3548  12440 16954 15546  5475 20532 15547
 6878     836  1565   271  3121  17655 13619 22525 19164 19166 22526
 6879    2740  2975  3266  3639  13903 20686 20689 20737 20685 22255
 6880    1529  2484  2988  3041   8015  5232  5235 18609  5236  8013
 6881    2804  2765  2909  3083  19898 12580 18707  8049 10039 19897
 6882    3097   214  3400  3716  22527 20500 17254 17252 21008 17251
 6883     747  1933  2069  3093  22528  5206  5204  6353  5203 22529
 6884     806  2711  2935  3379   5634  5631  5180  7166  7168  5632
 6885    2331  1226  2109  3444   5909 16097 22530 14624 14626 16098
 6886    2413  2351  2112  3202   5594 22383 22531  9076  9077 22532
 6887    2399   744  3696  3730  16215 20346 14404 14400 16216 14399
 6888    3073  2901  3151  3375  22450 22533 17439 17435  6399 17434
 6889     282  1414  3420  3535  17383 15138 18633  8129 16398 22534
 6890    2444  1544  3714  3968  12101 19616  9413  9415 22401  9412
 6891    1414  2795  3420  3535  17383 16398 16401 21958  9273  8129
 6892    1971   512  1833  3885  22535 19012 19011 11462  8715 13971
 6893     609  2082  1723  3763   8543 16584 19811 20439 19810 10882
 6894    1735   109  2882  3486  10495 10499 18126 20430  6144 10498
 6895    1723  1943  2221  3763  22107  8543 12699  5381 12698 22536
 6896     505  2430  2795  3535   9273 19022 22537 10726 10728 22273
 6897    3566  1158  3784  3856  10327  4295 22538 10326 10329 22539
 6898    2496  3531  3532  4012  17098  9043 18108 17099 17100 22540
 6899    1900  1902  2893  3374  10000 13082 19828 19489 12910 12566
 6900     631  3121   836   271  22526 19364 18398 13619 17655 18399
 6901    2168   918   693  3996   4422  4419 21221 22541 11592  4420
 6902    2738  1006  3057  3128  11828  8189  8192 21131  8193  9803
 6903    2548  1072  1073  3258   7185 10969 22542  7184  7187 10973
 6904     574  3621  2351   442  22543 22544  8371 12385  8107 22545
 6905    3174  3357  3580  3950  16862  9381 14216 22495 16469 16860
 6906     492  2753  3195  3923   7074 20304 15530 21701  8487 20303
 6907    2167   756  1885  3923  22546  8291  8295 22547  8290 12024
 6908    1520   278  3409  3831  22476 22474  7442 18448 17211 22473
 6909    2741  2775  2894  3060   7556 21706  4430  7557  5000  9240
 6910    2031   646  2636  2745   7946  7950 19289  9252 15917  7949
 6911    1816  3248  3541  3654  18131 17665 11112 11148 18132 16847
 6912    3173  3740  3741  3814   4222 15830 21585  6066  6067 21586
 6913    2818  2784  2870  2990   9962 17140 15169 15170 15177  5252
 6914    3845  3818  3891  4008  21745 16698 15466 15463  7288 15462
 6915    2833  3036  3367  3427   4448  4452  6196 18228  6195  4451
 6916    3435  3136  3759  3840  12939 12936 18471 13943 16919 12937
 6917    1833  2971  3568  3885  15107 22535 11461 17598 16601 13973
 6918    2541   948   389  3987  22548 16485 22549 22550 22551 22552
 6919     231    58   351  3739   5930  5928 21889  7966  7963  5929
 6920    1372   228  1379  3180   9977 13634 13632  9976  9973 22553
 6921     577   478  1837  3630  22554 22555 22556 22557 22558 22356
 6922    3115   353  2143  3639   8912  9084  7445 18179 18177  9085
 6923    1330  1971  3568  3885  15107 19010 11942 11944 19012 11941
 6924    2514  3153  3524  3525  16059 19304 14663 14686 19303 22559
 6925    2955  2757  3585  3800   7598 14250  5423  7987  7985 17159
 6926    1361  1439  2476  3421  21072 12424 11977 21743  7955 21074
 6927    3420  2435   838  3535   7032 17383 20427 21957 20428 22560
 6928     488   474  2381  3731  12390 12387 20218 22424 15289 12388
 6929    2669  2785  2869  3123  12142  9126 21363  9256 22561 15844
 6930    2755  2634  2840  3756   9935  9853 13195 14187 14189 13816
 6931     379   493  2582  3923  18158  8294 22562 18163 18159 22465
 6932     422   496  2763  2828   8897  7661  7839 12231  7838 12229
 6933    2642  3040  3468  3747  13827 18407 22563 13828 13030 18406
 6934    2484   243   619  2988  16001 18609 22564 16000 15998 18610
 6935    1450  2428   989  3308  18070 10398 21968 22565 21967 22566
 6936     172   524  3374  3948   5324 13222 19281  6512  7497 19213
 6937     758  1662   918  3996  11592 10930  5405  4805 10928 11596
 6938    2975  3181  3266  3639  13903 20685 14957  7088  8911 20737
 6939    1232   779  1231  3635  17086 14700 22567 22568 22569 17090
 6940    1579  1857   762  3917   8918  8917 12266 22570 12265  8921
 6941     637  1520  1221  3831  11833 22571  7439 22522 22474 22572
 6942    2753  2698  2960  3923  21489  8487  8485 22573  8484 21700
 6943      58  2336  3243  3739  20338  7963 22574  9488 22575 22576
 6944    3217  1770  3440  3936  20646 20648 18564 18563 20458 15257
 6945     199  1916   231  3739   5928  8147  8145 21890  8144 18265
 6946    2769  2909  2972  3284   5937  6397 13739 16042 20893 22127
 6947    3134  2650  3423  3541  17354 16224 13238 16658 18151 14717
 6948    2471  1605   923  2923  20243 13323 21725 20244 20245 22315
 6949    1323  1320  2933  2984   8955 22577 22578 22579 17236 22580
 6950    2900  2961  3307  3545  13467 16929 15144 13470 13468 13600
 6951    2926  3187  3307  3805  12557 13490 18686 12560  4960 12308
 6952    1863  1720  2461  2915  21972 20332 22581 22582 20168 21970
 6953    2399  2231   744  3730  16216 20346 20345 22583  9205 14404
 6954    1373  2130  3905  3922  19939 22584 22585 21998 19924 22586
 6955    2428  2673  1163  3308  15589 21967 22303 11710  6922 22587
 6956     230  2010    95  3914  22588  4653 22589 22590 21642 22591
 6957    2042   280   873  3029   8269  8268 22592 20780 13653  8272
 6958    2616  2674  2685  3197   4787  4791 22593 22594 11515  4790
 6959    1668  2497  3270  3874   9045 22595 22596 13396 13394 22597
 6960    2879  2931  3186  3209   8149  4953 18523 16167  9350 19797
 6961     445  2745  3149  3802  12035 12039 17202 22598 15918 12038
 6962    3999  2506  3023  3022  22599 18999  7683  7688 16843  7684
 6963    3377  3045  3467  3898   9870 12466 21213 16492 16491 22043
 6964    1553  1083  3148  3157  14095 20858 15742 14097 12665 20742
 6965    1685  3563    81  3630  22600 21337 22601 20803  9368 22602
 6966    2021   369  3436  3599  15062 22603  8684  8681 22604  8680
 6967     153   272   798  3734  22605 14756 22606 22607 22608  7551
 6968    2992  1568  2993  3874  17369 17372 19857 22609 14039 17371
 6969     602  2480  3295  3473  17641 18554 22610  5800 10369 20012
 6970    2637  2859  2892  3321  10782  9141  9139 21754  9138  4523
 6971     688  1329   518  2840  12649 22611 22612 22613  9939  7025
 6972     120  1073  2550  3258  19073 10972 10970 14270  7185 19075
 6973    2866  2903  3033  3321  19646  6878  6882 21469  6877 22485
 6974    3249  2172  3545  3805   6213 12559 20195 11771 10820 16931
 6975     513   712  1664  2917  10655 21333 18735 13726 12864 21332
 6976    2975  2585  3115  3639   9084 20685 10910 10912 20688  5506
 6977    1103  2202  1001  2955  12065 10683 22276 17940 17163 22614
 6978    2325  1839  2867  3219  14076  7056  7059  7575  7060 20591
 6979    2812  2904  2949  3477  21872 10446 14353 14351  7714 14354
 6980     393  3118  3711  3934   7805 19925 19927  7810  7806 19771
 6981    2849  2776  2947  3380  22463 22615 22026 14996 22616 20287
 6982     180  2382  1768  2764   6255  8503 15307  6259  6256 22617
 6983    2169  1770  2578  3440  20649 20915 22618 21406 18563 20914
 6984    3254  3622  3727  3962  19920  4646 16993  5991 16990 10254
 6985    1677  1374  1535  2855  14490 21075 15479 14491  6342 22619
 6986    1712  1408  2260  3600  13291 10510 22620 22621 15469  7395
 6987     850  2420  3984  3985  15043 15046 16531 22622  6176 15045
 6988    3039  2595  3301  3997  14293 15378  5120 14392 14017 18835
 6989    2072   573  2991  3074  13335  8612  8609 22623  8610 22624
 6990    1685    81   478  3630  22558 21337 22602 22625 22600 22626
 6991    2683  2932  3625  2756  22627 11523  6406  6409 19279  6407
 6992    1949  3652  3846  3910  22628 22629 22630 14456 22631 14671
 6993    3183   680   908  3569   4617  9206 20643  4618  4620  5660
 6994    3393  1918  3657   817  14965 10548  4039 20881 14599 10870
 6995    2758  1889  3133  3931   7997 22632 21977  8002  7998 11961
 6996    3329   608  2198  3632  18572 10234 10237 22633 10238 10153
 6997    3882  2455  3895  3917   4729  4733  4737 11143  4738  4732
 6998    3363   972   551  3641   9375 13474 18336  9379  9378 13473
 6999    2588  2965  2991  3074  13335 13338 11490 17235 16237  9854
 7000     750   161   162  3492  18324 18323 22634 22635 22636  4822
 7001    3179  1043  3231  3495   8799 11083 11084 18997  6495 19055
 7002    1082   533  2633  3260  18245 22637  8510  6234 18246 18498
 7003    1067  3235  3313  3565  10839 19229 22638 18866 21509 12940
 7004    1900  2817  3207  3589  12738 19827 21030  4703 11775 21031
 7005     738  2563  2411  3579  22639 10201 10199 22640 10198 22641
 7006    1528  1044   861  3637  19134 19131 22642 18966 21795 19132
 7007      95  2010  2476  3914  21744 22588 22590 22643 21642 22644
 7008    3081  3577  3642  3854   6939  8206 10217 14066 10597 13851
 7009    3117  3365  3707  3959   4364 21225 21228 15014 15012 15675
 7010    1643  2126  2849  3914   4656 22645 20236 20233 22646 15303
 7011      98   825  2794  3153  15883 19098 22647 22648 22649 12196
 7012      86  3565   420   119  22650 11077 11073 19284 11074 19283
 7013    2867  2036  3219  1487  14956 12085 12088 14955 12086 14076
 7014    2233  1386   509  3601  18056 21400 22651 22652  7898 22653
 7015    2884  2738  3057  3128  11828 11831  9806  9803  8189  9802
 7016    2976  2860  3259  2658  15248 12092 22654 16997  8096 15250
 7017    2899  2894  3060  3725  18195  8349  7558  7556 18327  4998
 7018    2967  3145  3239  3637  20661  4605  4609 22655  4604 22656
 7019    3088  2707  3265  3542   4241 10611 10609 11755 10610 14012
 7020    3326  3096  3798  3931  22657 18549 22658 10744 22659 16668
 7021     643  3117  3913  3320  19619 22126 21575 15173 10588 16170
 7022    2476  2010  1540  3914  21641 21744 22643 21646 21642 22660
 7023    1694  2287  2832  3603  11507 15520 22661  7465 11508  9129
 7024    2881  2907  3052  3561   9387 11688 11798  5339  9389 11689
 7025    2908  2879  3286  3859  20891 15158 12548 19407 13523 19406
 7026    3364  2797  3597  3653   5687 10232 22458 18042 18040 10231
 7027    2439   881   936  3266  16285 10061 18927 16284 11033 22662
 7028     717   797  2919  3109  11046 11326 11327 18880  4197 16651
 7029     172  2088  2978  3408  11907 11904 13221 19674 16464 11905
 7030    2078  1736  1622  2940  10249 17139 13662 22663 21240 17138
 7031    2695  2696  3496  3712   6950  5245 12526 12528 15647 12525
 7032    2941  3029  3660  3928  17560 22664  7663 19851 12135 22665
 7033    1785  2144  2915  2983   7006  7004 12969 20299 12970  7003
 7034    1797   816  2557  3994  22666 21348 22667 22668 22102 22669
 7035    3783   480  3175  2396  21703 22670 15722 22671 22672  6666
 7036     353  3115  3311  3639  15242 18177  7445  7447  9084  6072
 7037    2065  2325  2867  3219  14076 22335 22673 20591  7056 21192
 7038     960  3264  3849  3879  18032 19294  6803  8825  5970 13790
 7039     294  1749   502  2887  12961 15074 15071 22674 15072 19802
 7040    2795  2944  3254  3331  17078 22675 19270 16991  4564  9270
 7041    3015  2789  2046  3943  20368 16561 16687 20369  9898 22676
 7042    3266   229  3268   936  14573 16285  9266  9263 16834  9267
 7043    2279   395  3326  3732  14407 22677 19588 21682 21683 18853
 7044    1693  2181  3619   579   9396 11996 22678 12219 22679 11993
 7045    1027  2131   151  3189   4671  4533 17176  4672  4674 19671
 7046    3252  2817  3408  3589  11547 11772 11774 12456 11775 12403
 7047    2681  2603  2824  3229  13613 13615 21715 21082  4764 13021
 7048    1903  1904  2793  2978  13572 13570 18037 21264 16767  9145
 7049    1806   892   940  3734  20324 20676 22680 22681 22682 22683
 7050     351  1388  2800  3615   8935  8932 22684 22685  9051  8933
 7051    1716   966  2743  3786  19312  8866  7341  7343 18345  7340
 7052    1909  3146  3417  1075   8567  8568 15962 20048 15963  8570
 7053     282  3420   838  3535   7032 15138 22534 22560 17383 22686
 7054    1171   594  2789  3047  10131 12157 12155  9902 12156 12884
 7055    2932  1324  3038  3625   6404  6409 21966 14133 17315  6405
 7056    2907  1370  2913  3658  16743 19269 10921 16746 16744  4916
 7057     452  1388  2189  3615   5835 22234 22687 22688  9051 22689
 7058     206   255  1509  3605  10337 14086 14084 10338 10340 22690
 7059     563  1526  3056  3770   5676 21661 21660  5681  5677 22691
 7060    1560   785  3555  4014  11313  4911  8759  8761 11315  8758
 7061    2931  3060  3190  3726  13145 20352 11474 20787 22692 20435
 7062     194  1575  2147  3399  17195 14512 22693 20227 20225 17060
 7063     852  2553  3550  3983  22029 22694 22695 18416 22030 21384
 7064    2489   187  2316  2950   5128  5125 22696  9153 19786  5129
 7065    2200  1827   125  3636  14617 22697 22698 14616 14619 22699
 7066    2954  3055  3481  3657   9179 10869 20531 20681 20822 22700
 7067    3416  3086  3719  3894  22701  4322  4325 19880  4326 18791
 7068     703   893   212  3418   5706  5705 22702 19429 14977  5710
 7069    2454  2309   727  3334  14521  6109 18457 21988  8341 22703
 7070     262  2447  3323  3941  12006 17223  4513 17039  5724 13856
 7071    3170  3407  3814  3963   4225 20485  8321  5153  5149  8320
 7072    1731  2267  2919  3138   4834 11292 22704 11045 18525 14263
 7073    2661  2720  2831  3612   8170 11729  8586  8171  8173 20748
 7074    3722  3738  3819  3889   4508  5102  5100  4507  4509 12475
 7075    2731   664  3360  3913  15172  8356 22705 14080  6247 15174
 7076    1423  2179  2816  3612  14975 15097 15098 21456 12690 14532
 7077    2864  1016  3251  3269  19708  9592 21427 19707 19710 15550
 7078    2354  2735  3831  3953  22472 22706 22707 22708 18702  6551
 7079    3036  2426  3427  3679  11476 22709  6307 11540 20431  6195
 7080    1099  2364  2813  2951   4141  4139 16925 10119 22710  4138
 7081     892  1806   292  3734  20675 22682 22680 20679 20676 22711
 7082    3665  3758  3832  3929  10430 14580  4328 10435 10431 14276
 7083    1125  1485  3423  3541  17354 17358 22712 16367 18483 17357
 7084    2269   286  2345  3215   5703  5700 22713 13950 10010  5701
 7085    2068  2021  3436  3599  15062 13946 20939  8680 22603  9877
 7086    1589  2879  3286  3630  22714  8634  8638 19407  8633 13440
 7087    1215  2269  2264  3215  17218 13577 22715 22716  5700 22717
 7088    2955  2323  3486  3791   7289  7293 17414 18362  9275  7292
 7089    2495   162  3041  3539  13993 18094 14823 14825 16259  9117
 7090     762   274  2537  3917   7209  8918 22718 20037 20038 22719
 7091    3850  3919  3986  4007  15896 15899 22720 22721 22722 15898
 7092    1634  1635  1692  3250  13703 13702 14486 17042 14487 13707
 7093     443  1983  2052  3928  17015 17012 20937  8927 12134 17013
 7094    1536   514  2331  3678  19722  7147 21444 22723  6848 19721
 7095    1197   762  2537  3917   7209  7213  8919 22719  8918  7212
 7096    2844   639  2897  3055  17072 15757  7821  7818 22724  7817
 7097    2688  2649  2951  3260  14993 14322 20625 14992 14995 21666
 7098    2590  2836  2838  2941  18682 22725 22726 18681 12107 22727
 7099    2955   556  3791  3800  21716 14250 17161 17412 21717  7293
 7100    2373   420  3245  3565  17861 12414 16321 16318 19284 16317
 7101    2132  3173  3741  3814   4222 18001 19900 21586 15830 21584
 7102    2900  2799  2961  3174   9385 12328 12325 22728 12326 15144
 7103    3672  3267  3810  3908  20083  6000  9677 21260  4169 12887
 7104    2126   230    95  3914  22588 22646 22729 22591  4653 22730
 7105    2177  2482   292  3734  20675  8851 22731 22732 14754 20678
 7106     954  3758  3833  3976  14260 15050 22733 21928 22734 15049
 7107     114  1890   979  2892   7729  7728 22735 22736 20623  7733
 7108     451  2438   673  3632  13961 18414 22737 22738  8545 17145
 7109    1981   261  1185  3606  16457  5086 22739 16458 11823 22740
 7110    2677  2686  2716  3402  22741  7085  4717 10893  7084 20613
 7111    2118  2545  3698  3737  11741 21516 22742 19148 19149  5095
 7112    2641  2775  2879  2989  17826 22743  9320 18524 11778 12552
 7113    1203  3158  3186  3563  17635 16734 16019 17638 16733 21218
 7114    1558  1511  3467  3898   9870  8889 22744  9781 20247 15504
 7115     685   474  3393  3893  19950 12178 22745 20215 15286 21117
 7116    3808  3542  3924  3970   6365 22746 22747 18750 15631 19345
 7117    2335  2217  2779  2983  14716 11850 20359 20357 18727  9718
 7118    2915  1863  2982  3601   8309 16374 20332 20331 21971 14818
 7119    1732  2573  1738  3659  20228 22748 22749 20232 20229 22750
 7120    1165  1938  2384  3432  14007 12672 22751 14805 14807 22752
 7121     171   524   523  3408  22753 16460 19282 20522 11552 20253
 7122     742  2911  2917  3424   8672 22523 22754 10539 10535 14140
 7123    1797  3983  2383  2555  22755 22756 21346 21349 22757 21347
 7124     683  2482  3649  3898   5196  5200 18410 14757 22758  5199
 7125    1055   105  3551  4001   4388  8087 17692 13085 17451  8086
 7126     664   665  3622  3913   6243  6247 22759 13800  8360  6246
 7127     762  2245  2539  3917  22760  8918 10079 22761  4735 22762
 7128    2735  2708  3831  3953  22472 18702  7099 22763 16738 22708
 7129    2171  2422  3211  3215   4947 10013 21933 22310 21934 10012
 7130    1404  2196   139  3236  21668  8424 22764 13501 11660 22765
 7131    2824  3229  3439  3715  12593 15560 13613  6170 21550 20520
 7132     714  3531  3694  3899   6329  9983 13687 13683 22766 13682
 7133    1949   529  3810  3846  11341 14671 14669 22200 14668 22767
 7134    2732  2683  2782  2878  15660 15663 10514 20732 22768 15662
 7135    1061   262  3323  3827   7113  4602 14156 13856 20644 18691
 7136    1500  2295   530  2747   8963 20802 22178 11219 11216 20801
 7137    2901  2835  2937  3151  17438 17435  6778 22769 22770 17436
 7138    2130  2142  3921  3922  19936 19924 19347 22771 19923 21999
 7139    1151  3555  3714  3954   6794 22487  7494  7491 19351  7495
 7140     230  2126  1643  3914  22645  4653 22729 20236 22646 19376
 7141    2657  2717  2838  2843  19089 19221 22272 22772 22773 22774
 7142    1873  1988   386  3942   5575 17297 17300  5574  5571 22775
 7143      39   635  3282  3471  20700 16780 22776 18208 21198 20701
 7144     643   480  3320  3913  19619 16170 20709 22777 15719 22126
 7145    1295  1294  3065  3305  12482 22778 22779 12487 12483 22780
 7146     513   512   712  3885  22781 16603 16602 22782  8715 18735
 7147    1588  1115  1162  3656  19464 17329 21123 15901 21590 22783
 7148    2367  2126    95  3914  22588 22784 11228 22730 22646 22785
 7149    1389  2460  2485  3401  11501 11499 17766 22786 17080 11500
 7150    1765    74  1094  2673   9343  4099 22787 21187  7864 22788
 7151     386  2135  1873  3942  17297  5575 22789 22497 12790 22775
 7152    2146     4  2820  2827  13043 19882 16248 22790  6929 22791
 7153     144   955  3107  3991  22479  6977 22792 22480  9808 22793
 7154    3181  1698  3266  3639  13903  8911 21913 21286 16405  7088
 7155    2967  2984  3098  3239   4118 22656 13272 11488  5528 12885
 7156    2029   246  3299  3387  11615 20584 20583 22794 16692 22795
 7157     424  1201   211  3137  11844 19189 19190 22796  6347 22797
 7158    1749     8  1334  3185  21896 16113 16866 21895 12810 22798
 7159    1823   169  3782  3807   5166  5170 19789 17570 19790  5169
 7160    2650  3134  3423  2629  14718  7718 13238 14717 13239 16658
 7161    2708  2695  2718  3272  13091  9172  9171 20400  5249  4839
 7162    2693  2830  3282  3471  20700 18082 22799 11560  7903 13012
 7163     298  1352  2928  2990  15222 22800 22801 22802 22803  7484
 7164    1938   468   113  3204  15232 18313 22804 18305 18304 18312
 7165     332  1191   602  3295  20012  4746  5105 17408  5104 22805
 7166     688  1065  1968  3161  22071 22806  7024 22073 11388 22807
 7167    1520  2354  3831  3953  22472 22475 22521  6551 22706 22474
 7168     384   466   967  2678   7237  7236 17859  6326 17857  7241
 7169     322  1805  2540  3428  13760 19512 22808 21722 21547 19511
 7170    3285  2020  3377  3678  21212  4046 22809 21214  6849  8100
 7171    1431   621  3349  3619   5791  7988  7991 14934  7992  5889
 7172    2670  3092  3308  3584  10393 19291 15389 17581 17580  6919
 7173    1022   368  3452  2015   6254 11150 20518 15640 22810 20517
 7174    2822  2828  2923  3222  16411  4570 18577  8285 15104  9761
 7175    1977  1876  3452  3662  22811 19037 19040 20516 19041 22286
 7176    2142  3633  3847  3922  22812 19923 21106  9579 19146 21107
 7177    1132  1514   528  3996  22455 18182 22813 14099 16038 22814
 7178    1588   677  2453  3656   4844 17329 22815  6863  6865 22816
 7179    3391  1595  3678  3827   4598  9799 20150 12927 16327 20807
 7180    2166   736   993  3495  11601  8802 22817 21324 18996 22818
 7181    3384  1007  3856  3858  15950 17085 22819 22820 21167  4484
 7182    2482  2177   153  3734  14756 14754 22731 22821  8851 14755
 7183    1926   620  3626  3725  18194 18724 20472 20469 22015 20468
 7184    2459  1589  3286  3630  22714  8637  8635 13440  8634 18508
 7185    1016  2864  3251  3795  19709 19706 21427 15550 21423 19707
 7186    1206  2375    91  3074  22822 20550 22823 14220 18848 22824
 7187    3196  3085  3616  3861  13243 19520 13806 21184 19521 10429
 7188    1392  1796  1797  3994  21348 22825 22826 22827 22828 22829
 7189    2691  2676  2648  3932  18046 22830  9337  9340  9574  9338
 7190    1332   891  3332  3646   5734  5352 21739  5735  5737 22831
 7191     748  2039  2828  3222  15104 15106 22832  8289 16412  7837
 7192    2886  1387   232  3438  15113 15223 21026 22833 13896 16899
 7193    2351  2413   909  3202  14614  9077 22531 14791 22383 22834
 7194     716  1441  2098  3380   5712  8435  8438  5713  5715 18460
 7195     867  1210  2987  3034   9829 14091 13893 17142 21526 21784
 7196     117    32  1129  2968  15946  4922  4920  7833  4693 22835
 7197     843   573  2353  3861  13244 14472 20581 15817 15818 22836
 7198    1308  1315  3686  3728   9355 22837 22838  9358  9356 22839
 7199     980   634  3269  3347   9591  7629  9820  9818 12636  9821
 7200    2592  2844  2954  3055  20531 20529 15206 22840 15757 19150
 7201    2564   130   131  3688  19094  7349 19231 19093 19096 22063
 7202    2988  2754  3032  3041   8012  8015 21567 19791  9064  8014
 7203    2173  3621  3688  3920  19091 20096  8103 12499 18287 22062
 7204    1153  3723   566  2285  20274 22841 22842 20272 17741 16677
 7205      53  3294   378  1090   9500 22843 16575  9497  9496 16576
 7206     610  1820  1892  3269  17104 16111 22844 22845  8959 21868
 7207    3000  2872  3001  3153  20564  7127 18522 19822  7068 19821
 7208     661  2372   663  3101  11086 11468 14917 11087 11089 15251
 7209    1712  1924  2087  3120  22846  7390  7393 22847  7394 22848
 7210    1533  1896  1897  3579  15449 20984 22849 22850 22851 22852
 7211    1160  1581  2915  3138  10366 10363 22853 22854  8200 10364
 7212      46  1795  3187  3296   4961 22855 18953  6563 22856 15949
 7213    1475  1839  3219  3961  15076  7509 21242  7060 14628 21220
 7214     170  1030  3169  3608   5467 16280 20044 12041  8500 16279
 7215    2988   696  3032  3421  12594 11249 16908 11157 16431  8014
 7216    2672  2796  2853  3289  20960 13150 15877 15874  5469 14960
 7217     623  2884  3729  3829  11885 22459 22857  8165 11886  5310
 7218    2651  2700  2743  3131   5072 10805 10144  5538 10649  6378
 7219     839  1509  3605  3620  15437 18975 10341 10337 18977 10336
 7220    3002  3001  2872  3153   7068  7066 22858 19822 20564  7065
 7221     607   654  1981  3612  12687  4705  4708  5085  4709 12691
 7222    2772  2690  2785  2869   9256 14347 21904 22859 18985 14348
 7223    2708  3409  3831  3953  22472 16738 16741 22476 16737 22763
 7224    3394  3219  1839  3961  14628  9691 14073  7060 15076 13781
 7225     416  2008   181  3797  10557 10554 22860 22861  7276 10555
 7226     582  1470  2673  3308   6922 19893  5033  5030  9100  5034
 7227     656  2096  2870  2990   9962 15562 11821 11817 22210 11816
 7228     959   952  3665  3758   4328 18219 18216 22862 18217 22863
 7229    3501  3369  3499  3610   5982  5986  7190 19732  4417  5985
 7230     114  2387  2816  2892   4522  7728  7731  7916  7732 14534
 7231    2975  3115  3181  3639   8911 20685  5506  9086  9084 14957
 7232    3055  2844  3481  3996  10927 15754 15757 17767 15758 20681
 7233    1809  1349  2828  3181  11275 21318 21319 22864 21109 20962
 7234    2662  2665  2700  3185  21679 15680 15684 11446 14082 10142
 7235    1355   338  3143  3611   8258  9993 14031  8262  8259 22865
 7236    1225  1121  3164  3669  14702 11345 12704 22866 22867 20712
 7237    2383  3983   878  2555  22868 22755 21349 22869 22757 22870
 7238    3264  3221  3410  3991   7159  9807  5968 15915  9810 10960
 7239    3560  3117  3707  3959   4364 11381 10590 15675 21225 15674
 7240    3271  3118  3341  3934  18592  7809  7807 18595  7806 14317
 7241    3130  3241  3397  3398   6763 12069 13786  6314 22871 12068
 7242      51  2678  2875  3721  20539 11517 22066  7206 20844  9897
 7243    3055  3263  3773  3816   6416  6420 22872 15940  8491  6419
 7244    1595  1061  2016  3678  14457 12927 20467 14458  4601 22873
 7245     909   331  3067  3730   8092 10293 22874  8091  8094 10292
 7246    1626  1055  3167  4001   8252  8256 22875  7474  8087  8255
 7247     793  1641  3253  3346   4382 16889 22876 12331 22877 22878
 7248    3045  2870  3285  3391  21368 17966  5255  9442  8214 14308
 7249    3361  3388  3720  3764   4454  9521  9525 22879  9520 14499
 7250     213  3079  3253  3346   4382 22880 12728  4387  4383 15767
 7251    2606  2663  2897  3055  17072 22881  5872 14685 18825 14684
 7252    1806   940  2133  3734  22014 20676 22683 21259 20324 22882
 7253    2984  2934  3314  3366   6612  5531  8961  7654  7656 21799
 7254    2771  2639  3085  3861  19521  4762  4760 22883  4759 13807
 7255    3219  3394  1839  2867   7575 14076 14073 13781 13780  7060
 7256    2588  2682  2967  3098  12885 11492 13337  8627 12886 13274
 7257    2308  1392  2557  3994  22666 22884 22885 22886 22825 22887
 7258     514  2016  1226  3678  22888  6848 22889 20080 14457 22890
 7259    2175   986  3684  3800  14249 21849 17956 17955 18478 17957
 7260    3621   574  2351  3995   9075  8368  8371 22545  8372 12385
 7261    1336  2290   996  3823  15795  9284 22891 22892  8775 22893
 7262    1102  1101    80  3588  21414 11138 14212 22894 14208 21412
 7263     651  2801  3243  3739  20338 22895  5452  5449 21404  5453
 7264    1518   303   947  3100  22896 11571 11569 22897 11568 22898
 7265    2336   651  3243  3739  20338 22575 14453  5453 22895  9488
 7266    3376  1572  3723  3942  22899 12788  9198 22190 16853 21710
 7267     970  3183  3338  3601   8324  8328  8751  8748  7896  8327
 7268    2245  2219  2539  3917  22760  4735 13837 22900 22901 22761
 7269    2383  3994  1797  1796  22827 22902 21344 21348 22828 21347
 7270     762  1857  2455  3917   4738  8918 22570  7033 12265 10080
 7271    2138  1962  3355  3827   9708  8039  8043 12632  8038 22903
 7272    2219  2539  3917  3952  20035 21171 22900 22760 22904 22901
 7273    1514  1132   962  3996  16040 16038 22813 22905 18182 16039
 7274    2368  2452  2964  3243   5786 13749  9814  9816 15839  9813
 7275    3698  3287  3737  3876  19147  9921  9918 21800  9919 11741
 7276     117    30    31  3061   9303 21498 22906  9307  9304  4921
 7277     954  3879  3918  3933   7504  7502  8525  8522 22260  7501
 7278     734  2876  3176  3628  18106 21892 21450  8847 10883 21449
 7279     514  1226  2331  3678  19722  6848 22890 22530 22888 22723
 7280     462  3218  3369  3764  13256  4455 17396 13509 19382 14578
 7281    1262  2606  2663  2774   9038 15240  8640  5872  9039  5440
 7282    3169  2921  3251  3760  19845  5154 10186 13880 10187 22486
 7283    1441   699   849  3044  14525  5714 22907 20864 17585 20771
 7284    2724  2678  2875  2890   7207 13818 20909  7206  7208 13464
 7285    2806  1462  1916   828  22427  9015  9016 12479  9020 13514
 7286    2762  2839  2936  3067  16981 18401 22194 15924 18116 15327
 7287    3262  2905  3323  3355   9800 21243 21769 10937  9260 12004
 7288    3036   417  3139  3790   5907  6934 21265 14876  5745  6198
 7289     229  2467  3036  3268   9264  9263 17448  6936 19287  9268
 7290    3531  3532  3694  3899   6329 22766 17099 17101  9980 13683
 7291    2696  1903  2952  2978  12804 12399 18038 22908 13570 15005
 7292    3068  2800  3236  2963   4214 13913 13914  4218  4217  8906
 7293     466  1505  3106  3433  10378  6323 14927  9013 22909 10381
 7294    2455   838  1333  3882   9506  4737  7031 22910  7087  9508
 7295    2338  3462   583  3731  13429 15288  5809  5812  8518  5810
 7296     882  2089  3422  3995  10631  5593 21825  7530 21823 10632
 7297    2747  2719  3477  3540  12253  6782  5317  5313 16823  5312
 7298    2401  2452  2012  2964   9423  9812  9815 22911  9816 22912
 7299     176  3286  3494  3630   4752 21336  6294 13423 22714 13426
 7300    3075  3801  3905  3922  19939 22162 13866 22913 17639 20752
 7301    1067   592  2083  3235  14413 22638 19230 14412 14409 22914
 7302    3165  3094  3194  3649   5532 18268 20334  5537  5533  4658
 7303     463  2371  2749  3453   4978 19701 22915 22916 22917 12874
 7304     882   574  2391  3995  17929  5593 22918 22919  8372 22920
 7305    2824  2734  2849  3380  22615  5144 13779 22921 13778 22025
 7306      33   788    34  3306  18956  9472  9476  9664  9471 22922
 7307     307   642  2362  3609  11065 21359 22923 11064  6456 15384
 7308    2476  1540   436  3914  21990 21744 22660 11865 21641 21989
 7309    2817  2874  3252  3475  18084 12792  7263  7123  4940 11774
 7310    1024   608  2438  3632   8545 18412 22924 22925 10238 22926
 7311       4   421  2827  3103  16278 22248  6930  6932  4492  6929
 7312     459   491   807  3730  22350 11397 22927 22227 10291 22352
 7313    2989  2458  3209  3383  16271 14790 22928  4957 16272 17827
 7314    1154  3007  2646  2239  13521 22929 21290 11211 13522 21289
 7315    2981  3293  3579  4021  15444 12981 22930 22931 20180 22932
 7316    2560   670   671  3213  21946  9111 13035 21159 13034 21945
 7317    1296  2683  2732  2878  15663 22933 11524 10514 22768 11525
 7318     459   909   491  3730  10291 11397 22934  4336 10293 22927
 7319    3050  2919  3216  3659  22935 22936 17403 18206 22937 22938
 7320    1024  1049  1071  3419  18574  4798  4802 22939  4579 22940
 7321      83   843    72  3861  20159  8351 22941 22942 14472 22943
 7322     874   386  3942  1153  16676 16673  5573  5575 22944  5572
 7323     300  2316   773  2950  12362 12361 22945 22946  5128 12365
 7324    3472  1012  3729  4033  19420 19317  5311  5307 16816  5306
 7325      95  2476  1439  3914   7956 22588 22644 21743 21744 22947
 7326    2861  2766  2954  3731  13359 13846 21215 17672 11721 20056
 7327    2784  2921  3100  3599   4929  4933  8832 15063 11333  4932
 7328    2713  2609  2921  3795   5550  5554 18774  6611  6607  5553
 7329     774    75  1429  3219   7057 22332 22345 22948  7981 22336
 7330    1153  2135   386  3942   5575 16676 16896 22789 12790 22944
 7331    1806    86   564  3734   8852 20676 22949 18948 18949 22950
 7332     593  2047  3056  3083   4085 15388  7960  4084  4087  7959
 7333    1309  2631  2737  2784  20754 20494 19048 15349 20492 21864
 7334    2426  2048  3427  3679  11476 20431 18500 11477 11479 11540
 7335    2919  3200  3216  3401  17084  4835 12853 21954 11498 18206
 7336    2805  2920  2948  3883   4416 10780 10778 16725 10777 12298
 7337    2889  2612  3272  3457   5286 22951 22952 19177 19178  7336
 7338    1035  1099  2364  3048  10120 10117 22953 16925  4140 10118
 7339     904  1336  1070  3823  15792 10319 10322 22954  9284 18505
 7340    3714  3407  3869  3968   6013 12101 17044 12897 18900 12491
 7341    1336  1547  2290  3823   8775  9284 22955 18570 18571 22891
 7342     665   664  2731  3913   8356  8360 22759 22705  6247  8359
 7343    1392  1797  2557  3994  22666 22825 22829 22669 21348 22886
 7344    1924  1925  2088  3120  21234  7394  8747 19672 10030 22956
 7345    1587   653  2802  3184   5107 15157 10657  5112  5108 10658
 7346    1441  1523  3044  3380   5711  5715 22957 20849 17780  5714
 7347     643  3360  3117  2363  15827 22041 16169 15175 22958 21575
 7348     798   272  3313  3734  10836 22605 22607 12943 22608 22254
 7349    2045  1066   237  3632   8548 10235 22959 14796 14798 22960
 7350      82   752  2901  3073  17439 22252 22961  9530 21557 22962
 7351     153   798  3194  3734  22963 14756  7551 18713 22605 22964
 7352    2507  2502  2701  3528  14397 22965 20955 14396 14398 11638
 7353     451  1024  2438  3632   8545 18414 18413 22926 18412 22737
 7354    3194   798  3313  3734  10836 22963 18713 22254 22605 10167
 7355    3796  3168  3814  3998   5577  5581  9069 15832 15828  5580
 7356    2066  3247   890  3588  11140 16632  6507 17135 17136 16631
 7357     955   957  3317  3991  22478  9808 22355 22966 22354 22481
 7358    2622  3081  3191  3577  13215 21749 22967 19121 10217  8057
 7359     480  3783  3175  3913  12408 15719 15722  6666 12407 22671
 7360    2174   144  3107  3991  22479  6978  6424 22793  6977 11898
 7361    1419   230  2910  3914   4652 22484 17908  4657  4653 10388
 7362     230  1643  2849  3914   4656  4653 19376 15303 22645  4654
 7363     816   224  2557  3994  22666 22102 22100 22968 22099 22668
 7364     224  2308  2557  3994  22666 22099 20740 22887 22884 22968
 7365    3463  3129  3547  3994  22969 19757 19760 22970 19761 22971
 7366    2686  2035  3269  3608   5463  5349 10891 21579 22972 16511
 7367    2805  2641  2920  2982  11848 17995 15284 22973  8314 10778
 7368    1690  2268   724  3612  22974  4706 10624  9331 10623 22975
 7369    2960  2698  3220  3923   8483 21489 22573  6580  8484 11069
 7370    1846  1305   560  3571   7974 15717 15715 22976 15714 22977
 7371    2777  2616  3146  3417  20048 12109 21277 22978 13698 22979
 7372    2438   257   673  3632  13961  8545  8549 22980  8544 22738
 7373     246  2029  3364  3416   4327 16689 20583 20993 20582 22981
 7374    2438  2045   237  3632   8548  8545 22982 22960 10235  8546
 7375      63  1771  2898  3613  22983  7879 22984 19103 22985 10400
 7376    3340  2860  3410  3991   7159  7163 13953 10959 13834  7162
 7377    3199  2926  3299  3868   9445  9449 11016 11620 11015  9448
 7378    1416  3856  3858  3863   4309 20682 22986 15950 15952  5326
 7379    1567  2113  1593  3990  19622  6953  7911 22987  7910 12826
 7380    2383  1796  3547  3994  22969 21344 22902 22988 22828 22989
 7381    1796  1392  3547  3994  22969 22828 22826 22990 22825 22988
 7382    2010   230  1419  3914  22484 21642 22589 17908  4653 22991
 7383    1567  1704  2306  3990   6956  6953 22992 22993 22994  6954
 7384    3358  3545  3875  3912  22995 22996 19009 20193 15702 22997
 7385    2323   782  2006  3791  18361  9275 13537 22998 13538 18359
 7386       2   246  3364  3416   4327 16691 16690 22981 16689 22999
 7387    2739  2685  3297  3417   8708  8712 19447 20631 20629  8711
 7388     433  2422  1164  3211   4952 14378 23000 23001 22310 14379
 7389     996  2290  2834  3400   8776 15794 22892  7890  8778 23002
 7390     586  2096  1913  3123  23003  7929 23004 23005 22209 23006
 7391     716  2098  2947  3380  22463  8435 18460 18459  5712 11226
 7392      10    11  1093  2665  21251 11448 23007 21250 21252 23008
 7393    1751  2343  3321  3930  17642  6832 22488 15988  4407 18969
 7394    2381   128  1147  3731  23009 12390 23010 19887 21826 20975
 7395     459  2231  2560  3730   9204 11397 23011  9201  9205 11396
 7396    3307  2961  3653  3868  13397 12309 13470 13398 13389 13599
 7397    2674  2616  2685  3417  20629  8709 22593  4790 13698 22594
 7398    2674  2685  2739  3417   8712  8709 22594 19447 20629  8710
 7399    2743  2845  2867  3786   8862 19312 15427 19752 16288  5076
 7400    3460  3841  3869  3964  12516 18842 14181 14179 16484 14178
 7401     131  2173  3688  3920  19091 19095 22060 22062 20096 19094
 7402    2306  1704  3123  3990   8212  6956 22993 23012 22994  7926
 7403     894  2309  3098  3637   8339 20664 10917  8340  8342 10913
 7404     451  1620  1024  3419   4798 11497 21389  4799  4801 18413
 7405     459   744  2231  3730   9205 11397 22351 22583 16216 23011
 7406     179   309  3405  3967  19204 20086 20088 23013 20089 15953
 7407    3213  2230  3696  3730  16215  8032  9114 23014  9203 22359
 7408     176  2459  3286  3630  22714 21336 18509 18508  8637  6294
 7409    1993  1685   176  3630  21336 21360 22064 21339 21337 13425
 7410     504   749  3381   132  17774 23015  9595  9597 17776  9594
 7411     909   459   331  3730   8094 10293 22934 11395 11397 22874
 7412    2867  2845  3394  3786  14937  8862 19752  5908 16288 13780
 7413    2849  2824  3044  3715  17582 21552 22025 20831 15560 14522
 7414    2095   110   617  3211  21576 15539 15537 22311 15536 23016
 7415    3170  3298  3904  3956  20486 20484 23017 13164 23018 20483
 7416      52    53  3294  3615  16574 17773 20220 16575  8490 19374
 7417    2459  1685   478  3630  22558  8637 21338 22626 21337 23019
 7418    2392  1305  3431  3571  19331 22094 20008 19402 15714 20007
 7419     478   577  2459  3630   8637 22558 22556 14743 22555 23019
 7420    3476  3191  3596  3967   6894 20330 13214 19309 21084 20329
 7421    3165  3232  3245  3565  17861  8646  8650  6515  8645 10707
 7422    2085  2095   617  3211  21576 19940 22302 23016 15539 21577
 7423    1932    38   720  3471   8664 16784 16782 23020 16781 23021
 7424    2703  1083  2728  3148  14096 20741 15744  9214 14097 18105
 7425      76   179  3476  3967  20330 19949 20091  9603 20086 20934
 7426    1174  1596  2758  3410  17802 23022 16590 17801 17803 23023
 7427     410  3023  3022  3999  18999 23024 23025 22599  7684 23026
 7428    1888  3528  3527  2701  12900 23027 23028 23029 14397 10471
 7429    1947   641  1134  3206   4191 11927 11924 23030 11925 20925
 7430    1822  2042  3177  3680  18282 12313  6218  6220 14356  6217
 7431    3218   462  3388  3764   9520 19382 17396 21676  4455 15583
 7432    1366  2857  3115  3181   9086 19995  8109 11224 11274 19994
 7433    1252  1471  1255  3812   7742 11705 11703 23031 11704 23032
 7434     786   787  3031  3484  11469 23033 18074 17433 17431 18075
 7435    2577  2185  2186  3450  22408  5768 18813 16214 18812 23034
 7436    3129  1775  3290  3463  19762 19760 21245 23035 21246 19759
 7437    1368   977   884  3206  21180 21276 21275 21181  4190 23036
 7438    2675  3405  3426  3967  17708 19205 16793  6230 19204 10793
 7439    1572  1153  3723  3942  22899 16853 16897 22842 16676 22190
 7440    2948  1592  1212  3764  20652 20673  4613 19597 20290 19596
 7441    2141   917  1783  3687   6203  6575 20593 20788 15894  6574
 7442    3173  3740  3814  3977  17529 23037 21585  6067 21224 15830
 7443    2198   608  1071  3632  18575 18572 22633 23038 10238 18573
 7444    3529  2502  3611  3694  10165 10795 10798 22244 10799  7303
 7445       4  2746  2820  2827  13043  6929  6933 23039  6928 22790
 7446    1522    53  1090  3294   9496 21696 23040 22843 16575 21697
 7447    3374  3221  3858  3888  19921  7515  7513  4496  7512  5328
 7448    1172  2907  3351  3442  22187  6726 10925  9388  4917 17410
 7449    2641  2782  2879  3186  19797 19796 21692 23041 17736 12552
 7450    3423  3134  1485  2902  16366  5394 14717 18484 14720 16367
 7451    2862  1196  3316  3693  10086 11335 11336  8583  5595 11279
 7452    2681  3179  3231  3495   8799 18238 19056 19055 11083 11611
 7453    3634  3776  3810  3902  21981 17046 17050 16872 12850 19233
 7454     919   555  3068  3466   8348 15666 15669 16218 15665  4682
 7455    1263  1266  2679  2859  19462 13824 23042 19461 12539 23043
 7456    2915  2908  2982  3138   4836 10366 16375  8312  8617 14818
 7457    3305  3188  3328  3572   6226 18233 17406 11187 11183 17404
 7458    1725   612  1498  3616  18831 17679 17680 23044  5058 18147
 7459    1925  2978  3339  3777   9253  6087 12803 12802 16764  8623
 7460    1636  3755  3776  3902  12850 17049 23045 12849 12852 17048
 7461    2968  2796  3306  3558  23046 23047 22293 23048 16299 23049
 7462    1416  1007  3374  3858   5328  5326 23050  6514 21167  5325
 7463    1421   286  1350  3099  15424 10439 16275 20506 13949 16323
 7464    1011  3413  3869  3968   6013 16499 23051 12493 23052 23053
 7465    1550  1080  2871  2877   6788  6792  7490 23054  6629  6791
 7466     324  1405  1890  2892  20623 12047 18546 20622 10783 23055
 7467    1890   114   324  2892  12047 20623 22735 23056  7728 23055
 7468     507  1942  1010  3660   4266  4263 17097 17597 17094  4264
 7469    3144   194  3399  3552  14511 17606  4159 14512  7623 17158
 7470     262  1061  3323  3444   7111 13855 14156 18691  9903 13856
 7471     955   953  3221  3991   9810  9808 23057 19236 17261  9809
 7472    1153  2285   504  3723  22191 22842 22841 23058 17741 23059
 7473    2704  2664  3705  3722  18533  4894  4892 16779  4891  9483
 7474    2586  2587  2933  3111   8951  4146  5619 20971  5618  8318
 7475    3771  1064  3806  3886  14168 11786  6447 20237 23060  5978
 7476    2226  1322  1325  2933  23061 17271 21136 23062 21135 17713
 7477    2855  2764  2869  3656  12143 20563 16076 15845 17328  4795
 7478    2620  2641  3327  3761  13594  8858  4288  9322 21410 13597
 7479    1260   159  2749  3812  11232  7739 13788 12873  5718 13789
 7480     868  1172   988  2907  10922 23063 15582 10923 10925 23064
 7481    1384  1685  3122  3563   9372 19590 23065 23066 22601 23067
 7482    1478  1105  2801  3206  11802 11800  6340  6336 22442  6335
 7483    3073  2937  3458  3860   7849 20598 17437  9680 22220 22253
 7484    1530    94   338  3611   8259 10686 23068 20639 13714 19574
 7485    1388   452  2800  3615   8935  9051 22687 22237 22234 22685
 7486    2063  3420  2109  3444   5909  5913 17910 23069 21920  5912
 7487    1584  2401  2625  2964  15443 22059 17790 11305  9812 14251
 7488    2141  3687   572  3938  10008 18224  6575 10007 10006 18225
 7489    2496  2497  3270  3793  17874 20318 13395 13396 23070  9044
 7490     120  2429  2305  3258  23071 10972 23072 14419 13926 23073
 7491    2661  2774  2816  3693   4394 11730  6461  6458 13097  6462
 7492    2920  2627  3479  3610  19247  5409  6664 15083 19340 19248
 7493    2640  3665  3832  3929  10430 14581 14583 14276 14580 23074
 7494    3332  2768  3458  3621  15411 18289 14480 14478 23075  5738
 7495    2543   948   949  3987  20201  4428 23076 23077 22551 20202
 7496    2212  2211  2944  3708   5624 20786 21479 13138 22186 20785
 7497    3806  3771  3819  4005   4370  5980  5978 19859  5977 17634
 7498    1473  2183  2800  3615   8935 11628 11629 20611  8386 20610
 7499    1056  1031  1422  3459  20412 20403 23078 20413 20373 23079
 7500    2458  2879  3383  3859  16413 13524  4956 16273 13523 16272
 7501    2305  2346   120  3258  10972 23071 23080 22134 17343 23073
 7502     891  2568  3458  3646   5733  5737 11360 11358 14385  5736
 7503     600   555  1578  3068   8910  4683 16219 23081 16218 13349
 7504    1779    33    34  3306  18956 12427 12430 22922  9472 23082
 7505     234  1050  2767  3233  11555 11553 18376 20874 11676  5956
 7506    1508  1136  2904  2949  14351 19266 18005 14464 14466 18006
 7507     217  2043  3328  3727  12571 20465 16086 16088 12770 12966
 7508    2586  2761  3105  3111   5617  4146 20093 18366  8642  5620
 7509    2167  1885  3220  3923   8483  8291 12024 23083 22546 19127
 7510    1177  2135  1056  3459  20403  8970  8968 21237  8967 23084
 7511    1031  1056  1086  3459  20185 20373 23078 21238 20403 17055
 7512    3158  2842  3605  3620  15437 15439 15802  6316 13541 13996
 7513     280  2259  1983  3029   7681 13653 13651  7680  7682 23085
 7514    3214  2233  1803  3601  21397  7895 23086 21398 21400 19156
 7515     539  1954  2283  2968  23087 21499 21658 23088 12261 12012
 7516    2890  2711  3248  3342  15968 15042 16639  7920 16640 18553
 7517    1470  1365   676  3308  12680  9100 19895 23089 19894 23090
 7518    2089   108  3422  3995  10631 21823  7529  7526 15375  7530
 7519    2754  2613  3032  3564  11116 23091  9420 11585 11586 19791
 7520    2234   583  1549  3066  11414 13430 13428 11413  8334 17839
 7521    2708  2718  2735  3831  22708 22763  4839  5483 23092  7099
 7522     654  1911   471  2831  20926 23093 23094 22319 22318  5087
 7523    1546  2421  3666  3844   4178 10385 23095  4183  4179 10384
 7524    1913  2096  2990  3123   9960 23003 23005 22210 22209  9746
 7525    3221  2942  3777  3834  15781 15782 19234 10263 12184  9436
 7526    3362   207  3876  3882   9916 14966 16335 10032 22324 10559
 7527    2603  2676  2739  2809   7546 17026  6147 16314  8806 17027
 7528    2633   414  3093  3274  20954  5642  5645 18808  5646 18486
 7529    2771  3154  3196  3607  21544  8301  4761 10426 16475 13808
 7530     861  2315  1528  3145   8021 19133 21255  8020  8017 19132
 7531    2761  2729  2962  3111   4142  8642 11424  4147  4143  9532
 7532     448    50    49  2875   6698  8277 22224  4210  6699 23096
 7533     496  1349   987  3181   7093 12228 23097 21914 21109 23098
 7534    1708  1215  2264  3215  17218 13573 13576 22717 13577 23099
 7535    1105   373   641  3206  11925 22442 22443 23100  5383 23101
 7536     544   477  2886  3438  15223  4125 18367  9957 23102 21076
 7537     952  3665  3758  3976  22734 23103 22862  4328 14272 18217
 7538     954   952  3758  3976  22734 15050 23104 18217 23103 22733
 7539    2242  2063  3420  2109  23069 16099 18589 17910  5912  6044
 7540    2647  3060  3102  3190  20298  9226 23105 21146 20787 11351
 7541    1338   788   927  3491  14776 13127 23106  9474 14778 23107
 7542     254  1889  3133  3840  20028  8233  7999  8002 17470  8000
 7543    2962  2934  3102  3314  13826  4403  8630 11105  7654 11104
 7544     324   114  1185  2892  16459 12047 23056 23108  7728 23109
 7545    2708  2696  2952  3712   9187  9170 21455 15005 15647  9188
 7546    3499  2498  3498  3735   4116 18452 18450 23110 18449 22290
 7547    2540   348   349  3428  18971 13760 13758 18973 13157 19513
 7548    3405  2706  3426  3980   6227  6231 16794 10794 14980  6230
 7549    2321  3299  3387  3868  12307  9446  9450 11615  9445 11918
 7550    2655  1907  2893  3350  12564  7790  7793 12568  7794 23111
 7551    1754  1944  1555  3451  17933  8027 23112 17069  8166 22211
 7552    1031  3160  3376  3641   5164 11057  8118 12684  9567 17051
 7553     465   462  3369  3764  13256 20653 14579 14578  4455 14001
 7554    3504  2506  3497  3556   9941 17278  8306  7686  9942  8307
 7555     322   349  2542  3428  13154 19512 19510 18972 18971 23113
 7556     570  1675  1627  2904  21058  8876 13246 23114  7712  8766
 7557    3738  3559  3748  3772   8416  5966  6820 11889  6821 18261
 7558    3218  3087  3369  3764  13256 19382 16372 13257 13258 13509
 7559    2794  3153  3596  3967   6894 15882 15883 14659 15881 19311
 7560      27    26   447  3274  17469 15954 15956 19530  5851 19569
 7561    2782  2683  2880  2979   4852 17740 20732  4316 20733 23115
 7562    2558  1175  3602  3930   4406  6831 11163 11563 11162 11562
 7563    2302  2573  2303  3659  15803 15807 20230 23116 20229 15806
 7564    2929   228  3180  3575  22168 15905 13635  9973 15904  6522
 7565     493  2580  2753  3923   8487 18159 15531 15527 20394 15526
 7566     297  2434  3066  3462   8330  8333 17488 10761  9770  8332
 7567     999  3434  3610  3733  11650 11695 17001  4628 22199  5983
 7568    1715  1689  3692  3853  17008  5322  6528  6530 12554  6527
 7569     722   723  3292  3450  20162  5771 23117 22378 16137  5215
 7570    2935  1155  3379  3426   7938 19935 14951  4554 19025  5634
 7571    2524  2523  3153  3523  14687 21383 23118 20097 21057 19208
 7572    2590  2838  2858  2941  14888 22725 22727 22504 18682 14426
 7573    1903  1904  2696  2918  18064 17353 18037 18039 23119 18038
 7574    2523  2514  3153  3524  14686 21056 20100 14663 22559 20097
 7575    1395   217  3188   580   5976  5974 23120 20051 16800  5973
 7576    2603  2681  2770  3197  11512 22238 21715 17982 17980 17028
 7577    3031  1815  3216  3401  17084 23121 23122 13579 13503 21955
 7578    2585  2665  2787  3425  13712 13710 17614 19422 21157 13709
 7579    2948  3369  3610  3764  13255 20673  4414  4417 13256  4415
 7580    2597  2954  3481  3657   9179 20055 20057 22700 10869 17180
 7581    1730  1453   833  3540  19529  6786 23123 23124 12254 18353
 7582    2948  1212  3369  3764  13256 20673 19596 16349 20652  4414
 7583    3434  2847  3610  3733  11650 22199 23125 11654 11651  4628
 7584     989  2670  3092  3308  17581 18070 23126 15389  6919 23127
 7585    2019  2018   790  3696  20666 14403 23128 23129 23130 23131
 7586     272   153  2177  3734   8851 22608 22606 22821 14756 23132
 7587    3363  1637  3381  3641   5160 13474 20720 22188 19979 18022
 7588     682  1854  3610  3883   4412  6299  6302 12381  6303  5410
 7589     734    47  3103  3464   9548  7045 23133 19854 10105 21451
 7590    1250  2679  2715  2916  18371 21621 22439 18372 18374 21620
 7591    2447  1495  2547  3698   5094  4510 23134 16504  8375 18259
 7592    1528  2091  1044  3637  21795 19131 23135 23136 20662 22642
 7593    1687   675  2649  3548  19538 15423 18331 21323 10110 12258
 7594    2096   586  1704  3123  23012 22209 23004 23137  7929 23138
 7595    2267   644  1731  2919  14263 11045 16653 20911 16652 22704
 7596     527    35    36  3282  11392 15508 23139 11391 11394 18230
 7597    2343   792  3035  3602  10757  4411 17833 13159 23140 16924
 7598    1762  2605  3037  3276  13326 15634 20258  9639 13328 18710
 7599    1225  1174  2758  3410  17802 11344 20711 23023 23022 23141
 7600    1134   641   373  3206   5383  4191 23030 23100 11925 12090
 7601    1294  1295  2210  3305  22240 12483 22779 23142 22778 22241
 7602    2763  2833  3036  3367  18228 15739  9826  6196  4451 14558
 7603     996   214  2834  3432   9063 17293 17296 17253 17292 23002
 7604    3080  2739  3179  3422   7040 22005  8982 23143 14740 14551
 7605    2613  2717  2927  3039   5119  6133  6130 18389  6131  9421
 7606    1325  2226  2933  2962   8315 12148 17713 17271 17269 23061
 7607    2128  1836  3315  3536  12543 10015 14639 12544 12546  9611
 7608     274   762  2539  3917  22760 20038 22718 22762  8918 23144
 7609    3458   827  3621  3995   8368 15412 23145  8373  8369 15411
 7610    1473  2189  1477  3615   5832 11628 23146  5833  5835 11630
 7611    2799  2780  2900  3337  15146 19548 23147  8734 19107 12325
 7612     916  1733  2571  3216  13416 13581 23148 13415 13412 13580
 7613    2548  1625  3258  3651  13060 19475 23149 13064 13061 10969
 7614    1472  2191  2238  3203  11154 10452 23150 14912  4587 11156
 7615     285   329  1176  3231  16516  8803 23151 19787  4900 23152
 7616    2177  1806   564  3734   8852  8851 20677 22950 20676  8856
 7617    1971  1833  3568  3885  15107 19012 13971 13973 22535 11944
 7618    2657  2595  2717  3039   6131 16510 16958 18388  5120 22272
 7619    2892  2326  3255  3606  17421 11822 11825 22056 11826 22055
 7620    1447  1121  3234  3410  12702  6286 23153 12706 12703 17427
 7621    2631  1309  2767  3105   4105  4103 19048 23154 19049  4102
 7622     523   171  3408  3561  12402 12533 20253 16460 20250 22753
 7623    2453   586   388  3123  15166  4848 22275 11597  7929 12994
 7624    1480  1192  3746  3970   6367 23155 23156 23157 22280 23158
 7625    3139  3036  3427  3679  11476  4401  6198  6195 22709  6194
 7626     966  2270  3268  3786  16289 18345 18346 22325 14153 10334
 7627    3268  2270  3790  3786  14150 16289 22325 14154 14153 16287
 7628    2737  2713  2784  2921   8832  5555  5552 18348  5553 20754
 7629    2882  3080  3092  3486  14173 10495  8980 21124  6141 21341
 7630     513  1834  2917  3750  19184 21334  5638 19186 19185 21333
 7631    1385   727  1528  3637  19131 11946 14519 23159 14518 23160
 7632    2511  3490  3556  3836   6923 16014 16016 14370 13364  5363
 7633     309  1870  3405  3426   6230 19238 19240  6229  4782 23013
 7634    2177  2311   272  3734  22608  8851  8854 12942  8855 23132
 7635    2200    89  1827  3636  14619 22697 23161  4474 15015 22698
 7636    2091  1528   727  3637  14518 20662 23135 23159 19131 23162
 7637    3393  2381  3657  3731  13358 12386 12389 14962 12390 10870
 7638    2696   364  2918  3124  23163 12400 15648 21656 20316 18064
 7639    2103  2201  3415  3564  12818 12822 18559  8819 19990 12821
 7640     160  2116   947  3100  22896 15984 15982 23164 15983 23165
 7641    3139  1143  3314  3394  14423  5906 21948 12692 20994  4405
 7642    2113  1647  1910  3990  23166  7910 23167 22012  8537 23168
 7643    1708  2264  1911  3215  23169 13573 23099 23170 17218 23171
 7644    3281  3579  3664  4021  12980 12984 23172 19606 15444 12983
 7645    2497  1668  3270  3793  17874 23070 22596 22597 23173 13396
 7646    1164  1690   724  2873   9332  4949 22034 22975 22033 20970
 7647     714  1569  3899  3951  11067 14281  9982  9979 18143  9983
 7648     882  2089  2486  3202   7198  5592 21825 13754 18753 23174
 7649    2288  3104  3282  3485  13007 19570 11051 12100 12120 12098
 7650     395  3249  3326  3805  14405 20310  4342 18855 12559 21682
 7651     903  1795  3096  3187  13734  6566  6564 13733  6563 23175
 7652    1774  2735  2792  3935   8651 12669 12667  8652  8654 23176
 7653    2708  1901  2918  3409  21253 16741 12757 17350 16739 17349
 7654    2909  2765  3056  3083   4085 19898  8049 19113 10039 12599
 7655    1636  3352  3385  3751  17990 23177 13099  7757 23178 13100
 7656    1017  1487  2867  3102  14074 20695 12620 12085 20918 12619
 7657    2696  1903  2918  2952  23179 15005 18038 17353 22908 18064
 7658    3100  2870  3377  3881  23180 19258  9441  9443  5251  9440
 7659      40   635    39  3471  16780 10351 23181 22776 21198 21185
 7660    2731   664  2868  3360  23182 15174 22705 23183 14080 21440
 7661    3532  2974  3793  3899   9732  9980  4348  4350  7884  4347
 7662     237  1066  3160  3459  12685 14799 14796 16336 14797 19002
 7663    1229  2165  2968  3558  23047  6533 23184 15943 23185 23186
 7664    3175  3302  3320  3954  10589  4275 14232 23187 23188 23189
 7665    1579  1383  1857  3895  12267  7776 23190 23191 23192 12266
 7666     442  2374  2173  3621   8103  8107 23193 23194 20902  8106
 7667    1884   354  2812  3459  16617 11021 17378 22175 17379 10449
 7668    3040  3468  3224  3988  15210 21548 13828 13829 18781 13028
 7669    3253  2922  3451  4011   8482 13979 14376  8890 15893  8401
 7670     636  2264  2269  3215   5700 20879 20878 22716 17218 23195
 7671     886  2071  3481  3996  10927 11595 23196 15310 22437 13130
 7672    2703    77  2809  3392   8302 20766 23197  8303  5853  8808
 7673    2424   848  1173  3316   8740 11281 23198 23199 15773 15810
 7674    3241   692  3397  3398   6763 22871 19813 11902  4089  6314
 7675    2370  2027  2394  3121  17654 17658 19413 22115 19412 17657
 7676     125   552  2200  3636  22697 14617 19403 21961 17811 22699
 7677    3611  3279  3642  3694   6332 10165  5091  6331  6334  7306
 7678     127  2917  3424  3993   8667 23200 10537  8672  8668 10538
 7679    2439  1420  2763  3367  15739 15738 19254 16600 16598 10060
 7680    1672  1106  1671  3670  23201 10159 10157 23202 10156 21093
 7681    1645  2184  1424  3238  23203 16760 23204 23205 21038 20945
 7682    2400  1399  3044  3715  17582 16468 20810 21270  7826 20830
 7683    1321  1324  2683  3038   6408 14135 14134 17316 14133  4319
 7684    1597  3081  3577  4004  13212  4593  4597 10217  4592 17449
 7685    2823  2855  3129  3583  23206 20852 11858 11855 20850 11859
 7686     107  2394  1178  3121   6963 11258 23207 22114 17654 11259
 7687    2667  2779  2963  3068  13913  9137  9135 13211  8908 18241
 7688    1098  1967  1648  3718  20224 14601 23208 20223 20221 23209
 7689      65     5   165  3256  14432 14429 15290 21664  4043 14430
 7690     298  2281   396  2928  16566  7484  7482 16567  7481 23210
 7691    1092   728  3148  3157  14095 18490 11204 11202  7595 11205
 7692    1505   466  2678  3433  13783 22909 14927 17857  6323  9012
 7693    3586  3135  3640  3743   4634  5375  5378 23211  5379 23212
 7694    1221   637  3831  3901  11836 11835 22572 22571  7441 11833
 7695     736   285  3231  3495   8799 18996 23213  8803  8800 18995
 7696    3281  3240  3664  3826  22133 23214 23215 15120  5876 12983
 7697    1568   713  2993  4012  22493 16542 23216 23217 16063 22609
 7698    1632  2476   436  3421   7753 16081 22510 21989 21072 22452
 7699    1733   916  2573  3659  20229 23218 23148 23219 23220 23221
 7700     649  1420  1750  3367  18922  7660 23222 23223 16598 23224
 7701    2764  2669  2785  2869   9256 15845  6368 21363 15844 21362
 7702     270  1716  2743  2867   5076  7572  8864  7340  8865 20104
 7703    2326   324  2892  3321  10782 20365 12049 12047 20363 11825
 7704     608  1024  1071  3632  18575 10238 22924 22940 18412 23038
 7705    1684  1601  3066  3443   8137 13271 16905 10760 16904 10194
 7706    2861  3066  3461  3462   9769 14161 14162 20702  8330 20704
 7707    2625  2401  2673  2964  14461 15443 11305 11301  9812 11300
 7708    2267   939  2982  3138   4836 18525 14160  9401  6110 11047
 7709    1745   111  1386  3214   7897 12573 23225  5662 15329 23226
 7710    2498  2500  3218  3735  16369 18449 11100 11102 16370  4886
 7711    1229  1142  1799  3558  19711  6533 21850 19739 15591 19714
 7712    2870  3285  3391  3990   8211  8215  9442 21368 13350  8214
 7713    2005  1042  3150  3967  14365 17709 21113 13252 11195 17710
 7714      62    63  3064  3613  13810  7875  7878  7384  7879 13811
 7715      95  1439  2367  3914  22784 22588 22947 11976  7956 22785
 7716    2586  2628  2729  2962   4147  4145  8317 23227  8316  4144
 7717     522   129  2330  3436   4520  4517 23228 23229  6707  4518
 7718    3384  3784  3789  3856   4486  4484  4311 19313 10327  4483
 7719    2852  2908  2983  3383  23230 21143 12551 16376 16416 22375
 7720    3391   746  3285  3678   4046 20807 21367  4051  4047 21368
 7721    3427  2833  3687  3938  10006 16559  4452 14033  5868 14032
 7722      49   985    48  3276  13000 16621 17899 23231 23232 23233
 7723    2619  2586  2618  3105  18365 23234 23235 20092  5620 23236
 7724    3113  1292  3112  3205  21815 13288 18822 18819 21206 18823
 7725     202   876  3101  3360  14078 23237 16223 23238 23239 23240
 7726    2786   636  3215  3419  17215 19181 23241 20879 20877  5699
 7727    1897  1896  3293  3579  22931 15449 22850 23242 22851 20183
 7728    3201  3045  3420  3444  21920 14561 17518 21589 23243 17382
 7729    1923   300   836  2950  13621 23244 23245 23246 12361 23247
 7730    2670  2723  3092  3584  17580 19291 13004 15390 19809 15389
 7731     391   295  2961  3653  13398  5688 13391 13393 18810 13392
 7732     946  1427   706  2770   4562 14657  5963  8868  8869 22428
 7733    3079  1047  3253  3811  10138 12393 12726 15766 15346  4387
 7734    1481  1536  3045  3467  16492 14683 23248  7146 22045 18934
 7735     622  2050  3137  3275  16935 17119 11806 10533 21078 11807
 7736     508  2157  3577  3854  10597  8210  9220 23249  9217 10218
 7737    2367  1439  2947  3914   7953 22784 11976  7954  7956 11225
 7738    1555  2736  2884  3057   9802 17071 20177 11830 11832 17070
 7739     923   305  2923  3233  13163 15218 20445 13325 11672 20243
 7740     839  2934  3190  3620   9224 18975 16942  9228  9225 10992
 7741    1129  1640  2968  3306  23049  7828  7831 23250  7832 15946
 7742    2966  3059  3065  3572  18234 21068 21428 18235 18236 21292
 7743      94  1530  3071  3611  10685 13714 23068 10690 10686 13713
 7744    2965  2588  3105  3111   5617  8954 11490 19358 23251 19356
 7745    1182  1210  2292  2987   7252 17143 17141 21190 17142 21951
 7746    2875  2724  2890  3248  18553 13461 13464 13818 13465  7207
 7747    2116  1543  3100  3285   9444  6843 14714 18714 14715 15983
 7748    1093  2433  2665  3443  19967 14516 23252 19731 19968 21251
 7749     429   605  3803  3853   5318 21321 21322  5323  5319 11321
 7750     926  2354  2735  3831  22708  6554  6552 22707  6551 21099
 7751    2806  1559    61  3613  13300 18602  9019 15069  9159 19469
 7752     324  1185   261  2892  11827 12047 23109 16458 16459 12048
 7753    1349   496  1809  2828  20962 22864 23097 20961  7838 21319
 7754    3062  2787  3418  3742   4280  4284 14517 15399 10975  4283
 7755    3113  1292  3205  3811  13287 12624 18822 21206 23253 13288
 7756    2144  1720   814  2915   6031 20299 23254 20169 20168 20301
 7757    2908  2852  2983  3601  16373  8313 12551 22375 16852 16376
 7758    1832  1630   994  2949  18027 14226 14224  7816 14223 23255
 7759    3499  3087  3498  3733   4115 11696 22289  4114  4117 22290
 7760    3384  1007  3858  3888  19921  6477 22819 21167 21166 17085
 7761    1943   977  3206  3763  12923 12698  4193  4190 20572  4194
 7762     233  1689  2554  2980  19868 21772 23256 12556 19869 21771
 7763    2864  2737  3347  3927   7192  7196 16005 23257 13162  7195
 7764    2596  2614  2755  2840  13816  7855  7853  7425  7854 23258
 7765    2647  2602  3327  3761  13594  5782  4432  5043  5780 12089
 7766    2849  2810  3229  3666  17415 15302 20286  4743 17416 21551
 7767     712   127  2911  3155  11716 15350 12862 10536 13185 12863
 7768    2607  1312  2631  3105   4103 23259 23260 19050 19046 23261
 7769    2754  3032  3041  3564  19877 23091 19791  8012 11116  9064
 7770    2786   777  3048  3099  10766  8720  8723 11007  8724 19180
 7771    2424  1196   848  3316  15773 11281 17481 23262  8583 23198
 7772    1615  1616  3624  3796  19905  5579  8796 19908  8797 14312
 7773    2424   568  1188  3316  23263 11281 15812 20208 15809 16185
 7774     742  2911  3057  3128  11828 21130 22754 14118 14116 21129
 7775    2957  3200  3240  3484  20246 22207  7396  7943 10175  7945
 7776    3029  2201  3415  3660  20931 19851 19852  8819 17096 21978
 7777     848  1196   263  3316   8581 15773 23262  8582  8583 10089
 7778    2816  2774  3316  3693  10086  4394  6458 13098 13097 17649
 7779    2860  2658  2976  3929  14969 12129  8096 12092 14582 22654
 7780    1742  2469  3284  3490  20317 21615 21880 20355 13362 20453
 7781    2418   844  3166  3813  21617 21832 23264 13567  6098 19783
 7782    2885   813  2898  3256   9439 13436 13848 11968 22098 13849
 7783     989  2670  2964  3092  19045 23127 23126 10168 15389  9427
 7784    2600   812  2677  2985   6232  8508 23265 10895 23266 14415
 7785    3285  1567  3391  3990   8211 13350 12827 19623  6953 21368
 7786    2773  2881  3120  3600  14788  9545  9542 11691  9543 20567
 7787    1966   207  2404  3698  23267 23268 23269 23270 19433 19584
 7788    2097  1037  3538  3757   5455  9509 11751 11748 15977 11747
 7789     723   398  2579  3292   5218 22378 16135 19586 14115 23271
 7790    2314   260   259  3602  23272 13448 13446 23273  4409 23274
 7791     204   205  2952  3339   8620 18112 23275  8624  8621  8746
 7792    2848  2919  2920  2982  11848  5462  5461 11847  4833 23276
 7793    2767  2761  2822  2929   4574  5773 15837 15835 21874 15834
 7794    2823  2733  2855  3686   4796 15841 11857 11860 19598 11858
 7795      75  1475  1429  3219   7057  7981 21219 22492 21220 22948
 7796    1903  2708  2918  2952  23179 22908 17352 17349  9188 17353
 7797    2683  1327  2880  2979   4852 20733  4321  4317 23277  4316
 7798    2907  2851  3370  3957  23278 13280 13281 23279 11451 15196
 7799     417  2154  3139  3790   5907  5745  5748 11872  5749 14876
 7800    1424  3238  3291  3439   6166 20943 23203  6171  6167 23280
 7801    2837  2866  2903  3623  20328 21857  6879  6882 20179  6880
 7802     678  1737  3357  3580  22495 22494 19485 23281 19667 16472
 7803    1667   460  3308  3584  10393 21390 21393 15532 21394 21418
 7804    1125   866   124  3541  18596 17358 17356 21796 17355 23282
 7805    3327  2769  3336  3752  16543 19341 13740  6393 19343 22141
 7806      25   776    23  3248  14809  9693  9695 14813  9696 18378
 7807    2479  1651  2574  3375  10281  6402 16084 21985  9529 23283
 7808    3165  3194  3313  3734  10836 12489  4658 10167 22963 17994
 7809    2019  3586  3662  3696  15919 14403 23284 14434 15920 19038
 7810    1387  2886  3308  3438  12677 13896 21026 23285 15223 13895
 7811    1383  1166  3535  3895   9093 23192 23286 23287 23288 15339
 7812     649  1963  3222  3938   5864 10357 10361 17946 10356 11814
 7813     566   874  1866  2881   8155 23289 16674 22327 20989 23290
 7814    3537  3435  3794  3840  12935  8229 18454 11762 12936  4372
 7815    2035  1486  3608  3685   8381 23291  5695  5464 21922 22972
 7816     468  2834  3147  3204  13179 18304 23292 16051 17554 15676
 7817    2313  1356  3880  3950  14666 16470 18392 18394 23293 18286
 7818    2969  1104  3115  3402   7444  9535  9538 11222  9539 11221
 7819    3244  3029  3415  3660  20931 23294 14887 21978 19851 23295
 7820     254  1211  3152  3931  18550  8001 14285 14287 18551 14286
 7821    2596  2607  2634  3105  23296 23297 10832 21301 23259 15330
 7822     409   182  2129  3180  23298 23299 21848 23300  9974 21217
 7823    1398   602  2989  3473  11776 15729 18556 17409 18554 17818
 7824    2354   926  1550  2877   6792  6555  6552  7488  6553  9874
 7825    2698  2666  2960  3220  11069  6580 16742 23301 16348 22573
 7826    2889  2877  3901  2871  23302 23303 23304 11834  6788  7335
 7827    2739  2622  2882  3297   8981  8711 14739  8061 14665  8979
 7828    2462   240  2769  3336   6393 23305 21629  6394  6396 10207
 7829      78  2267   251  3109  20497  4200 17376 17619 11044 20758
 7830     166  2196  1404  3236   8424  8428 11663 22764 11660  8427
 7831    1486  1016  2857  2969  11223  5697 12785 12787 16810 12784
 7832    3075  3357  3580  3629  14591 20414 21782 22495  7858  6002
 7833     172   524  3350  3374  13081 19213 19281 17904  6512 11908
 7834    3297  2846  3627  3718   5784  8456 19104 21018 14603 14408
 7835      25  1816  3248  3541  11148 16850 16848 11112 16847  9693
 7836    1675  1627  2904  2949  14351 23306 23114 21058  8763  7712
 7837    2149  1470  1432  3106   9102 23307 21369  9101  9104 23308
 7838    1077  1278  2681  3197  17980  9165  9169 17175  9164 23309
 7839     165   294  2887  3256  13433 14432 20789 15074 14482 17029
 7840    2382  1144   299  2669   8226 22213 15306 21709  6373 23310
 7841    3177  1822  3680  3749  15861 17853  6217 12313  8738 18282
 7842    2916  2695  3496  3712   6950  7734 12118 12525  5245  6739
 7843    2288  2237  3104  3485  12120 19570 11050 11053 12121 11051
 7844     934  1861  3620  3726  13144 13148 23311 15333 23312 13147
 7845    2669  2727  3182  2764   5190  6368 15908 11558 11557 15909
 7846     743   228  2929  1057   6204 23313 21937 13635 15906 17629
 7847    2416  1238  3421  3749  13962 10373 10374 12597 10377  7750
 7848     984  1460  3850  4007  15899 15897 22398 22148 23314  9658
 7849    2643  3069  3451  3729   8161 20991  8892  8023 19418  8893
 7850    2039  2923  1605  1435  21724  8287  8286 20245  8288 23315
 7851     775  1978  3032  3564  11116 23316 21127 11121 11117 11160
 7852    2923  1345  3347  3744  16808 12013 19325 23317 19326 20308
 7853    1140  1091  2318  3620  19370 15338 15335 23318 15336 23319
 7854    1243   361  1240  2714   5185 10184 10182  5186  5188 23320
 7855     908   111  2491  3183  22363  5660  5664 23321  5659 23322
 7856     646  2792  2914  3935   5998 23323 21632  8655  8651 21481
 7857    2586  2729  2761  3111   8642  4146  4144 11424  4143 20093
 7858    1087   541  3862  4019   7454 23324 23325 14609 14607 23326
 7859    2844  2635  3481  3996  10927 15758 15756 14363 15755 17767
 7860     346   624  3166  3626   9670 23327 13568 13565  7260 13564
 7861    2692  3166  3348  3613  15034 20595 23328 15033 15036 17004
 7862    1007  3384  3856  3888   6476 21166 22819  4484  6477 22820
 7863    2636  2876  3149  3030  20059 11527 11529 10271  4776 16124
 7864    2200   552  3398  3636  18679 22697 21961  6767 17811  4088
 7865    2381  1147  3657  3731  13358 12390 20975 19888 23009 14962
 7866    1005   729  3463  3583  21533 21650 23329 23330 23331 23332
 7867     436  1540  3421  3914   7952 21990 11865 11867 21641  7753
 7868    2791  2672  2853  3108  12708 14922 13143 14960 23333 14959
 7869    2416   436  1540  3301  11866  7754  7751 11865  7752 16791
 7870     652  2352  3855  3889   5099 10630 16901 15142 15140 20415
 7871     214   996  2834  3400   8776 17252 17296 23002 15794 17253
 7872     204  2365  2366  3339  16636 18112  6969 23334 11838 23335
 7873    2736  2971  3128  3155   8589  9946  9950  8593  8590 11829
 7874    2776  2810  2849  2947  20287 14996  7888 20286 20288 22026
 7875    1002  1581  1160  3138  10363  6111 23336 22853  8200 23337
 7876    2550   397  3258  3837  13924 16864 19076 13928 11973 19073
 7877     204   205  1925  2952   8622  8746 23275  6088  8624  8745
 7878    2485  2567  3200  3484  10175 11472 13084 10180 10176 11471
 7879    1116  1236  2567  3484  10176 23338 23339 21036 21035 23340
 7880    2666  2710  2960  3220  11069 16348 10715 23341 16347 23301
 7881    3152  3259  3719  3086  19880 16540 19120  5001 17564  6837
 7882    1129  1954   117  2968   4922 15946 15944 21659 12261 22835
 7883    3186    81  1203  3563  16734 17635 23342 23343 20803 21218
 7884    2624  1296  2627  2878  15082 13453 23344 23345 22933 23346
 7885    3046  3242  3328  3655  13519 23347  6635  6632  7414  5333
 7886     434   765  1627  2949   8763 15004 18746  8768  8764 21374
 7887    3924  1192  3970  4029   6362  6366 21503 22280 21504  6365
 7888    1827  1826  1711  3900   6861  4473  4477 23348  4472  6859
 7889    2768  2956  3621  3724  21912 23349 20557 12498 23350 23075
 7890      47   734  2827  3176   8850 12244 23133 23351 21449 12243
 7891     974  1772  3255   454  15181 17154 13375 13377 22090 13374
 7892    3251  2921  3599  3760  11329 19845 13880 11333 10187  7784
 7893    1023  2220  3788  4020  17169 21069 16437 16439  9778 16436
 7894    2813  2796  2951  3540  21841 16825 21667 21665 20569  4141
 7895    1277  1274  2807  2936  15322 13556 14854 23352 14855 23353
 7896      27    28  2106  3274   4724 15954 19567 23354 23355 23356
 7897    2572  2251  1989  3073  23357 21556 23358 23359 23360 22182
 7898     964   950  2940  3992  12055 20990  4501  4504  8431  4502
 7899    2144   702  2983  3395   7001 12971 23361 23362 11179 12970
 7900     290  1711   289  3900  21580  6858  6860 23363  6861 21582
 7901    2612  2889  3272  3617   7337 23364 22952  7336  7339 19177
 7902    3245  3165  3313  3734  10836 12490 10707 17994 12489 17860
 7903     549   590   692  3241  19813 23365 23366 19817 19814 23367
 7904    3584   782   887  2215  22369 21391 18742 23368 23369 17805
 7905    2675  2706  3297  3627  14408 10662 10660 19858  9297 21791
 7906    2781  2692  2898  3166  23370 23371 23372 23373 23328  6134
 7907    1318  2614  2821  2888  13333 23374  8081 13330 13331 23375
 7908    2801    59  2806  3739  13513 21404 14166 22243 20705 18604
 7909    2012  2452  1499  2964  15296  9423 22911 15838  9816 23376
 7910    3168  2656  3407  3814   5153 15832 18003  9316 18004 17043
 7911      89  2200  3398  3636  18679 15015 23161  4088 22697 23377
 7912    3141  3110  3661  3837  10737 19493 23378 21853 21851 20065
 7913      88   797  2575  3483  16213 18879 18877 19719 18876 21625
 7914    2909  2804  3089  3770   7119 12601 19897 12579 16612 12600
 7915    2309   727  3334  3637   8338  8342 21988 14521 14518  8341
 7916    2142  3633  3922  3924  19143 19346 21106 19146 19144 19923
 7917    2160   591    74  2673   7864 11304 21381  7863  5031 12748
 7918    2691  2629  2692  2781  23372  6139 21121  7719  9452 13103
 7919    2144  1437  2915  2983   7006 12970 19755 23379  9405 20299
 7920     936  2439  3266  3367  15737 16829 22662 10061 15738 16285
 7921    2168  2466    96  2897   7802 18184 23380  7804  4975 23381
 7922    1536  1145  3377  3467  22043 22045 23382 12471 23383 22044
 7923     903  1795  3176  3628  18106 10887  6564  6567 23384  6565
 7924    2939  2971  3155  3885  21335 21593  9948  8590 16601  9949
 7925    3054  2905  3201  3323  14560 23385 23386 18763 10937 21485
 7926    1685   154  1384  3122  23067 23066 23387 19591 16389 23065
 7927     752  2901  3073  3375  22533  9526  9530 17439  6399 21557
 7928    2223  2207  3113  3594  23388 11420 11418 23389 11417 23390
 7929    1573  3232  3245  3349   7177 17277 21941  6515 10706 13078
 7930     923  1053  2022  2822   6483  6806 23391  6482  6485  6805
 7931    2688  2608  2889  3457  22951  5290 14321 23392 14320 23393
 7932    1288  3065  3305  3572  18233 23394 12485 12482 18234 12486
 7933    1903  2952  2978  3339  12802 13571 22908 12804  8620 13570
 7934     154  1384  3122  3563   9372 16390 19591 23067 19590 16389
 7935    2784  2737  2928  2990  15222 15177 20754 13881 19965  4931
 7936    1401  1866   603  2881  11795 21055 12447 21860  8155 13932
 7937    2652  2730  2916  3051  12583  5448  5945 23395  5944  6737
 7938    1278  2752  3126  3229  10858 10857 19977 13095 16189 10861
 7939    1947  1098  1648  3718  20224 11923 23396 23209 14601 23397
 7940    2837  3321  3692  3803  17007 19136  6881 18970 18860 18357
 7941     406  2553  3487  3550   9792 18417 18420 14038 18416 19870
 7942    2279  2182  3096  3326  22658 18853 20275 23398 12908 23399
 7943    1379  1443  1372  3180  13634  9977 23400 23401 13985 22553
 7944    2245   164  2541  3987  16485 13836 15574 23402  7351 20767
 7945    1737  3075  3357  3580  22495 19667 21992 21782  6002 23281
 7946     631   107  2901  3121   6961 18398 20693 11260 11258 17525
 7947    1656  3095  3418  3742   4280  8940  8938  4285  4281 16983
 7948    1186   806   375  2935  20568 20873 23403 18945  5632 23404
 7949    2865  3835  3852  3871   7609 23405 19637 17730 23406 13217
 7950    3758  3208  3929  4032  16017 13936 10432 10434 13938 10431
 7951    2634   688  2840  3114  14190 14188  7026 22611 23407 14187
 7952    2466  1598  2095  2897  15544  4975 23408 15545 15547 22301
 7953    2647  1325  3689  3690  16620 16619 17714 23409 23410  5781
 7954    1489  2070   135  3106  10382 10043 23411 22468 19017 23412
 7955    2257    90   535  3080  18047 11125 20986 14697 11234 23413
 7956    1912  1377  3551  3706   4664  4668 20887 13618  8817  4667
 7957    1397   368   367  3452  15639 23414 23415  7534 15640 23416
 7958    1250  2652  2730  2916  23395 21621 21619  5945  6737 23417
 7959     392  2299  1581  2915  22854  6030  6033 23418  6034 23419
 7960     320  1987  3677  3765  16451 20868 20865 16456 16452 12715
 7961    2486  3179  3202  3422  10633 13755 15358 17519  7040  7198
 7962    2641  2782  2848  3630  22046 23420 21692 22047  9371 21768
 7963    2547  1494   942  3441  11743 16506 23421 23422 22153 17237
 7964    2801  1008  3064  3613  13810 18605  6339 15902 18603 11801
 7965    2775  2641  2852  2989  21142 11778  9320 12549 22743 11309
 7966    2932  3278  3397  3782   5171  6313 23423  8696  8692  6312
 7967    2110  1998  3144  3469   4154  4158 17363 15555 22123  4157
 7968    3423  2804  2765  2769  23424 21765 20401 18707 16614 23425
 7969    2348  1978   775  3564  23316 22385 23426 21127 11117 23427
 7970    2641  2805  2852  3338  21405 10055 15284 15285 10779 12549
 7971    1307  1707  2712  3757  17465 10274 17592 17594  9510 17591
 7972    1006  2146  2820  2827  13043 13041  8191 22791 19882 13040
 7973    2267   717  2919  3109  11046 11044 16654 16651 11326 11045
 7974    1345  1016  2864  3347   7195 23317 21424 21427 16812 21425
 7975     555  1404  3068  3236   8906  8425  8429 21898  8424 16218
 7976    2657  2717  2843  3177  18284 18307 22272 22773  6132 19221
 7977    2757  2950  3081  3220  13853  9074  9073 15184  6578 15246
 7978    1655  1773  1654  3388  15587 15584 21677 23428 21678 15585
 7979    3621  2956  3688  3724  23429 21912 12498 12501 23350 12499
 7980    2041  2162  2552  3110  21852 18660 18658 13813 12083 14575
 7981    3522  3521  3150  3706   4870 17924 17926 18690 17927 13254
 7982    1192  1480  3746  4029   6363 21504 23156 23158 23430 23157
 7983    1094  1765  2673  3294   4094  9342 22788  4099  4095  9343
 7984    1894   129  3285  3377   8100 21522  6845  6842  8102  6846
 7985    2879  1589  3286  3859  20891 13523  8638 13440 14742 19407
 7986     979  2637  2892  2903  20131 17112 17114  4523  9140  7729
 7987    1224  2648  2674  2676   6146  6149 23431 23432  9340  6148
 7988    1871  1792   615  2840   6638 16358 23433  6639  6641 13628
 7989      33    32  2853  3306  19078  9472  9566  4690  7829  9563
 7990    1929  1492  2687  2822   6743  7745 17991  6748  6744  7746
 7991     800  1949  3776  3810  16872 11339 23434 23435 22767 20102
 7992    2853    32  2968  3306  23049 19078  4690  4693  7829  4691
 7993    2291   852  2553  3550  18416 17697 21732 22695 21384 18419
 7994    2479  1850  1923  2901  17522  6400 18882 23436 18883 17526
 7995    2732  2782  3122  3494   4757  8465 15662  9369 11306 11658
 7996    2737  2921  3251  3795  19709  5551  5555 13880  5550 13879
 7997    2727  2694  2832  2855  10170 17185 10830 21571 15056  6596
 7998    1007  1416  3374  3948   5324  7498 23050  5325  5327  6514
 7999    1224   640  2603  2674   6150  6148  4766  4769 17976  4767
 8000    1314  1309  2631  2737  15349 14729 21863 19048 21864 15348
 8001    2482   892   292  3898  23437 22758 23438 22711  7230 22732
 8002    1017  1487  3102  3769  20917 23439 12620 20918 20134 20695
 8003    2828  2761  2833  3222   5867 15104 18576  5866  5869  6047
 8004    2625  1584  2964  3243   5786 14252 14251 22059  8245 15443
 8005     380   481  2686  2969  10890  9105 23440 20536  9754 12376
 8006    2708  3272  3409  3712  20422  9170  9172 18445  5244 16741
 8007    3095  2597  3481  3657   9179  9183 12052 17180 20055  9182
 8008    2650  2692  2724  3053  13102  7717  7721 10698  7716 13463
 8009    3015  2825  3016  3943  14358 16561 23441 14362 12641 19620
 8010    3771  1436  3886  3907  11788  6015 10302  8414 10303 11786
 8011    2841  2837  3692  3803  17007  8783 13562 18357 19136 18759
 8012     179  3405  3476  3967  20330 20086 15953 12252 19204  9603
 8013    1677  2855  3446  3583   7538  7542 21075  8691 20850  7541
 8014    3186  2879  3209  3630  23442 23443 19797  4953  8633  8149
 8015    2169  2489  2950  3440   6579 20915 20919  5125 18140 23444
 8016    2585  3257  3425  3429  21154 23445 17612 22038 21899 13710
 8017    2615  2777  2778  3417  23446 13700 21278 23447 12109 23448
 8018       8  1233   150  2700   5918  6883 19482 23449  8517  6887
 8019    2670   989  2964  3308  14460  6919 23126  9427 18070 10168
 8020    1289  3113  2223  1292  23450 18824 18821 23390 18822 23451
 8021     651    59  2801  3739  21404 22895 23452 14166 20705  5452
 8022      54   813  2887  3256  13433 11042 21012 13554 22098 20240
 8023     508  1597    93  3081   4595  8209 10240  4594  4597  8208
 8024    1040  1941  1942  3928  17011 18627 23453 17561 17563 23454
 8025    1666   224  1775  3463  21246  7373 20739 23455 20738 23456
 8026    2801  2692  3064  3206  11799 11802 10699 17893 16208 11801
 8027     359   361   278  3272  17209 15822 15821 18447 15820 20883
 8028    1324  2945  3676  3872  20121 17021  6472 18280 15600 19417
 8029    1519  1483  2802  2985   7077 12457 12460 18133 12461  6351
 8030    1224  1553  2603  3148  18903 16125 12734 22222 20742  4767
 8031    2004   520  3004  3587  15886 22417 23457 20071  5743 22421
 8032     245   808  2703  3148  20741 19749 19750 20765 11257  5885
 8033    2327  1019  3150  3551  15022 12195 13087 15021 13088 23458
 8034    2422  1164  3211  3215   4947 21934 23001  4952  4948 22310
 8035    3111  2929  3575  3687   4177  4175  6525 15905  6199  4174
 8036    2591  2754  2943  2988   6271 21294  4624  4626 21567  4623
 8037     549   548  3241  3782   6310 17574 23459 23460 23461 23365
 8038    1386  2233  1745  3214  12573  7897 22651 23462 23086 23226
 8039    2138   138  3827  3941   9703 17696 19605 20645 17224  8039
 8040    1581   567  1679  2915  17274 22854  8201 20132 19499 23463
 8041    1469  2899  3473  3725  20860 23464 20859  4999  8349 10368
 8042    2312  1430  2400  3715  16468  4362  9505 17361  9501 23465
 8043    1520   278  3831  3901  11836  7438  7442 17211  7437 22474
 8044    1117  1578  2779  3295   9136  4747  6083  6080 13346  6084
 8045     914   111  1745  3214  12573 12577 12270 23225 15329 12576
 8046    1257  1252  3273  3417  13697 23466 23467 21843 23468 23469
 8047    1225  3234  3410  3984  18212 23470 12705 12702 23471 11344
 8048    3165  3079  3811  3881  12394 14020 15565 12393 12396 19176
 8049     673   257  3160  3632  13957 13961 22980  8122  8544 13960
 8050    2584  1157  3195  3951   7070 13310 23472  7071  7073 23473
 8051    1925  2088  2978  3777  16764  6087 19672 19674 20699 12803
 8052    3435  3842  3887  4027  11722 13764 13768  5556 13763 11761
 8053      64    65  2885  3256  13436 16974 23474 23475 14429 16975
 8054    1745  1803  2023  3214  19154 12573 23476 19155 19156 23477
 8055    2655  2893  3283  3350  18919  7790 23111  4443 12564 18921
 8056    1581  2299  1160  2915  10364 22854 23418 23478  6034 22853
 8057    3054  2905  3059  3201  12745 21485 23386 10283 18763 23479
 8058    2959  3224  3328  3852  13218 19031  6623 13517 17729 15860
 8059     792   902  3035  3602  10757 23140 10148  7311 13445 13159
 8060    1310  1313  2855  2869   4795 22314 22312  4273  4797 19651
 8061    1617  1603  2972  3327  16041 10099 15485  5611 18390 20772
 8062     593  1807   403  2906  23480 13660 10244 23481  5231 23482
 8063     575   556  3585  3800   7598 23483 23484 17162 21717  6074
 8064    2327  2794  3150  3153   4868 19097 12194 15542 15883 23458
 8065    1694   518   219  2840   6637  9628 23485 12647 12649 16342
 8066     916    88  2573  3659  20229 23220 12029 23486 21626 23219
 8067     569  1330  2013  3235  14052 12615 22496 14053 11945 23487
 8068    2504  2505  3369  3497   7371 12323 18580 18582  8304 18579
 8069    2751  2684  2839  2936  15924 12719 23488 22195 22192 23489
 8070    3096  2024  3187  3647  15979 10748 10745 18278 10746 13734
 8071    1649  1681  2828  3744  12015 14783  5142  5138 14786  5137
 8072     608  3329  2198   546  14504 23490 10237 10153 14502 22633
 8073    3384  2860  3544  3758  11170 11169 20212 12132  5242 11168
 8074    1404  1578   555  3068  16218 21898 21897 23081  8910  8429
 8075    3939  3699  3945  3965  23491 10900 10903 23492 10904 15025
 8076    2852  3183  3493  3770  12775 12779 17490 16578  5278 12778
 8077     460  1865  2136  3438   4128 19114 23493 20776 16446 23494
 8078     610  2073  3169  3251  22486 19601 19839 13485 19838  9301
 8079     272   837   798  3313  22254 12943 23495 22068 11783 22607
 8080     924  1718   441  3246  11894 18998  9741 14291  6053 19850
 8081     734  2055  2876  3628  10883 21892  7050 12416 20076 21450
 8082    2166  2292  2987  3495   7247  8802 21079  7252  7248  6022
 8083    2757  2622  3081  3191  19121  8060  8058 22967  8057 15246
 8084    2692  2781  2894  3166   9667 23328 23372  9242 23371 22508
 8085    2670  2625  2964  3627   5787  9294 13241 15443 13240 10168
 8086    1149   984  3789  3986  16763 14766  7173  7176 15900  7174
 8087    2484   696  1529  2988   8013 18609 18611 11161 16908  5235
 8088     139  2196  2779  3236   8909 21668 13501 13499 11660  6081
 8089    2548   449  1625  3651  13061 19475 19473 23496 12918 23149
 8090    2627  2782  2790  2848  20735 20734 15664 23497 22047 20284
 8091     943  2910  3263  3773  15940 21762 21907  4741 15278 11504
 8092     802   452  2800  3236   4218  4215 22235 22237 16261  4216
 8093    3237  2868  3365  3915  15573 17748 16181 16178 21439 16177
 8094    1257  1088  2376  3417  23498 23466 17847 23499 12108 23500
 8095    2748   453  3108  3760   9764  5158 13494  9006 11565 12710
 8096    2921  3094  3436  3599  15062 11333 11330 13882 11331  8835
 8097    2318  1831  3605  3620  15437 19370 23501 13999 15438 19369
 8098    2745  2636  3149  3802  12035 15918  7946 16124  9247 22598
 8099    2911  3237  3365  3424  15013 10535 22435 16177 17749 13717
 8100    2058   106   704  4004   6120  6117 23502 14900 23503  6118
 8101     452   983  2800  3236   4218 16261 16263 18536 11459 22237
 8102    3624  3163  3672  3714  12105 12103 11399 13731 12207 12102
 8103    2645  2780  2797  3267   8732  5174 21774  8733  8735  6486
 8104    2746  2820  2827  3299  21194 21062 23039 13043 21195  6928
 8105    3374  3595  3598  3888  19140  7515  6509 19676 19551 21299
 8106    2921  2928  3251  3599   7784 11333 12572 13878  4930 13880
 8107     518   553  2634  2840  14187 12649 23504 11389  9627  7022
 8108    3505   411   680  3569   4620 16311 18787 22093  5435 23505
 8109    1413   328  3037  3083   6187  6186 23506  8364 18515  6185
 8110     779  1232  3614  3635  14699 22569 22567 10646 14700 19971
 8111    1947  1134  2846  3206  17323 11927 20925  8239  4191 20923
 8112     536   742  2911  3057  14118 23507 23508 22754 21129 22432
 8113    3567  3702  3919  3986  22721  5360 17725 23509 17229 23510
 8114     266  2770  2809  3392   8302 16234 20650 14655 18893 20651
 8115    1503    44  3806  4005   5980  5655  6889 14326  6888  6593
 8116    2493   418  1976  2963  13210  7142  7140 23511  7139 10596
 8117    1276  1281  2734  2987   9629 16822 16821  9634  9630 23512
 8118    2343   902   792  3602  23140  4411 14909 10148 13445 17833
 8119    1345  1016  3347  3744  16808 19326 21424 16812 16809 23317
 8120       3  1754  3451  3472  18612 23513  8025  8027 23514  8024
 8121    2351   574  2112  3995   5590  9075 22545 23515  8372  9076
 8122    3285  3045  3377  3881  23180 14307 14308 21213  5250  8100
 8123    1020   125  3607  3673   6470 18886 21034 20999 19405  7158
 8124     810     3  3069  3472  19322 19320 23516  8028 23513 19319
 8125    2329  2386  3361  3720  14499 18189 21979 14498  4457 23517
 8126    1336   996  1070  3823  15792  9284 22893 15793 15795 22954
 8127     955   953  2655  3221  18920  9809 23057 19235 19236 21483
 8128    2163  3373  3668  3937   8178 23518  6380  8183  8179 23519
 8129    1461  1411  2583  3434  19798 12136 23520 20793 11868 19799
 8130     558    64  2898  3256   9439  6757 17608 10401 16974  9438
 8131    1129  1229  2165  2968  15943 15946 23521 23184 23186 15945
 8132     883   150  2700  3429  20973 18329  5920  5918 19062  5541
 8133    2797  3086  3364  3870  23522 13229 13232  4324 13228 22458
 8134    1017  1346  3102  3394   9689 20684 20683 11349 14506 20695
 8135    2706  2711  3342  3551   4391 10792 16638 16640  7165 10663
 8136    3065  1291  3455  3572  21065 18234 23523  7244 14863 21293
 8137    2258  2388  3056  3770   5676  5680 23524 23525  5274  5679
 8138    2805  2972  3493  3569  16313 21549  5457 21178 17025 21179
 8139    3106  2070  3433  3980  17533  5060 19017 22467 10049 10378
 8140    1088  1909  2376  3417  23498 12108 23526 23527  8570 23499
 8141    1904  1905  2978  3124  12397 23528 16766 16769 15274 16767
 8142    1263  2679  2759  2859  13821 13824 23043 23529 19462 13823
 8143    2791  3165  3084  2939  15769 19611  4661  8647 13981  9625
 8144    2931    73  3473  3726  22050 20352  9347  9349 20351  9346
 8145    1954  2165   142  2968  21681 12261 15947 23530 15943 23531
 8146     154  1685   455  3122   4754 16389 23387 22065 23066 23532
 8147    2132  3168  3173  3814  15830 18001  8575 15829 15832 19900
 8148    3174  2961  3545  3950  23533  9381  9385 13468  9380 19068
 8149    1781   306  2570  3860  20599  7361 23534 20600 20602 23535
 8150    2833  2628  2845  2962  21871  9534  7412 20487  8316  9823
 8151    2933  2588  2965  3111   8954  8951 13273 11490 23251  8952
 8152    2877  2871  3792  4023  11644  5754  6788 11649 11645  5481
 8153    2696  2773  3052  3120  11690 14941 17616 17615 20567 12527
 8154     570  1508  2904  2949  14351  8767 23536 18006 19266  8876
 8155    2779  2963  3068  3236   8906  8909 13211 13913  4214  8908
 8156     891  1332  3332  3920  18290 18288 21739 22831 21635  5735
 8157    1003  2540  2913  3428  15195 13757 13759 21723 13760 23537
 8158     637  1520  3831  3901  11836  7441  7439 22474  7438 22571
 8159    1474    11  2665  3425  21157  4254 23538 21252 21249 21156
 8160    1381  1762  3083  2192  15636 23539 18516 15635 15637 13607
 8161     999   899  3434  3733  22199 11695 11698 12137  6057 17001
 8162    1379   143  1443  3180  13985  9977 22116  5957 12752 23400
 8163    1635  1692  3159  3802  10941 12316 17042 18805 17041 21543
 8164    2944  3254  3331  3962  17077 16992 16991 17078  4646  4564
 8165    2588  2933  3105  3111   5617 23251 13273 20972  8951 19358
 8166    3149  2942  3410  3669  11347 14247  8071 12183 14245 11701
 8167    3259  3152  3719  2689   6840 19118 19120  6837  6838  5001
 8168    3697  3850  3919  3986  22721 19083 19085 22720 15898 23540
 8169    2204  1291  1288  3572  23394 14866 14864 23541 14863 23542
 8170    2909  2769  2972  3327  16041 11307 13739 22127 13740 16042
 8171    1600  1045  1454  3721  23543  5649 23544 23545  9230 23546
 8172    2883  2907  3052  3381  15026 18566  5342  5339 10073  5343
 8173    2919  3031  3050  3216  22938 18206 21956 23547 21955 17403
 8174    3631  3818  3864  3891  17061 15465  8882 20385 15463 23548
 8175    2281   222  2864  2928  15549  7481  7485 15548  7480 16568
 8176    2236  1658   216  4021  19130 20942  7634 23549 23550 23551
 8177     703  1093  3418  3443   8842 10347 14515 23552 14516  5705
 8178     213  1014  1641  3253  12331 15767 23553 12330 12333 23554
 8179    2335  2090  2023  3214  19154 14837 14835 23555 12574 11854
 8180    2795  3045  3201  3254  13590  9270 10344 17518 10345 13589
 8181    3650  3674  3879  3933  22260 22262  9892  9890 23556  9893
 8182    2264  1620  2831  3419  11494 17216  7973  7969  4801  7968
 8183    3054  3287  3323  3882  14143 11133 23557 22329  9920 23385
 8184    1252  1257  2376  3417  23498 23468 23467 23500 23466 21285
 8185     614  1004  1005  3583  21650 21647 23558 23559 23560 21648
 8186    3340  3133  3410  3985  10958 13954 20172 18214 18303  7162
 8187     394  2125  3494  3664  19336 15121 13547 20209 16145 19337
 8188    3074   200  3098  3246   6800 21462 22416 19162 19159 16236
 8189    2770  2603  2809  3392   8302 18893 17028 17026 18904 14655
 8190    2951  2688  3260  3289  14990 14994 21666 14322  5473 14993
 8191    2421   104  1546  3666  10384  4183  5901 23561  5900 23095
 8192    2647  3327  2931  3761   8857  5782 12089  9318 13594  8860
 8193    2189  1473   802  3615  22236  5835 23146  7845 11628 23562
 8194    2763  2833  2845  3036   6938 14558  9826  9823  6196  9827
 8195    2794  2327  3150  3551  15022 12191 12194 23458 12195 15542
 8196     344  3198  1278  3197   9164  9168 13069 13071 19841  9167
 8197    2638  2775  3327  3752  19341  5392  8168  9319 19342  5042
 8198     352   900  2107  3395   6545 11178 23563 18587 11543 12987
 8199    2480   600   332  3295   4746  5800  5798 13348  5797 23564
 8200    2214    15  3275  3742  12674 17310 10475 10472 12675 10476
 8201     761   434  2949  3399   8394 13315 21376 15004 15002 21373
 8202    3281  2981  3579  4021  15444 12984 12982 22932 12981 23172
 8203    2945  1324  3119  3607  12240  6475  6472 12239  6473 18281
 8204     656   160   303  3100  11568 15563 11819 23565 15984 21508
 8205    3075  3629  3908  3922   4166 22162 20414  4171  4167  6001
 8206     598   800  3902  3960  23566 23567  6436  6439 12122  6437
 8207    2788  2725  3603  3701   9359 10879 19564 10771 23568  6096
 8208    3533  3532  3753  3793   4346 23569 23570  4351  4347 18960
 8209    3438  2723  3584  3791  17804 12016 12019 19809  7290 16441
 8210     681   585   588  3769   5801  5805 23571 23572  5509  5804
 8211     283  1653  3405  3767  12250 16951 18709 12251  4076 16950
 8212    1648  2964  1967  2012   9428 23573 20222  9424  9423 20223
 8213    2522  2814  3010  3047  17888 22394  7363 17890  9609 23574
 8214    3818  3705  3821  3929  14241  4809  4812 14244  4813  7285
 8215    2669  2382  2764  3182   5190 15909 22213  6256 21531  6368
 8216    1075   342  2777  3417  12109  8567  8571 12110  8566 23575
 8217     291  2020  3285  3678   4046  4050 20426 22809  6849  4049
 8218    1898  1597  3081  3577  10217 10221 10241  4597 17449 10220
 8219     636  2269   777  2786   8723 23241 23195 22349  5704 23576
 8220    3559  3557  3738  3903  20580 11888 12075 12072 10247  6820
 8221    2874  3052  3252  3475  18084  4940 15254 15256 18085  7123
 8222    1509  1140  2318  3620  19370 18977 18976 23319 15338 19368
 8223      82  2901  1178  3458   6959  7848 22962  6960  6962  9245
 8224    2407   451  2831  3419  11494 21388 20538 11495 11497  7972
 8225    2025  2027   827  3458  23145  9243 23577 23578 21009 18889
 8226    2614  2755  2840  3406   7851  7421  7425 13816  7420  7854
 8227    2972   945  3538  3757   5455  4286  5609  8010  5610  5458
 8228    3102  3219  3394  3961   9691  9688 14075 14073 15076  9689
 8229    2091   727   894  3637  20664 20662 23162 21987 14518 20663
 8230    2899  2775  2989  3473  11776  4999  4997 11778  4996 14548
 8231    3547  3303  3983  3994  21345 22969 23579  5683 23580 23581
 8232    2799  2780  3562  3624  16043 11400 23147 23582 23583 19549
 8233     429   276  3803  3837  10704 14881 14883 10703 10705 11321
 8234    3315  2406  1817  3785  23584 23585 23586 23587 23588  9614
 8235    2040   720  3282  3471  20700  8666  8663 23589  8664 13872
 8236    2924  2597  3095  3657   9183 13847 17557 12052 20055  9354
 8237    2604  2675  3297  3627  14408 11354  4967 21791 10662 13606
 8238    1233   818  1230  3288   8516  8514 19481  9210  9207  8515
 8239    2884  2973  3792  3829  11884 11886  5371  5374 11934  5372
 8240    2796  2853  2968  3306  23049 23048 15874  4691 19078 22293
 8241    1162   677  1588  3656  17329 19464 19465 22815  6865 22783
 8242    2884   623  3736  3829   5999 11886 22857 22460 22459 13276
 8243    2695  2881  2883  3052   5343 12529 20103 21831 11689 11369
 8244    2779  2667  2983  3395   7001 18728  9135  8974 11588 14716
 8245    1325  1322  3689  3690  16620 23410 23062 23590 23591 23409
 8246    2565  1235  1776  3240  18293  8074 17156 23592 17155 23593
 8247     275  1385  1528  3637  19131 11947 11951 23160 11946  8019
 8248    2258   907  2388  3770   5274  5680 23594  5279  5275 23524
 8249    1220    20    19  2686   4721  4924 23595  9455 17978  4928
 8250    1288  1291  3065  3572  18234 23394 23541 23523 14863 12485
 8251    2307  2308   253  3463   7374 23596 23597  7375  7377 23598
 8252    2631  2669  2784  3958  18816 13645 13649 19300  9127 20492
 8253    1487  1017  2781  3769  21862 20134 12620 23599 23439 23600
 8254    3263  3393  3773  3816   6416  8491  8495  8407  4034 15940
 8255    1909   950  2376  3417  23498  8570 10856  8434 23601 23527
 8256    2926  2820  3277  3341  14318 16814 13388 18379 16587  6027
 8257     598   597  3902  3947   6434  6438 23602 23603 23604  6437
 8258    2301  2317  3162  3592  21759 19427 16173 16175 14673 16172
 8259      82  2570  3073  3860  20598  7847 23605 20603 20599 22252
 8260    2453   388  2669  3123   9126  4848 12994  6371 15166 13357
 8261    2204  2211  3172  3572  17260 14866 23606 13140 19602 17258
 8262    1602  3159  3663  3802  14848  9251 10943 14849 10941 20381
 8263    2818  2772  3470  3958  18815  9124 14350 23607 21840 18817
 8264    3098  2967  3239  3637  20661  8339 12885 22656  4605  4118
 8265    3280  2188  3292  3448  13114  4815  4817 14113  4818 14983
 8266    1170  2199  2200  3398   4088  4092 23608 23609 23610  4091
 8267     724  2268  2873  3612  11731 22974  9331  9334 10623  9332
 8268    1075  2777  3146  3417  20048  8567 23575 22979 12109 15963
 8269     752    82  2570  3073  20603 21557 22961 23605 22252 23611
 8270    3801  3905  3922  4028  16774 17640 22913 19939 23612 17639
 8271    2661  2720  2760  2831  23613 20748  8586 23614  8171 18765
 8272    1460  1459  3850  4007  15899 23314 22147 22150 23615 22148
 8273      73  2458  3209  1398  23616 15730 22205  4957 23617  9348
 8274    2642   659  3468  3988  18781 23618 23619 18785 18782 18406
 8275    3311  2585  3425  3639  23620 15242 20175 13710 20688 18881
 8276     843  2353   225  3861  20966 14472 22836  6676 13244 23621
 8277    1921   536  2911  3057  14118 23622 23623 22432 23507 13716
 8278    3076  2603  3238  3439   6167 11982 21083 15442 21834 17721
 8279    2778  1257  3273  3417  13697 23446 17844 23469 23466 23624
 8280    1020  1827   290  3900   6858  7155 21792  6862  4473  7156
 8281    2228    66  1895  3693   4353 11282 23625  4354  4356 11285
 8282    3563  1685    81  1384  20805 19590 22601 22602 23065 20803
 8283    2090  2284   914  3214  12577 12574 23626 22249 22250 12575
 8284    2751  2936  3586  3640  23212 12721 12719 12617 12718 14437
 8285    3386  3358  3683  3912  16627 19066 19008 23627 22996  6017
 8286    2654  2611  3617  3618   7703 23628  8559 23629 23630 15652
 8287    2914  3464  3736  3829   5999  5997 16094  9550 21437  5996
 8288    2027  2025  1178  3458   6959 21009 23577  9246  9243 21010
 8289      40   596  1150  3471  21201 10351 22013 23631 20728 23632
 8290    1679   392  1581  2915  22854 17274 21842 23419  6030 23463
 8291    2563  2411  3579  3826  23633 19945 22640 22639 23634 10198
 8292    2637  2892  2903  3321   6877  9141  4523 20131 10782  9140
 8293    2891  1120  3574  3681  19903 19353 13721 23635 23636  5133
 8294    2024  1858  2876  3647   5336 10746 17676 17678 18980 10888
 8295    1426  2426  3139  3679   4401  7152 19278  6308 20431  7151
 8296    2242  1481  3045  3467  16492  6039 18936 18934 14683 18937
 8297    2268   607  1423  3612  15097 10623 10625 15099  4705 23637
 8298    2769  2909  3284  3770  12776 16611 13739 20893 12601  6397
 8299    1526  3089  3509  3836  10126  7118  7117 23638  7116 10878
 8300    1149  3789  3856  3884   4481 14765  7174  4486  4482  7175
 8301    1100   487  3854  3899  17177 23639 15241  6943 14081 11188
 8302    2811  2360  3258  3382  17341 21316 21315 17345 17342 23640
 8303    2692  2898  3166  3613  15036 20595 23373 23370 22983 23328
 8304    2236  1897  2559  4021  20181 20942 23641 20182 15445 20262
 8305    2138  3355  3550  3827   9706  8039 22903  9705  9708 17695
 8306    2861  2924  3462  3731   8518 13846 13844  8521  8519 14161
 8307    1911  2264  2407  2831   7972 22318 23170  7971  7968 22320
 8308    2206   661  2944  3079   4565 23642  5626  5629  8474  5627
 8309    1853   462  3025  3369  15453 14002 11297 11294 14578 11298
 8310     911  1698  3181  3639   8911  8915 16408 21913 16405  8914
 8311    2784  2669  2818  3958   9124 18816 19300  9125  9127 15169
 8312     262   221  1966  3698  23268  4514  4512 23643  4511 13858
 8313    2622  2685  2739  3422  14740  6465  6469 19447  6464 14739
 8314    2023  2090  1745  3214  12573 19154 23555 12578 12574 23477
 8315    1066  2045   354  3632  23644 14798 22959 23645 10235 21144
 8316     837   272  2037  3313  22343 11783 23495 23646 12943 22342
 8317    1234   132  1729  3723  10677 21674 17777 23647 23648 23649
 8318    3369  3087  3499  3610   5982  4417 13257 22289 11653 19732
 8319    2317  1759   588  3961  23650 20490 20489 23651 12893 23652
 8320     277  1232  1571  3635  15471 23653 23654 18731 14700 16477
 8321    2615  2778  3273  3417  13697 13700 23448 23624 23446 13699
 8322    1187  1385  3090  3637   4608 23655 18137 23656 11946  6431
 8323    2603  1077  2681  3197  17980 22238 17566 23309  9165 21715
 8324     511  2076  1760  3038  22003 14390 14387 11245 14388 22357
 8325    2178  2542  3428  3957  23657 23658 13158 13154 22155 13153
 8326    1930  1346  2628  2962   8316  8631 19295 23659 14510 22231
 8327    2906  2765  3056  3354  19865  5226  7008 19113  8045 13659
 8328    2284  2090   853  3214  14834 22250 23626 14836 12574 23660
 8329    3064  2221  3206  3763  12923  8540 14131  5385 22107 11799
 8330    2372   753  3079  3346   4383 20062 15643 18520 23661 14918
 8331     202   876  3365  3959  15012 21227 16223  6207 21139 21226
 8332    3072  2695  3160  3641   9567  8535 11370 15689 19219  9570
 8333    2223  2207  1292  3113  18822 23390 11418 21211 23389 23450
 8334      51    52  1522  3721  23662 11517 11519 23663 11520 22067
 8335    1693  1414  2795  3619   5794 11993 16399 16401  8125 16400
 8336    2045  2438   608  3632  10238 10235 22982 22925  8545 10236
 8337     648   806  2814  2890  10819 10817 18947  5181 18943 10816
 8338    3464  2884  3736  3829   5999 21437 13277 13276 11886  9550
 8339    3119  3607  3614  3636  23664 14590 12240 10642 10966 23665
 8340     487  3642  3854  3899  17177 14081  6942  6939  6333  6943
 8341    2598  1016  2687  2857  21044 12783 12786 23666 12787 21046
 8342     195  1901  2708  3953  16738 23667 12755 12757 16740  7096
 8343    2816  2179  3606  3612   8169 14975 21456 21202 12690 18320
 8344    2616  2674  3146  3417  20048 13698 22593 20049  8709 22978
 8345    2701  3528  3529  3642   7304  7301 14397 13918 11957  7305
 8346    2677  2716  3275  3402  23668  7085 20613 15852 22741 13862
 8347    2780  2799  3267  3624   7618 23583 23147 12327 11400  8735
 8348    1909  1088   342  3417   8566  8570 23526 12111 12108  8569
 8349     678  2313  2938  3643  19483 19487 16471 20562 18285 19486
 8350    2173   131  2566  3920  14846 20096 22060 21986 19095 22113
 8351    2307  1392  2308  3994  22884 23669 23670 22885 22825 23597
 8352    2628  2594  2729  2833  11609  7412  7410 11429  7409 23227
 8353    2954  3055  3263  3773  15940 20528 20531 22872  6419  8492
 8354    3087  2644  3610  3764  13255 13258 16228 18568  9524 11653
 8355      86  1806  2133  3734  22014 18949 22949 22882 20676 13535
 8356    2278  1547  1336  3823   9284  9281 19693 22955 18571  9282
 8357     940  1997  3349  3898   9871 20323 10459 10457  7227  7178
 8358     194  1214  1575  3399  20225 14512 12656 23671  8391 22693
 8359    3465  3922  3924  4029   6366 19451 13296 19143 16771 16423
 8360    2897  2168  3184  3996   4418 17309 18184  4423  4419 12443
 8361     454  1821   972  3072  13585 15180 17153 13584 10305 15179
 8362    2010  1419  2369  3914  21645 21642 22991 21268 22484 21643
 8363    1132   528   886  3996  11595 18182 22814 22453 22455 23672
 8364    1392  2307  3547  3994  22969 22825 23670 23673 23669 22990
 8365    2352  1131  4005  4024  14022 20073 15141  9417 23674 20072
 8366     839   255  2934  3605   8962 10336 10339 23675 10340 16942
 8367     624  1590  2418  3769   8704 16107  7258  8703  5512 19782
 8368     320  1987  3595  3677  12711 12715 20865 23676 16456 12714
 8369    1606   138  1061  3827   4602  4599 21973 21358 20645  4600
 8370    2036  2743  2867  3131   5071 14680 12087  5076  5072 12088
 8371    3091  2716  3115  3402   7444 23677 15851 19006 22741  5502
 8372    2031   646  2914  3935   5998 23678 19289 21481 23323 21480
 8373    3746  3465  3924  4029   6366  6363 16426 16423 19451  6364
 8374     467  1524  1203  3158  16019 15492 15496 16023 15491 16735
 8375    3368  3465  3746  3846  16973 10567 10570 16426 10566  4239
 8376    1836    83    72  3861  20159  8354  8352 22943  8351 20157
 8377    1484  1014  3063  3578   5397  5401 23679 17450 12329  5400
 8378     853  2431  2284  3056  13131 23680 11096 23681 23682 23660
 8379    1012   623  3729  3829  11885  6240  5308  5310 22459  5307
 8380    2766  2861  3462  3731   8518 11721 21215 14161 13846 10670
 8381    1223  1552  2635  2649   6694 12807 23683 11989 11987  5477
 8382    1321  2880  2945  3038  11093 14135  4320  4859 20829 11026
 8383    2113  1606  1595  3827  16327 20148 23684 16328  4599 20149
 8384     874  1988  1408  3942  18917  5572  5576 15468  5571 19746
 8385    1606  2113  1910  3827  22009  4599 23684 23168 20148 22011
 8386     273   885   274  3952  20036 23685 23686 23687 12860 23688
 8387    2088  1925  2952  3120  10029 21234 19672  8622 10030 19673
 8388    3862  1194  3878  4027  15614 11723 15698 23689 23690 23691
 8389    2810  2910  3301  3773  11122 15941  4742 17724 15278 14391
 8390    3447  2757  3585  3995  15374 15409  9072  7987 23692 23693
 8391    3085  1318  3310  3861  21001 19521 23694 23695  8080 21182
 8392    1277  1274  3034  3147  13225 15093 14854 14856 18656 13557
 8393     827  2391   574  3995   8372  8369 22477 22919 17929  8370
 8394     108   882  2391  3995  17929 15375 21824 22920  5593 21777
 8395    2717  2838  2843  3177  18284  6132 22772 19089 22503 22773
 8396    2592  2663  3055  3773   6419 20530 15205 18825 18827 20529
 8397     918  1132   886  3996  11595 11592 21222 23672 18182 11593
 8398    2142  3847  3921  3922  19936 19923 21107 11176 22812 22771
 8399     574   882  2112  3995   5590  8372 22918  5591  5593 23515
 8400    2134   482   118  3233   6901 21313 23696 23697 11684  4057
 8401     216   193  2236  4021  20942 19130 16147 23698 19129 23551
 8402    1346  1930  2647  3102  11351 11349 19295  6984 11106 11350
 8403    1590   585    68  3769   8701  5512  5510 23699  5509  8705
 8404    2761  2929  3111  3687   4175  8643 21874  6525  6199  8642
 8405    2271  1860  2809  2846   7547 18422 20616 21473 20617 18421
 8406     776   811  3248  3973  16269 23700 14810 14812 19663  9696
 8407    1854  1467  2081  3883  11953  6303  6301 11954  6300 20382
 8408    3220  2960  3923  3951   7069 11071 11069 21489 11068  8483
 8409    1501  1511  1558  3898   8889 12470 23701 22744 20247 23702
 8410     882  2413  2112  3202   5594  5592 23703 22532 22383  5591
 8411      54  1757  2898  3256   9439 11042 10807  6138 11041 21013
 8412    3153  3524  3596  3967   6894 15881 14686  6899  6895 14659
 8413    3183   907  2388  2491  23704 22363  5276  5279 22361  5277
 8414    1017  1346  2741  3102  11348 20695 20683 11352 11349 23705
 8415    1744  1743  2064  3210  22404 10584 13107 23706 21141 23707
 8416     815   863   471  2831  20926 12045 12043 23708 12042 20929
 8417    2248  2249  3378  3775  15152 16749  6358  6361 16747  6359
 8418    2468   928  1545  3397   6768  7524 21802 23709  5813  7523
 8419    3169  2672  3685  3795   7834 18222 18223  7836  6610 19416
 8420     811   776  2443  3973  16268 19663 14810 23710 23700 19662
 8421    3224   581  3378  3655   6356 13518 21379 16070 16068  6618
 8422     984  1149  3919  3986  22721 15900  7173 23711 14766 23712
 8423    2923  2039  1605  3222   8599 16411  8286 23315 16412 20245
 8424    1327  1328  2880  2979   4852 23277  9028 13841  6677  4317
 8425    2069  2802   759  3093  18488 22528  6354 18487 18485 23713
 8426    2431  2335  1180  3354   9716 11097 11095  9717  9719 23714
 8427    1965  3486  3080  1169   6145 23715 14174  6141  6140 21125
 8428    1803  2983  3214  3601   7895 21397  9409  8975 16373 19156
 8429    2692  2801  3064  3613  13810 20595 10699 11801 18605 17893
 8430    3101  2868  3365  3412   6205 18166 11085 16178 18168 23716
 8431    2275   761  2949  3477  21872  4256  4259 21373  4260 23717
 8432    1805   322  2907  3428  15197 21547 22808 21574 19512 14588
 8433    2586  2226  2628  2933   8319  8318 21137 17270 17271  8317
 8434    2784  2870  3100  3881  19258  8834 15170  9441  5251  4932
 8435    1058  1427  1728  3495  22160 11604 21535  5961  8867 22159
 8436    2735  1602  2914  3356   9026  9025 22284 21631 14094  8653
 8437    2876  1858  3077  3647  18979  5336 17678 17675 18980 16874
 8438     956   951  3833  3933  22261  8251  8248 17653  8249 14257
 8439     816   235  3290  3983   5208 22171 22172  5213  5209 22101
 8440    3643  3174  2961  2799  22728 16884  9382  9385 12326  9383
 8441    2430   855   505  3619  12423 23718  5070 20254 20256 22537
 8442    2528  3007  2530  3396   4110  4107 23719 23720 11207  4108
 8443    2188  2075  2579  3292   5218 14113 16274 14305 14306 19585
 8444    1100   714   487  3899  14081 23639 23721 13685  9983 15241
 8445    1691  1634  3250  3552   6264  7815 13705 13702 19122 13706
 8446    2683  2620  2782  2878  15660 22768 20731 17737 20965 20732
 8447    1961    85   354  2812  22175 21235 14071 22176 10451 23722
 8448    2833  2761  3687  3938  10006  5868  5866  8643  5865 14033
 8449    3133  3340  3984  3985  15043 18303 20172 15047 13954 16006
 8450    1691  2366  2365  3250  11841 13706 21670 23334 21669 22049
 8451     663   661  3101  3300  11466 15253 15251 11468  8473 11086
 8452    2624  2627  2697  2878  13455 13453 23346 21748 15082 13452
 8453    3183  2852  3338  3601   8324  7896 17490 21405 16852  8748
 8454      66  2228   287  3693   5599  4356 23625 23723 11282 23724
 8455     232   350  2136  3438   4128 15113 23725 23726 12678 15114
 8456     323  1340  1482  2951  21605 16067 20744 23727 20743 21781
 8457    1329  1968  3114   688  23407 22612 13548 13550 22807 11367
 8458    2282  3145  3158  3203  18836 15415 15419 14000 15414 19174
 8459     280  2042  2843  3029  13650 13653 22592 18283  8268 13652
 8460     272  1067  2037  3313  22343 12943 12941 23728 12940 23646
 8461    3174  2900  3386  3545  16928 19068 12328 16932 16929 19067
 8462     950  2376  3417  3992  21767  8431  8434 23498  8430 23601
 8463     623     1  2884  3736  13276 22460  8382 11273 18008 22857
 8464     881  1018   936  3268  14573 16283 18102 14572 14569 16284
 8465    2818  2772  2905  3059  10283 18764 14350 17792 23729  9259
 8466    1705   439   440  4017   4820 23730 23731 19919 19917 23732
 8467    1021   146  3576  3679  12212 12210 20775 15096 15094  9740
 8468    1692  2366  2942  3164  14706 14704 18804 17150 13690 14703
 8469    1860  1368  1763  2846  23733 20617 23734 23735  8235 21475
 8470    1139  1915  3847  3903  10246 15524 21858 17568  7326 15523
 8471    1716  2743  2867  3786   8862  8866  7340  5076 19312  8865
 8472    3239  2984  3246  3576   6049  5530  5528 12283  5527  6052
 8473    3056  2909  3083  3089   4082  4086 12599 19898 12600  4085
 8474    3120  3116  2773  3600   9545 14788 13791  4837 13290 20567
 8475    1092  2492  1138  3148  14324 11205 19756 12799 14325 18492
 8476    2297   502  1629  3157   9756 20188 20186 16557  5524 23736
 8477    2096  1752  2870  3123   8213 22209 19873 19872 23737 11817
 8478    3476  3191  3767  4004  17393  9793 13214 17920 13213 12249
 8479    1675  2275  2949  3477  21872  7711 23738 23717  4256 23306
 8480     393  3118  3562  3711  19767 19771 19927 15786  7810 19770
 8481    2296  2159  3138  3401   4831 10415 18010  8203 10918 11291
 8482    3488  3355  3550  3983  22029 22031  9701  9705  5682  9788
 8483     583  1601  1205  3066  11411  8334 15086 16907 10760 11415
 8484     581  3224  3378  3747  13027 17250 21379  6618  4643 16070
 8485    2272  2176  3719  3894  22701 23739 14237 14239 23740  5002
 8486    1374  1666  1775  3463  21246 21534 23741 23456  7373  6343
 8487      65  2094  2885  3256  13436 14429 14433 18650 14428 23475
 8488    2755  2991  3406  3861   8079 19434  9852 13815  7649  7420
 8489    2321  3307  3653  3868  13397  9446 11919 13599 12309 10229
 8490     340  3030  3325  3456   4713 23742  6570  4780 23743  6571
 8491    2699  2855  3446  3603  15627 10775  4271  8691 15053  8690
 8492     584   308  2287  3603  11508 13366 13369 11509 11511 23744
 8493    1666  1665   253  3463   7374  7373 23745 23746 23747  7378
 8494    3068   555  3236  3466  11456  8348 16218  8425 15665  8906
 8495    3806  3738  3889  4005   4505  5980 14172  4509  4506  6594
 8496    1347    20    26  3274   5851 13373  9456 23748 13372 23749
 8497    2968   539  3061  3289  13151 22292 21499 20763 12008  4688
 8498    3041   162  3492  3539  13990 13993 14825 18324 16259 13992
 8499    1373  2130  3922  3924  19143 21505 22585 19924 19349 22584
 8500    2637  1269  2843  3680  12949  9744  4524 19223  7109 12947
 8501    3136  3544  3631  3781  16608 17256 10933 10936 16609 10934
 8502    3168  3407  3714  3796   9065  9069 17043 17044 14158  9068
 8503     516   501   584  3573  14046  6097 23750 16494 16495 14045
 8504    2876  3077  3149  3647  10273  5336 16874 20854 18979 10271
 8505    1514   962  1644  3345   5260 14102 16039  7940  7942 19734
 8506     521  1155  3379  3520   4553 23751 20608  4554  4556  7937
 8507    1132    96   962  2897  14444 18185 23752 14853  7802 22905
 8508    2300  3413  3981  4009   6910 18477 18244  6915  6911 14832
 8509     961   657  3255  3363   7426 23753 16836 16294 16296 16837
 8510    1895   433  1164  2873   4949  4357 18542 14379 14380 20969
 8511     543   709  2917  3993   8668 16080 22388  8669  8671 13725
 8512    2851  2744  2907  3370  15196 23279 19546  5344 23754 13281
 8513    1122  2397  2951  3289  14994 19863 22413 21838  7021 17841
 8514    2766  1224  3229  3291   6169 10669 12735  4768 21047  5077
 8515     311   122  1282  3184  11173  4803 20561 14497 18277 23755
 8516     383  1143  3139  3394   5906  9478 21798 21948 20994  9477
 8517    1049  2264   636  3419  20877  4579 18688 20878 17216 23756
 8518    1151  3413  3681  3714   6799  7495  7493 23757  7492 23758
 8519     188  2533   189  4003  16363 16362 19250 21378 17212  9684
 8520    3135  2751  3586  3640  23212 23211 23759 14437 12721  5378
 8521     682  2380  1467  3109  15890 16880 16878 15889 15892  6304
 8522    3308   460  3438  3584  16441 10393 15532 19114 21394 12677
 8523     144   953  2942  3663   8072  8069 17262 17263 20839  8070
 8524    2817  2696  3124  3475  12793 12792 12398 12400 12972  4702
 8525    3410  3221  3834  3991  12181  7159 15915 15782  9810  6289
 8526    2842  1327  2880  2967  23760  9040 16949  4317  9027  4851
 8527    2483   235  2243  3290  16989 16987 23761 20769  5213 16986
 8528    3189  3111  3575  3848  11287  4528 21016  4174 11288 21014
 8529     480  3175  3302  3320  23187 22777 22671 14232 23189 23762
 8530    2726  2743  2845  2867  19752 12618  6374 15427  5076  9824
 8531    1785   814  1198  2915  17272  7003 20300 17275  6031 19780
 8532    2681  1276  2824  2987   5148 11614 13026 13022 16822 13021
 8533    1904  2793  2978  3777  16764 16768 21264 13572  8657 16767
 8534    1552  1223  2635  2844  15756 17768 23683  5477  7820 11989
 8535    2434  2297   851  3157   9755 14106 23763 23764 20188 10762
 8536    2689  3325  3647  3719   5335  6840 21443  5338  4712  6839
 8537    2647  2775  3060  3190  20787  9226  4431  5000 20436 23105
 8538    2123  2911  3412  3424  23765 12508 11717 13718 10535 23766
 8539    3159  1692  3250  3339  11837 18803 18805 13703 18806 11608
 8540    2983  2852  3214  3601   7895 16373 22375 17491 16852  8975
 8541    2430  2795  3619   505  12423 22537 10726  5794 22273 23718
 8542    2705  1510  3345  3773   6421 14689  4244 15268 16329 14610
 8543    2740  2763  2845  3266  13542 22255 21883  9827  7092 15428
 8544    1266  2637  2843  3247  12948  4863 12538 12947  9743 23767
 8545    1770   382  2578  3936  20647 20458 20456 23768 20455 21406
 8546    2735  2708  3159  3250  11608  6262  7099  7095 14147  7094
 8547    1746  1120  2891  3681  19353 23769 23770 13721 23636 17787
 8548    1794   251  2982  3109  11043 20495 17618 17620 20497  9400
 8549    2914  2735  3829  3935   5994  5998  8653 12670  8654  5997
 8550    2150  3291  3462  3893   5938  9995  9999 10672  9994 16393
 8551    3175  3555  3747  4014  11312  4907 19352 11316 11313 14206
 8552    2926  2820  3199  3299   9448 11620 13388 16815 21195 11016
 8553    1938  2253  3204  3432  17553 14807 23771 17555 12671 18313
 8554    2682  1321  2967  3090   4606  8628 13443 11423 13442  8627
 8555    2693   596  2973  3568  15735 18083 20730 14593 15733 18436
 8556     468  2253  2834  3204  17554 18304 23772  7893 17555 23292
 8557    3141  3258  3363  3803   8779 19496 19494 18024 19495 20907
 8558    1823   928  3397  3782   5171  5169 23773  5813 23774  5168
 8559    2688  2760  2786  3457   6817  5290  5288 18766  5287 20799
 8560    2747  2719  3540  3558  17894 17895  5317 16823 16302  6782
 8561    1734  1425  2155  3491  18512 23775 23776 23777  9054 23778
 8562    2691  2692  2724  3627  10697  9339 13103 10698 10700 13104
 8563    2622  2940  3071  3577  14067 21749 12056 12058 17009 12057
 8564    2961  2900  3174  3545  19068 13468 15144 12328 16929  9385
 8565     654  1708  2831  3612   8170  4709 23779 19087 19088 23093
 8566    2782  3186  3563  3630   9368  9371 17736 17635 23443  9370
 8567    3488  2383  3547  3983  23581 22031 23780 22989 21349 23781
 8568     311  1282  1872  3184   5111  4803 23755 11171 11173 18249
 8569    3341  3237  3424  3934  22410 18592 16585 17749 23782 14315
 8570    2369  1419  2910  3301  17724  8450 21268 10388 22483 17885
 8571    3060  2931  3473  3726  22050 22692 11474  9346 20352  4995
 8572    1317  1316  2727  2764  11557 23783 18098  7449 13431 18097
 8573    1108  1107  4013  4016  23784 20398 17863 17865 23785 17317
 8574    2816  3316  3680  3693  10085  4394 17649 10088 10086  7106
 8575    1613  3489  3624  3796  19905 20654 18586 10162 20437 16047
 8576    3369  2504  3497  3502   7372  7189 18579 12323 12320  7371
 8577    3332  2768  3621  3724  21912 21911 14480 23075 23349 18289
 8578     975  1355  2102  3279   5090 23786 23787  9992 13267 23788
 8579    1903  1901  2708  3339  12753 13571 17351 12757 12754 17352
 8580    2908  2915  2982  3601   8309  8313 16375 14818 16374  8312
 8581    1992  2908  3138  3286   6654  6658  7317  8617 19406  6657
 8582    1599   226  1029  3393  10551 12078 23789 10550 10547 12077
 8583     207   221  2545  3698  19148 19433 23790 23791  4511 19432
 8584    1889   830  3840  4018  20126 23792 20029 20030 20127 17470
 8585    2441  1856  2745  3356  10732 15862 15262 10733 10735 23793
 8586    1390  2148  3467  3619   5790  8674 12291  9873 12290  9780
 8587     700   751  2605  2711   7923  7591 17733  7922  7925  6444
 8588     284   170  2748  3061   6646  8928 23794  6645  6648 23795
 8589    2862  2774  3316  3997  11276 11280  9037 13098 23796 11279
 8590     217  1699  3188  3682   9094 16087 23797 13302 13303 20051
 8591    3234  3410  3985  4020  10460  9775 12702 10958 17923 18279
 8592    2709  3188  3305  3572  18233 11186 11184 17406 11183 12744
 8593    2140  1355   975  3279  23786 13268 13266 23787 13267 23798
 8594    2643  3069  3729  4023  19419 11648  8892 19418 19421 20991
 8595    2328  2329  3361  3720  14499 18192 18190 23517 18189 23799
 8596     769  1366  2857  3115  11224 17898  8112  8109 19994  8113
 8597    1079  2168   693  3184   4421 13286 23800  4420  4423 20657
 8598     580   581  3328  3655  13519  7418 16801 12962 16068 16799
 8599    1913  1960   586  2669  11599  9750  9747 11598  9748 23006
 8600    2724  2650  2800  3466  18537 16032 13463  8564 18818 23801
 8601    2435  3420  3444  3882  14142 20429 20427 21920 17384  5915
 8602     420   592   119  3565  11074 19284 23802 16643 16641 22650
 8603     975  2102   181  3279  15362 23786 23788 23803  5090  5271
 8604    2231  2399  1747  3696  23804 20347 20345 23805 14399 23806
 8605    2592  2954  3263  3773  15940 20530 19150  8492 20528 13655
 8606    2894  2692  3166  3348  15033 15221 22508 23328 17004  9667
 8607    2052  1983  3125  3928  12133 17015  8927  6508 12134  8925
 8608    3074  2682  3098  3334   8343 20594 13336 12886  8629 16236
 8609     202  3117  3560  3959  11381 21227 15825 10590 21225 20257
 8610     487  1703  3642  3694   6332 13686  6941  6944 23807  6942
 8611    3441  1495  3482  3698   8374 11746 16505  8377  8375 22151
 8612    1566   244  2011  3859   9575  6282  6280  9578  6279 10311
 8613    2938  3643  3707  4002  15457 15460 19483 18600 16883 15459
 8614    1876  2019  3586  3662  14434 19041 19039 23284 19038 20143
 8615    3224  3042  3747  3783   4640  4644 18991 14207  6667  4643
 8616    1321  2683  2880  3038  20829 14135  4319  4316  6408  4320
 8617    2799  2891  3624  3711  10161 19263 11401 10163  5418 11400
 8618    2951  2283  2968  3289  22292 14994 21837 23087 12009 12260
 8619    1521   584   501  3603  15630 13367 13370 16494 13366 23808
 8620    2802  1587  3184  3548  12439 19537 10658 15157 15153  5107
 8621    1320  2647  2979  3761  23809 22074 10841 17287  5782 17286
 8622    1999   143  1379  3161  14200 14198 15474 22116 15472 14197
 8623     362  1248  3496  3712   6950  4470  4468 17187  4467  4065
 8624    2748  2672  2853  3061   4692  6646 10845 14960 13149 12709
 8625    2853  2791  3491  3709  18275 19077 14959 21568 12062 14775
 8626    3038  2981  3122  3807  23810 10867 11659 11656 23811 11655
 8627    1862  2470  2727  3182  11558  5194 23812 10864 23813 11556
 8628    1996   685  3263  3893  17493 23814 23815 16795 12178 21905
 8629     976  1151  3681  3714   6799  6797 23816 23758  7495  6796
 8630    2068  1642   778  3094   9033  8221  8219  9034  8218 23817
 8631    1079   653   763  3184  15155 13286 23818 23819  5108 19060
 8632    1386   669   970  3183   8751  5663 23820  8750  8752 22431
 8633    2632  2701  2998  3143  11928 11932 11639 12640  8261 11931
 8634    2769  1548  2804  3836  16613 14598 10203 16960 18299 16614
 8635     290   779  1232  3614  10646 10643 19970 22567 19971 10644
 8636    2748  2791  2921  3094  11330 20800 23821  4660 14920 10185
 8637    1082  2633  2649  3260  14995 22637 18498 18499 18245  6696
 8638     876  3101  3365  3412   6205  6208 23238 23716 18166  6207
 8639      55  2189  1388  3615   9051  5831  5834 22688  5835  9049
 8640    3108  2791  3194  3491  18511 18513 14922  4662 21568 14919
 8641     616  1933  1687  3548  15423 16892 16894 18332 10111 23822
 8642     370  2142  3847  3921  11176 21223 21105 21107 22771 15525
 8643    2454   314   629  3334  16914  6109  6106 23823  6107 18458
 8644      28  2106  3274  3704  10317 10093 23354  4724 14758 23355
 8645     167  2315   861  3605  21254 13495 23824 21255 18799 23825
 8646    1687  2649  3099  3548  15420 15423 12258 11058 19538 12259
 8647    3188  3054  3201  3882  14559 11130 11132 21485 11133 14936
 8648    2974  2710  3070  3279   5010 17368 17366  5009  5012 23826
 8649    1449  2000   575  3800  23483  7602 23827 23828 18481 23829
 8650    2670  2625  2673  2964  14461 10168 13241 11300 15443  6920
 8651    3104  2693  3282  3485  13007 12120 15935 13012 13008 12100
 8652    2462  1512  3336  3752  16543 18697 18695 16546 13883 23305
 8653    1728  1427  3076  3495  18237 22160  5961  5958  8867  5962
 8654     772  1664  2917  3750  19184  9967 10652 10655 21331 10653
 8655    1060  2030  2477  3726  12611 20196 20199 12612 12356 23830
 8656    3537  3225  3794  4024  17508 21029  8234 15226 17509  4372
 8657    1956   996   214  3716  21008  5948 23831 17296 23832 21007
 8658    2976  3136  3435  3840  12936 16921 16920 18471 16919 18453
 8659    1815  2485  2460  3401  17080 13503 23833 22786 11501 23834
 8660    2972  2620  3327  3757  17461  4286  4289 13597  4290 16041
 8661    3445  3374  3598  3888  19140 17243 12911 21299  7515 21297
 8662    2869  2905  3303  3355   5686 21112 10604 10601  9260 10605
 8663    2832  2614  3406  3603  12227 11507 18397  7421 15051 18396
 8664     245  2728  3148  3763  23835  5886 12173 14096 12169 19749
 8665     761  2481   434  3399  15002 13315 23836 23837 23838 21376
 8666     235  1647   241  3990  15671  8539  8538 23839  8537 20770
 8667    2056   807   491  3944   4335  4334 21317 22227  5898  4339
 8668    1642  1114  1734  3194   8402 16911 12872  8406  5535 23840
 8669    1881  1878  3183  3493  16578 23841 23842 20640 15392 22362
 8670     422   987  2763  3181   7091 12230 20806  7090  7093 12229
 8671     478    81  3186  3630  23443 22558 22625 23342 22600 23843
 8672    1879  1502  3177  3749  17853 17870  4679  4676 17854  4680
 8673    3235  3084  3313  3565  10839 21509 12616  9914  8649 18866
 8674     890  1193  2903  3247   5601 17135 18873  5606  5602 18874
 8675     991   990   845  3865  11735  6675  6735 23844  6731 11733
 8676     764  2136  1130  2930  16054  9954 23845 20922  4127 16052
 8677    2639  2588  2755  2991   9852  7650 16108  9851  9854  7423
 8678     923  2022   997  2929   5774  6807  6805 18992  6804 15217
 8679    3101   876  3223  3412  20306 18166 23238  4206  6208 21122
 8680    1495  2447  2549  3698   5726  8375 23134  5725  4510  8376
 8681    1055  2344  1626  3167   8255  7474 20574 17948 17950 22875
 8682    2068   778   203  3094  15695  8221 23817 19638  9033 23846
 8683    1808  2153   447  3608  15190 23847 23848 23849  8958 23850
 8684    1887  2156  2632  2998  11931 23851 23852 11930 11933 23853
 8685     322  1234   112  2907  10678 21574 21572 23854 10076 23855
 8686    2026  1213  3746  4030  16969 22321 23856 16970 16972 23857
 8687    3983  2383   878  3488  23858 22031 21349 22870 23780 22869
 8688    2060  1557  2061  3701  12246 18895 23859 12248  5858 18896
 8689    3835  3768  3852  3871   7609 23406 23860  7614  7610 17730
 8690    1247   362  1248  3496  17187  4068  4066  4468  4065 23861
 8691    3352  3385  3751  3897  17987 19327  7757 17990  6014 23178
 8692    2036  1487  2781  3166  23371 22215 12086 23600 22214 13673
 8693    3088  3265  3465  3746  16426 16264 14012 22204  4242 16424
 8694    3436  3165  3881  3898  23862 17750 14021 14020 18267  8830
 8695    1575   434  2481  3399  23838 20225 23863 23837 15002 23864
 8696    1241  1247  3051  3496   5443 21354 21357 22247  4068 17550
 8697    2389  1600  1052  2906   5825  5829 22373  8278  5650  5828
 8698     415    30    29  3061  20761 15910 23865 20762  9304 23866
 8699    2901  2835  3151  3322  22451  6403  6778 22770 23867 17435
 8700    3107   340  3259  3894  16777 16776 23868  5004 23869 11896
 8701    2748   613  3061  3108  12707 12710 13493  6908  6868  6646
 8702     307   855   642  3609   6456 21359 23870  9616  5065 22923
 8703    2900  2797  3088  3819  14981 23871  8736 16201 23872 20543
 8704    2810  2943  3421  3914   7952 17723 20634 11250 20633 12150
 8705     813   534  2721  2728  13555 13553 22283 12666  9216 13552
 8706    2669  2785  3123  3958   9123  9127 21363 22561 21839  9126
 8707    1645   846  3238  3439   6167 18153 16945 16944 11983 16760
 8708    1190   655  2427  2804  16140 16961 23873 16139 16141 17002
 8709    1389  2485   542  3200  19954 11502 11500 23874 11471 21158
 8710    3293  2981  3807  4021  20941 20180 22930 23811 12981 12608
 8711    3789  3784  3850  4006   9654  9657 19313 21687 10328  9656
 8712     467  1391  3158  3563  16733 16736 15493 15495 23875 15492
 8713    2944  3254  3622  3727   5991 19307 16991 16993 10254 10053
 8714    2644  2722  2847  3610  11654 18568 23876 19878 13616 18569
 8715    2799  2900  2961  3337  15145 19548 12325 15144 15146 22728
 8716    1793  2492  2067  2728  16647 11408 12797 23877 12171 16645
 8717    2876  2746  3176  3387  11619 11115  4779  8848 11114  8847
 8718    3070  2105  3279  3906   9494 18770 19793 15364 12761  5010
 8719    1593  2113   746  3391  21367 19621 22987 23878 20151 21366
 8720     649  2298   748  3222  15106 11814 23879 23880  5671 15105
 8721    1846  2697  3479  3571  21623 15717 22380 18649 15380 22106
 8722    1555  1054  2736  3057  11832 17071 17932 18045 18043 20177
 8723    3224   667  3727  3852   5988 17729 10516  5993  5989  6684
 8724     535  1133  2257  3080  11125 18047 23881 23882 22004 23413
 8725    1643  1546   104  3666   5900 15305 23883 23561 10384 20152
 8726    2654  2612  3272  3617   7337 15652  8561 19177 23364 15819
 8727     686  3002  3001  2872  19822 15490 15488 22858  7065 19824
 8728     494  1099  1539  3099  11483  8993 21689 11487 11484 12295
 8729      10   134  2665  2700  11446 11449 23884 21591 21592 11448
 8730    2880  3038  3122  3563   9372 17637 20829 11655 20826 23885
 8731    1969  1970  3828  4026  23886 13911 13909 23887 13908 23888
 8732     579   621  1348  3619   8685  9396 20337  8687  7992  9397
 8733    1744  3210  3406  3536  12542  9710 10584 10581 21140 10585
 8734    1441  1673  1523  3380  17780  5715  8437 17779  8436 22957
 8735    3784  3789  3856  4006  10324 10328 19313  4486  9657 10327
 8736    1631  2924  3095  3731  21827 13418 13422  9354  8519 23889
 8737    3833  3832  3971  3976  22489 14260 21926 22491 14271 23890
 8738    1432  1489  2149  3106  23307  9102 23891 22348 10043 23308
 8739    3505   680  3493  3569  16313 16311 23505 20642  4620 16312
 8740    2227  1758  3118  3337  15785 16379  9461  9464 15787  9462
 8741    2201  2103   873  3029   8269 19852 18559 23892 19991 23893
 8742     909  2351  3067  3892   8093 23894 22834 12382 18565 10292
 8743    1410  1411  1461  3434  12136 11869  6946 23520 11868 23895
 8744    2471  2923  3233  3927  11681 14858 13323 13163 13160 13324
 8745     697   563  2258  3056   5679  7958 23896 23897 22691 13305
 8746     686   689  2872  3000  18522 19823 23898 23899 13076 15490
 8747    2896  2921  3253  3811  10138 10136 18427 19175 18172 10135
 8748     877  1843  2669  2990   9745  6152  6156  8228  6151  8707
 8749     483  1984  2270  3790  14154  5746 23900 22326 19285 23901
 8750    2709  3054  3059  3201  12745 12743 21486 23479 21485 10287
 8751     878  3983  3488   879  23902 23903 22869 22031 23904 23858
 8752    2868   664  3101  3360  14078 23182 23183 14079 14080 11085
 8753    2851  2403  2907  3381  10073 19542  4236 10078 10074 13281
 8754    1642  2155  3094  3194   5537 16911 23905 17426 18514  8218
 8755    2769  2462  3336  3752  16543 19343 10207 23305 18697  6393
 8756     328  1762  3037  3083   6187 18515 18517 18710 15635  8364
 8757     481   380  1285  2969   4550  9754 23440  9109  9105 23906
 8758    1924  2088  2087  3120  22846  7394 22956 16462 21234 22847
 8759    1385  1187  3334  3637   8338 11946 18137 18135 23655 14520
 8760    3249  3358  3645  3386  16660 16662 19007 23907 19008  4341
 8761    2470  1394  3161  1719  23908 23909 23910 15149 23911 10866
 8762    2737  2631  2856  3591  10571 16004 15349 15646 19964 16072
 8763     650  1816  1791  3541  16846 21353 18156 16851 16847 21611
 8764    3267  3465  3810  3908  20083  4169  5173 18139 13295 21260
 8765    2649  2808  3099  3548  15420 19538  6818 21751 20532 11058
 8766    3133  3152  3798  3931  22657  7997 19568 13173 18550 11963
 8767     160   656  2870  3100   9441 15984 11819 11816 15563 11820
 8768    3337  2961  3597  3653   5687 15143 15145 23912 13398 19105
 8769     643  2363  3300  3360  14077 16169 22041 16095 22958 16168
 8770     945  2097  3538  3757   5455  5610 19703 11747  9509  8010
 8771     411   865  3338  3569   8873  5435  5433  8872  5432 13665
 8772    2907  3370  3428  3957  23657 13280 15196 15194 23278 15197
 8773    1386  2233  3214  3601   7895  7898 22651 23086 21400  7897
 8774    2605  1171  3047  3654  12153 14061 17667 12157 12154  9607
 8775     228  2129  3180  3575  22168 15904 20242 23298  5221  9973
 8776    1561  1825  2746  2876   4779  7934 21806 16194 16193  7933
 8777    1809   905  2857  3744  15454 14784  8788  8785  6581  8789
 8778    2888  2614  2725  3406  15930 15928 13331 13334  7421 13332
 8779     718  2474  3338  3601   8324 18053 13626  8329  8325 13622
 8780     303   160   947  3100  22896 11568 23565 23165 15984 22897
 8781    3263  3229  3666  3844   4178 10414  4740 17415 11019 10413
 8782    2720  2760  2831  3072   8698  8697 23614 23613 15691  8171
 8783    1382  2306  3123  3656   4843  4847  7930  7926  5052  4846
 8784    2687  1345  2737  2923   9763  9762 19324 21287 19325  7747
 8785      83  2324   843  2991  14473 19561 21634 23913 14264 22941
 8786     241  2243  3290  3656  16985  5049  5053 16989  5048 20768
 8787    1385  2454   727  3334  14521 14520 18136 22703  6109 14519
 8788    1418  3385  3869  3897   6012 20861 16501  6011  6014 23914
 8789    2501  2997  2502  3143  13680  7563  7561 13679  7560 10797
 8790    1038  1836  3406  3861   8079  8350  8353 12545  8354 13262
 8791    1456   832  2458  3383  16272 14789 19534 23915 19535 23916
 8792    3112  2659  3113  3205  13288 21815 21818 12625 13289 18823
 8793    2627  2644  2697  3610  18734 19340 23917 18733 18568 21748
 8794    2716  2686  2969  3402   9535 22741 10893 10890  7084 10889
 8795    1904  2696  2918  3124  23163 23528 18039 18064 12400 23119
 8796    1276  2734  2776  2824  22028 13022 23512 15001 13779 23918
 8797     841  1368  1860  2846  20617  8236  8240 23734  8235 23919
 8798    2008   721   181  3797  10557  7276  5118  5273  7274 22861
 8799    2295   256   390  3399  15433 15432 22180 23920 22279 15431
 8800    1447  1121  3410  3834   6289  6287 23153 12703 17285  6286
 8801    1843  2856  2990  3591  16817 10572  8224 23921 10571  6151
 8802    2362  3331  3609  3962   6453 11066 15386 17079 17077 11065
 8803    2942  2655  3221  3777   9436 10263 19237 18920  8660 19234
 8804     853  3056  3214  3354   8972 11094 23680 21043 19865 14834
 8805    3079  3223  3300  3331   4563  4567 13748  8423  8419  4566
 8806     582  2428  1365  3308  19894 19893 23922 22057 21967 19896
 8807    3014  3013  2789  3943   9898 16686 23923 16202 16204 16685
 8808     837  1425  1734  3491  23775 23924 23925 23776  9054  8404
 8809    3285  3045  3391  3678  20807  4046 14308 17966  7144 21368
 8810    2594  2598  2857  2975   8895 11364 21045 12783  5504 17968
 8811    1807  2906  3056  3354  19865  5227  5231 13659  5226 10245
 8812    2320   718  2982  3601   8309 23926 15765 15764 18053  9403
 8813    1415  1642  3094  3649   5533 17233  8222  8218 12871  8217
 8814    2595  2705  3301  3997  14293 14017 14019 14688 13830 14392
 8815    2724  2800  2826  3739  20339 16030 23801  8934 22042 16535
 8816    2628  1346  2726  2962  14508  8316 23659 14507 14510  7411
 8817    3329  1784  3477  3540  12253 15403 19069 10576 18529 21525
 8818     381  2576   628  3936  23927 21730 21728 22259 20454 23928
 8819    3379  2711  3396  3518   8029  8031  7168  7586  5179  4106
 8820     500    75  3219  3813  14953  8949 11999  7981 12000 22344
 8821     755   840  1450  3584  10394 20586 22036 10395 10397 10948
 8822    2194  1926  1433  3626   7256 12530 20833 20471 20468 12531
 8823    1706  1523  1039  3380   5019  5147 20847 20777 17780  9842
 8824      86  2133  3245  3734  12490 18949 13535 13532 22014 13531
 8825    1558  2213  1501  3898  12470  8889  8887 23929  5197 23702
 8826    3748  3738  3806  3886  14168  8417 18261 14172 14169 18260
 8827    1283  2925  3207  3911  13191 23930 23931 12739  7262 23932
 8828    2635  2802  3184  3548  12439 12442  6695  5107 19537 12441
 8829     879  2334  2553  3488  14034 23902 23933 14035 14037 23934
 8830    3056  2388  3183  3770   5278  5676 23525  5277  5274 21042
 8831    2800  2826  3615  3721   9229 20541  8934  8931 20540  8935
 8832    2211  1288  3305  3572  18233 19602 13171 12486 23394 13137
 8833    2603  1224  3148  3238   7695 15442  4767 16125 15441 18903
 8834    2475  2433  1093  3443  14516 10346 23935 23252 19968 14514
 8835    2184  1645   174  3238  12519 21038 23204 16762 16760 17763
 8836    2709  3188  3201  3305  12741 12744 11184 14936 17406 12743
 8837     843    83  2991  3861   7649 14472 22941 19561  8351 14473
 8838     844  2418   485  3813   6099  6098 23264 23936 21832  6103
 8839    1962  3290  3355  3990  12633  8536  5211  5685 23937 12632
 8840    1900  1907  2817  3589  11775 19827 12565  4701 17625 21030
 8841    2402   500   774  3813  23938 12496 12494 22346  8949 23939
 8842    1320  1325  2933  2984   8955 17236 18926 23061 12145 22579
 8843     825  2078  2794  3153  15883 22649 17137 23940 20674 22648
 8844    1642  1734  2155  3194  18514 16911 23840 23778  8402 23905
 8845       0  2797  2976  3088  20904 16103  6490 12091 16201 15650
 8846    1799  3540   833   412  23941  6690  6685 19529  6686 19740
 8847     332   602  2480  3295   5800  4746 22805 22610 20012 23564
 8848    1303  1846  3319  3571  15379 15713 15716 22105 15717  9989
 8849     542  1676  2125  3200  13545 19954 23942 13546 10178 20210
 8850    2658  2640  2976  3929  14969 14582 12093 12095 14581 12092
 8851    3038  3397  3782  3807   5166 10867  8694  5171  5167  8695
 8852    1017  2741  2781  3102  12237 20695 23705  9239 11348 23599
 8853    3107  2860  3259  3991   7160 22479 23943 16997 13834 11896
 8854     413  2150  1141  3291   9997 12650 16397  9996  9999 12654
 8855    2917   709  3277  3424  14316  8672  8669 22339  8670 10650
 8856    2094    64    65  2885  23475 18650 18653 23474 16975 14433
 8857    2621  2622  3273  3812   6062 11231  6466  6061  6064 23944
 8858    1018  1362  3268  3429  17332 18103 23945 10331 18328 14569
 8859    2521  3010  3011  3047  17751 22395 23946 23947 17888 23948
 8860     243  1361   192  2988  11252 15998 23949 12425 17674 16002
 8861    1863  2320  2982  3601   8309 21971 20333  9403 23926 20331
 8862     378  3615    53    55   8488 23950 16573  8490  5831 16576
 8863    3379  3150  3426  3706  18689  4665 21464 17711  4870  7938
 8864    2780  3318  3562  3624  16043 23583 20797 17486 14314 23582
 8865    3088  3386  3557  3629   9581 15500 15872 15873  9971 12073
 8866    1676   542  2485  3200  11471 10178 23942 23874 19954 13083
 8867     641  1947  1648  3718  20224 11926 11924 23397 11923 23951
 8868     355   357  3309  3911   4939 22501  6382 10525 22499 23952
 8869    1949   529  3776  3810  16872 22767 14669 23953 22200 23435
 8870     694  1997  1390  3619   8674  8673 23954 12292 12289  8678
 8871     404  3572  3873  3896  23955 23956 23957 14111 23958 17400
 8872    1045  1600  2183  3721   9231  9230 23544 12366  5649  8389
 8873    3162  3102  3592  3961   9687 15079 12236  9692  9688 21759
 8874    2711  2814  3396  3518   8029  5179  5183 12304  5178  7586
 8875     219   464  1694  3406  16343 16341 23959 23960 10582 16342
 8876    2169  1845  2580  3440  19477 20915 20913 23961 15259 22122
 8877    3314  2984  3366  3576   5526 12378 21799  5531  5527  6612
 8878    2747  1500  3399  3469  10113  8187 20802 10114  9469 21529
 8879    2448  2481   256  3399  22279 10116 23962 23963 23838 23964
 8880    3866  1767  3867  3940   7435 20016 20526 20109 15128 12950
 8881    1510   426  3773   784  16404 19262 23965  6758 23966 16329
 8882    1792   464   219  3406  16341 12218 12216 23959 10582  6640
 8883    3290  1962  3355  3983   5682  5208  5211 12632  5212  5685
 8884    2943  3032  3039  3421  12149 11250 17650 12598 12594 17651
 8885    3427  1624  3687  3815   4172  4878  4881 10617  4882 14032
 8886     878  3983   879  2555  23967 22868 22869 23904 22757 23903
 8887    2502  2501  3143  3694  17828 10799 10797  7563 10796 13680
 8888     867  1380  1531  3204  13183 13886 13891 15230 13892 13887
 8889    1997  1348  1059  3619   7989 12289 23968  8686  8685 18441
 8890     563  3511  3510  3089  20340 17832 17830 20343  5766 23969
 8891    3202  3422  3447  3995  15409  5589 10633 10801 10631 10804
 8892     524   523  3408  3561  12402 20521 20522 22753 12533 11552
 8893    1676  1236  3240  3484  20246 10179 14183 14185 21035  8077
 8894    2014  2042  3029  3177   7475  6216  6219  8268  6220  8271
 8895    1386   111  3183  3214   7899  7897  5662  5659 15329  5663
 8896    2573  1732  1733  3659  23218 20229 22749 13417 22748 23221
 8897    1514   269   528  3816  14101 14098 18114 23970 14636 14099
 8898    2466  2168  1991  2897  14283  4975 23380 22185 18184 23971
 8899    2726  2845  2962  3394  14505 14509  9824 21871  5908 14508
 8900     107   631  2394  3121  17654 11258 20693 19363 18398 23207
 8901    2817  1908  2978  3350  11906 12455 15275 17998  7791 12401
 8902    3213  3713  3730  3892   8089 18115 23972 23973  5583  8032
 8903    2456   822  1181  3476   9796  9600  4078 19290 14903 17916
 8904     877   299  1960  2669   9748  8707  8706 21708  8226 19864
 8905     300  1923  1850  2950   5130 12361 23245 23436 23244 23974
 8906     489  2972  3538  3556  11371  5936  5934  5458  5933  8007
 8907     524   172  3350  3408  11903 11552 19281 11908 11904 17904
 8908    2087  1678   137  3120  13058 22846 23975 10750 13059 23976
 8909     409  3114  3180  3575  22168 21023 21845 19194 21015 23299
 8910    2575    88  3483  3659  20948 15804 21625 18879 21626 16213
 8911    2130  3808  3924  3970   6365 23977 19348 19345 22746 19349
 8912     421  2746  2827  3103  16278  4492  6931  6928  7932  6932
 8913    1132  2168    96  2897   7802 18185 18183 23381 18184 23752
 8914    2860  2976  3136  3929  12131 12129 22654 16920 14969 12130
 8915    2647  2842  3186  3620  16164  9227 10844  4850 13541 16166
 8916    3609   889   479  3682  22509 18489 22142 23978 22143  5069
 8917    2382   299   339  2669  17754 22213 23310 20764  8226 23979
 8918    1219  2904  3600  3942   9540 17299 20336 14465 17164  9885
 8919    2765  2875  2906  3083  13611 10039  8563  9021 17732  7008
 8920    2586  2933  2962  3111   4142  4146  8318  8315  8951  4145
 8921     271   408  2370  3121  17658 17655 19167 23980 19163 17656
 8922    1474    12    11  3425  21249  4254  4252 23981  4251 23538
 8923    2971  2973    42  3568  13970 17598 17601 15734 15735 11679
 8924    1128    91  2965  3074  16237 23982 11980 14221 22822 23983
 8925    2605  2890  3248  3276  11147 13328 19753 18553 10814  7924
 8926    1470  2149  2673  3106   6921  9104 21369  5037 23307  5030
 8927    3132  3188  3212  3799  20619 23984 11134  6038 20620 20043
 8928    3105  2965  3111  3114  19196 19195 19356  8954 19357  5617
 8929    2324  2072  2991  3074  13335 20896 21506 22624  8612 14264
 8930    3557  3386  3771  3847  11334  9583 15873  6018  9970 19335
 8931    3452  1876  3586  3662  14434 22811 20516 20143 19041  6249
 8932    1269  2637  2759  2892   8337  4526  4524 13825  4523  8335
 8933    3029  3244  3415  3564  12818 19989 14887 23295  9585 21978
 8934    1280  2987  3147  3204  13179 15993  9633 13227 13224 17953
 8935     851  2297  1629  3157   9756  9755 23764 23736 20188  9760
 8936    2616  2615  2685  3273  21151 13701  4789  4792 13699  4790
 8937    2067  2009  2094  2885  18650 16644 23985 18651  7638 23986
 8938    2841  2715  2859  3803  19135  8783  8781 13560  8780 13559
 8939    2435   282  2063  3420  17910 20427 23987 23988 22534  5917
 8940    1227   613   284  2748  23795  5156 23989  8930 13493 23990
 8941    2481   761  2003  3399  13313 23838 23836 13312 13315 23991
 8942     146  2463  2048  3679  11479 15094 20774 14441 12209 20499
 8943      93  3081   754  3854  11380  8207  4595  9152  8206 13593
 8944    1762  3515  2605  1920  17241 17867 20259  9608 18078 20258
 8945     636  2269  2786  3215   5699 20879 23195  5704  5700 23241
 8946    1920  2605  2814  3515   9605 18078 17241  9606  9608 17242
 8947    2603  1224  2676  2703   8805 20930  4767  6149 23992  6147
 8948     747  1957   675  3093   5202  5206 23993 22251 15100  5205
 8949     522  2021  1959  3436   6710  4517 13057  8683  8680 23994
 8950    1936  1815  2460  3401  17080  7779 13504 23834 13503 17083
 8951    2284  2431  1934  3056  13132 13131 23681 23995 23682 13135
 8952    2656  2132  3741  3814   4222 18004 18002 21584 18001 19831
 8953    2489  1770  2169  2950  23444  5125 17770 22618 17769 20919
 8954    2645  2610  2780  3267   8735  5174  6491 20796 18333 21774
 8955     307   855  3609  3619  14929 14933 23870  5065 20256 21359
 8956     413  3291  3461  3462   9769 16394 12650 21037 10672 21120
 8957     894  1748  1851  3098  19161 10913 10915 23996 10916 23997
 8958    2475  2232  2433  3443  19968 10346 23998 23999 18616 23935
 8959    1910  1647  3827  3990  12631 23166 22012  8042  8537 22009
 8960    3559  3738  3748  3903   7323 11888  6820 18261 20580 11889
 8961    1225  1174  3410  3669  11347 11345 20711 23022 16588 11344
 8962    2786  2760  2831  3215  17217  5699 18766 23613 18767 20916
 8963    2882  3080  3297  3648   8460 21342  8980  8978 15440  8981
 8964    2142   370  3633  3903  10248 19686 21105 21108 15521 21106
 8965    2207  1292  3113  3811  12624 17219 21211 18822 23253 23389
 8966      88  2303  2573  3659  20229 21626 21624 23116 15803 23486
 8967    1219   570  1508  2904  18006 20336 20559 23536  8876 20335
 8968     199   231  3466  3739   5927  8147 18265  5931  5928  4059
 8969     694  2181   579  3619   9396  8673 12220 22679 12219  9399
 8970    1547  2278  3049  3823  14630 18571 19693 14634  9281 15505
 8971    1395   217  1699  3188  13302  5973 23120 23797 20051 19830
 8972    2516  3511  2517  3089  10057 10899 20342 10056  5766 16562
 8973    1292  2207  3205  3811  13287 23253 21211 21207 17219 21206
 8974     532  1442  1081  3973  16705 19660 24000 16706 16708 24001
 8975    2808  2095  2897  3211  18220 15535 15538 15544 15539  5475
 8976    1545  2200  3398   692   4089 11901 21960  4088  4093  6764
 8977    3631  3567  3818  3845  15466 15464 13540 13539 24002  8882
 8978      44  1064  3772  3806  14290 14326 17380 20238 20237 24003
 8979     317  2534   318  3478  24004  8987  8985 24005  8984 17784
 8980    1864  3425  3429  3639  18119 18120  4250 21154 23620  4436
 8981     855  2430  3609  3619  14929 20256  5070  5066 23718  5065
 8982    3224   662  3835  3843  24006 19735 15211 17703 17347 17701
 8983    1348  1997   694  3619   8673  8685 23968 23954 12289  9398
 8984    1007  1782  3374  3888   7515 21166 20026 20027 19552  6514
 8985    1269  2637  2816  3680   7106  7109  4524  4527  9744  4525
 8986    3399  2274  1214  1575  23671 20225  8390  8395 24007  8391
 8987    3305  3172  3572  3852  13216 20672 13136 17260 16521 18233
 8988    2782  2790  2848  3494  22048 11306 23497 20735  8462 22047
 8989    1266  1263  2637  2859   9139 12539 23042 13822 13824 12538
 8990     563  1526  3089  3509  23638 24008 21660  7117 10878 17832
 8991    2956  3430  3621  3892  12500 12497 17843 16665 15162 12498
 8992    3560  3414  3707  4002  15457 14248 13720 15461  7872 15674
 8993    3089   563  3509  3510  24009 20340 17832 24008 23969 23638
 8994    1568  2993  3874  4012   9042 16542 22609 17369 22493 14039
 8995    2962  2845  3139  3394   5906 14505 21871  5905  5908  4402
 8996     434  1575  2274  3399   8390 15002 23863 24007 20225 15003
 8997    2693  3104  3144  3485   8185 13008 15935 21993 12120 15551
 8998    1285  2256  2969  3744  12502 18607  4549  4546  6582  4550
 8999    1712  2087   137  3120  13058  7390 22848 23976 22846 10509
 9000     901   902  2314  3035  16579 12930 12934 13447  7311 24010
 9001    1762  3037  3083  3276  10042 15634 18710  6187 13326 15635
 9002     276   429  3803  3853   5318  5487 14883 11321 21321 10703
 9003    3005  2646  3706  3587   8813  5740  5744 13402  5739 13197
 9004    2420  3340  3788  3985   6172  6176 16532 14337 13954  6175
 9005     390    85  2414  3477  10575  4257 24011 24012 10447 21153
 9006    3355  3437  3488  3550   9788  9705  9700  9698  9789  9701
 9007    1195  2705  2862  3997  11280 14840  8922 13833 13830 14839
 9008     633   309  1870  3980   6228 24013 24014 19240 24015 24016
 9009    2895  3240  3494  3664  19336 16153  7944 21512 15120  8461
 9010    3544  3384  3789  3884   4482 20032 11168  4483  4485 11167
 9011    2708  3116  3250  3552   6264 17220  4838 11839  8527 14147
 9012    2204  2208  3572  3852  13216 17259 14865 14109  7612 14866
 9013    1229  3306  1779  3558   6536  6533 24017 12427 23046  6534
 9014    3080   387  1169  2494  22447 16713 16710 24018 16712  6145
 9015    2782  2880  3038  3122  11655  9369 23115 20829 23885 24019
 9016    1230   150  1233  2700   8517  5543  5919 23449  5918  8515
 9017    2635  3184  3481  3996  10927 15755 12441 13044  4418 14363
 9018    1658  2076  3122  3807  23810  7635 12837 14389 11247 15626
 9019    2321  3387  3307  3868  12309  9446 11918 11921 12307 11919
 9020    3533  2496  3532  3793   4347 23569 24020 22540 20318 23570
 9021    2853  2796  2968  3289  22292 20960 15874 22293  5469  4691
 9022    2706  2678  2890  3433   9649  9646 14654  7208 13783  9647
 9023    1121  1447  3164  3834   7604 17285 23153  7608  6287 22866
 9024    2283   539  2968  3289  22292 12009 12012 21499 12008 23087
 9025    2869  3290  3656  3990  12141 12144 19539 16985 23937 12143
 9026    1540  3301  3421  3914   7952 21641 11866  7749 17722 11867
 9027     572  2022  1053  3222   5674  4573 19108  6482  6484  5672
 9028    2973  2914  3464  3549   6714 12780 24021 16094  9024 13641
 9029     953  2942  3221  3991   9810 17261 17263 19234 12182 19236
 9030    2089  1990   730  3422  13752  7530  7528 20377  7527 13756
 9031     682  1467  2920  3109  11849 16880  6304 15328 15890  5413
 9032    2905  3303  3355  3437   9700 21770 10601  5686  9702  9260
 9033    2143  1366   769  3115  17898  9085 22382  8112 19994 24022
 9034     800  1949  3810  3846  11341 11338 23434 22767 14671 11339
 9035    3117   202  3360  3365  24023 21228 15825 23237 21226 15175
 9036    3257  2665  3425  3429  21154 21899 17611 21157 21155 22038
 9037    2019   790  2399  3696  14399 14403 23131 20670 20666 14402
 9038    2348   873  2103  3029  19991 24024 24025 23892  8269 24026
 9039    3259  2689  3325  3991   6976  7160 19118 21443 21459 15942
 9040     873   443  2201  3029  19852  8269 20779 19682 19853 23893
 9041    1706   252  2824  2987   5148  5146  9841 24027  7250  5145
 9042    1218   869   211  3095  17126  9181 20816 17125 17123 11843
 9043    3038  2782  2732  2683  10514  6408 24019 15662 20732 10513
 9044    2122  1353  1359  3232  19558 19557 24028 21655  6520  9562
 9045    1506  1341  1637  3641  19979 13471 24029 20095  5823 20719
 9046     862  2128  2127  3536  24030 10016 10019  9615 10015 24031
 9047    1115  1588  2855  3656  20563 21590 21123 16078 17329 14489
 9048    2357   789  2358  3536   9713 14746 24032  9712  9709 14747
 9049    1141   141  3844  3893   9308  9998 19381  9312  9309 16033
 9050     474   226   685  3393  21117 20215 20217 16797 10547 22745
 9051    2674  2603  2676  2739  16314  8710  6150  6147 17027  6146
 9052    1168  1044  1126  3239   4122 14191 18968  4584  4581 14195
 9053    3267  3174  3386  3629   9971  4168 12324 19067 14217 24033
 9054    2536  2378   757  3442  21616  6725 18829 24034 18828 16596
 9055     226  1599   943  3393  11505 10547 23789 24035 12078 11503
 9056    3086  3364  3870  3894  16775  4326  4324 23522  4323 13228
 9057    3220  3071  3453  3642   8468 13850  9736  4977  8469 22270
 9058    3118  3271  3643  3711  18601  7810  7807  9636  7808 24036
 9059    1063  1642  2155  3094  17426  9032  9035 23905  8218 17425
 9060    1876  1022  3452  3586   6249 20143 20146 20517 11152 20516
 9061    2679  2695  2720  2859  21925 19462 21876  8757 24037 24038
 9062     171  2088   172  3408  11904 16460 16463 13221 16464 19280
 9063    1741  2427  1125  3423  17357 16364 18930 19655 13777 24039
 9064      16    17  3275  3402  23668  8616 24040 24041  5280 10473
 9065     589  3536  1744  3406  10585 12214 12623  9710 12542 15116
 9066     709   944  3424  3993   8667  8671 24042 22507 22505  8670
 9067    2174  3107  3259  3991   7160  6978 11898 11896 22479 11899
 9068    1013  1183  3202  3944  14612  7566 21924  7202  8602 21923
 9069    3830   652  3851  4024  14026 17507  9083  9079 24043  9078
 9070    2174  3259  3325  3991   6976  6978 11899 15942  7160  6426
 9071    1657  1862  2727  2764  11557  7253  7254 11556  5193  6599
 9072     267  3566  3671  3888  19137 19555  4294 11668  6479 20419
 9073    3697  3544  3789  3986  16763 19083 24044 11167  5362 19084
 9074    1604   807  3034  3586   6178  6182 20118  5897 10266  6181
 9075    1521  1657  1444  2832   6597 10174 10172  6598  6600 21747
 9076    2046  2825  3015  3943  16561 20368 20371 23441 12641 22676
 9077    1165   996  2834  3432   9063 12672 24045 23002 17293  7889
 9078    1503    44  3772  3806  14290  6593  6889 24003 14326 14289
 9079     100   474   374  3893  20021  5940 24046 24047 15286 20725
 9080    2711  2706  2890  2935   9648  7166 16638  9647  9650 16639
 9081    1746  3560  3320  3954  10589 12167 17788  4941 10587 12166
 9082    3310  3315  3785  3861  18941 21001 24048 23585 20156 21000
 9083    2669  1913  2990  3123   9960  9126  9750  9746 23003  9745
 9084    1581   567  2915  3138  10366  8200  8201 19499  8205 22854
 9085    1643   230  2910  3666  15301 15305 19376  4657 19377 15304
 9086    2070   760  3433  3980  17533 10049 18758 21600 14820 22467
 9087    3235  1330  3568  3885  15107 12614 11945 11941 19010 11940
 9088     644  1731  2919  3401   4835  7782 20911 14263 11289 16652
 9089     202  3101  3300  3360  14077 23237 23240 11466 14078  8421
 9090    2246  2533  1216  4003  19249 16572 24049 19252 17212 24050
 9091    2723  2670  3438  3584  16441 19809 13004 15224 19291 12019
 9092    3220  3081  3642  3854   6939 17178 13853 13851  8206 13850
 9093    2630  2672  2796  3792  17108 12163 16923 15877  7461  5474
 9094    2339  2705  1195  3997  14840 14294  4248  8922 13830 16383
 9095    2849  2126  2947  3914   7953  4656 20233 11229 22646 20287
 9096    1483  2633  2802  2985   7077 12461 17040  7919  6236 18133
 9097    1595   746  2113  3391  20151 20150 12929 23878 21367 20149
 9098    3424  3237  3915  3934  19383 22410 17749 17748 23782 15572
 9099    1581  1002  2159  3138   8203  8200 23336 18011  6111  8204
 9100    2845  3394  3786  3790  14150  5904  5908 14937  5903 16288
 9101    1885  3220  3923  3951   7069 14279 23083  8483 11071 22546
 9102    3084  2939  3885  4011  19825 19610 15769 21593 13980  9671
 9103     768  2155  1425  3491   9054 24051 24052 23777 18512 24053
 9104    1546  1643   849  3666  20464 10384 23883 20235 15305 20863
 9105    3460  3413  3555  3869  12492 14178  6912  7496 12493 19397
 9106    2704  2664  3230  3705  14242  9483  4892 13405 16779 24054
 9107    3178  3604  3705  3822  24055 16118 16122 19158 16117  9485
 9108    2281  1146  1217  2864  15028 16568 17547 15569 17546 22184
 9109     888   575  2000  3800  18481 21719 24056 23828 23483 24057
 9110    3249  3152  3326  3805  14405 12559 15434 16666 17227 18855
 9111    3562  2799  3624  3711  10161 19767 19549 11400 19263 16043
 9112    1245  2654  3617  3618   7703  7702 15653 15652 23628  4825
 9113    3286  2848  3494  3630   4752 22714 19410 22048 22046 13423
 9114     963  1760  3038  3203  18077 10455  5815 22003 11175 24058
 9115     802  1473  2800  3615   8935 22236  7845 20610 11628  4216
 9116     603  2881  2907  3723  10673 13933 11795 11798 21054 11796
 9117     378  2826  3294  3615  16574 16573 15111  9173  8931  9497
 9118    1194  1375  3862  3878  23691 23689 15697 15700 24059 15698
 9119    2651  2700  3257  3429  21899 20974 10144 15475 20973 15477
 9120    2971  3568  3885  4011  19825 24060 17598 15107 19187 16601
 9121    2939  2736  2986  3155  11715  9949  9947 17268  9946 12842
 9122     166   452   407  3236  10595  8428 16262 24061 16261 11661
 9123     519  1996  3263  3893  17493  9311 20281 21905 23814 10412
 9124     693   918  3184  3996   4418  4422 22541  4804 11592  4421
 9125    3152  3249  3326  3537  12903 14284 15434 18855  4345 16666
 9126    2429   961  3363  3803   8779 20022 20024 23753 20025 14417
 9127    3489  1613  3624  3711  10161  5415 18586 16047 19955 10162
 9128    2799  3118  3643  3711  18601 19263 19547 24036  7810 16884
 9129    3386  4005  3819  3771  19859  6018 16661  4370  5977 15871
 9130    1944     1  2738  2884   9806  8163 11272 18009 11273  9804
 9131    3722  3855  3889  3925  10626 12453  5101  5099 12452  5102
 9132    1505  2678  3106  3433  10378 22909  9012  9011 13783  9013
 9133    2084   583   100  3462   5808 14477 14475  5807  5812 20724
 9134    2757  3422  3585  3995  15374 23692 12223 15376 10631  7987
 9135    3313  2083  2037  3582  22341  9913 18864 24062 18865 22343
 9136    3794  3435  3842  3887   5556 11764 11762 13768 11761 17196
 9137     357   355  3309  3373  10522  6384  6382 23952  6381 10525
 9138    2718  2695  2760  3272   5291 13091 20400 15690  5249 13090
 9139    1774  1080  2877  4033   5665  5669 14205  6629  6631  5668
 9140    1375  1087  3864  3891  17061 21953 24063 24064 24065 24066
 9141     233  1688  1689  2980  19869 21772 24067 20360 20362 23256
 9142    3768  1284  3835  3852  17730  7614 24068 10025 24069 23860
 9143    1151   976  3302  3954  23188 22487 23816 24070  6798 14233
 9144    2374  1829  2564  3892   7346 20296 24071  7347  5584 24072
 9145    1662  3137  3184  3481  13044 10931  5404 14364 11842  4807
 9146    1280  2987  3034  3147  13225 17953  9633  9829 13227 21257
 9147    1127  1155  2935  3426  19935 19028 19026 14951 19025 17535
 9148    2718  2719  2735  3792   5485  5482  5314 24073 22441  5483
 9149    1689  2980  3692  3853  17008 12554 19869 18354 14620  6530
 9150    2879  2775  2931  2989  11777 17826 18524  9323 11778 18523
 9151    2173  2374  2564  3892   7346 24074 23194 24072 20296 22061
 9152    2346  3258  3382  3651  24075 24076 17343 17341 13060 17344
 9153    1986  1987  2532  3762  10484  6720 19860 20866 19861 24077
 9154    1911  2264  2831  3215  17217 23169 23170  7968 17218 22318
 9155    1291  3449  3572  3896  23958  7245  7243 17707  7242 14863
 9156     298  1883  1352  2990  22803 22800 24078 24079 16820 22801
 9157    1986   318  2534  3762  20291  6720 24080 24005 22322 20292
 9158     957  3264  3317  3991  22478 22354  8829 24081  9807 22966
 9159     419  1056  1009  3459  11024  9286 24082 20406 20403 20555
 9160    3029   443  3660  3928  17560 12135 19853 19681 17012 19851
 9161      77  1979   250  3392   4537  5853 10082  6297  6296  5857
 9162    1377  1912  3587  3706   8813  8817 20887 19519  4668  8816
 9163    2042  1123   280  2843  13652 18283 14355 24083 19425 22592
 9164    2687  2822  2828  2923   8285  9762  6743 18577  9761 20710
 9165    3422  2757  3447  3995  15409 10631 12223  9072 23692 10801
 9166    2880  2782  2979  3186   4849  4853 23115 17740 17736  4852
 9167    2042  2843  3029  3177   7475  6220 18283 13650 18284  8268
 9168     347  2419  3574  3890   5136 15863 24084 24085 13730 19902
 9169    2556  1751  3692  3930   9324 16308 16309 10493  6832  6526
 9170    3200  2895  3240  3494  21512 19338  7400  7944  8461  7943
 9171    2315  1574  3145  3605   6315 18799 18802 15723 18798  8017
 9172    3688  1829  3713  3892   5583  7345  7348  5588  5584 15164
 9173    2164  1974  1127  3980  17534 24086 24087 19027 14819 24088
 9174    2736  2939  3253  4011  13979 12541  9947 13984 13980  4385
 9175    3692   605  1715  3803   5321 17007 10490  5320  5323  6527
 9176    1611  1613  3489  3711   5415 19957 18584 18586 19955 17907
 9177     944   971  2938  3271  17074 24089 22506 17266 12867 24090
 9178    2721  2662  2887  3185  16112 17167 21461 10143 15680 13551
 9179    1268  1266  3353  3623  20178 24091 24092  4864 19460 11878
 9180    1531   468  3147  3204  13179 13183 15678 15676 18304 13182
 9181    2596  2634  2727  2832   6596 15332 15330 16978 15331 10831
 9182    2317  3162  3592  3961   9687 20490 16175 21759 15079 14673
 9183    3579   739  3664  4021  12980 15444 10197 19607 17365 19606
 9184    2942  3410  3669  3834  11343 12184 12183 11347  6289 14245
 9185    2184   413  3291  3461  21037 17762 21119 12650 21120 21039
 9186    2518  2519  3013  3943  16204  9866 12027 18867 11012 24093
 9187    1579  1395  1699  3895   7772  7776 24094 19830 15709  7775
 9188    2767  3105  3180  3182  12750  4101  4105  6524  4100 12751
 9189    2331  1481  1536  3045   7146 18935 18938 23248 18934 19721
 9190    2000  1449  2370  3800  24095 18481 23827 19414  7602 24096
 9191    1313  1315  2699  3728   4272  4269 10242 21305  9356  4270
 9192     460   676  1365  3308  19894 15532 15534 23089 12680 24097
 9193     849  2849  3044  3666  18180 20464 14524 14522 15302 14525
 9194     657   920  3255  3803  16295 11320 11323 16387 11324 16294
 9195    2724  3243  3627  3718   5784 15990 15991  5789  5785 10697
 9196    2520  2519  3037  3047   9640  7406  7404 11013  7403 20325
 9197    2810  2776  2943  2947  20635 20288  7888 24098 14996 20634
 9198    1105   641  2801  3206  11802 22442 23101 12749 11925  6336
 9199    3512  2517  3511  3943   6158  6157 12063 10056 10058  5761
 9200    1277  2936  3261  3640  12717  4637 13556 12722 12718 24099
 9201    3267  2783  3318  3624  14314  7618  5426 21372  7616 20794
 9202     697  2047   563  3056  22691  7958  7961 17829  4084 23896
 9203    1753   888  2175  3800  21849 24100 24101 24102 21719 14543
 9204    2880  2842  2967  3203  20632  4856  4851  9040 20846 23760
 9205    1856  2441  2745  2876  14584 12418 15262 23793 16876 10733
 9206     870   212  3095  3418   4285 21116 19503 16984  5706 19504
 9207    2646  2528  3006  3706  13400 13402 13931 19946 13198 11209
 9208    3482  1110  3487  3941   9831  5728  5730 11737  5731  9834
 9209    3119  2653  3196  3607  21544 12240 24103 17734 17340 24104
 9210     816  1797  2555  3983  22757 22171 22667 22756 21346 24105
 9211    2374   331  2562  3892   5587 20296 20294 24106  8090 24107
 9212    2715  2679  2837  2859  13563 13560 18372 22164 19462 13561
 9213    2008  2007   175  3644  21855  7275 24108 24109 24110 21854
 9214    3557  3738  3806  3819  17634 15870 12072 14172  4507 14170
 9215    3458  3447  3585  3995  15374 15412 15410 23693 15409 24111
 9216     331   671  2562  3892   5587  8090 19998 19173 19997 24106
 9217    2283  1954  2951  2968  12260 23087 23088 12264 12261 21837
 9218    3621  2173  3688  3892   7345 12500  8103 22062 24074 12499
 9219     852   879  2553  3983  22030 22694 24112 23934 23904 22695
 9220    3430  2956  3688  3892   7345 15162 17843 12501 12497 15163
 9221    2167   187  2950  3854  19784 12020 12023 19786 11192 18142
 9222    2848  3200  3286  3494  13423 22048 24113 14650 19338 19410
 9223     668  2731  3783  3913  12407  8357  8361  6669  8356 24114
 9224     331  2351   909  3892  23894  8090 20297 22834 18565 22874
 9225      29   415  3061  3704   6643 10096 23866 15910  6701 20761
 9226    2528  2646  3006  3396  11210  4107 13931 11209 11206 19946
 9227    3845  3631  3864  3891  17061 15462 15464 23548 15465 17064
 9228     921    99  3034  3586   6178 11149 21793  6183  6179 15220
 9229    2718  2719  2812  3477  10446  5316  5314 19942  5313 14352
 9230    2404  1966  3323  3444   7111 14145 19584 13857  9904 14144
 9231     888   556   575  3800  23483 21719 21718 23484 21717 24056
 9232    1269  1263  2637  2843  12947 19223 24115 13822 24116  4524
 9233    1321  1327  2682  2967   8627 11423  4318  9031  9027 13443
 9234    1729  1184  2907  3723  10673 10677 17743 14982 12445 10676
 9235    1349   496  2828  3181  11275 21109 23097  7838 12228 22864
 9236    1262  1267  2606  3474   6542  8639  5439 17503 20952  8640
 9237    2370  1449  3121  3800   7599 24095 19414  7600  7602 17658
 9238    1694  2124  2287  3603  11508 15520 15518 24117  9362 22661
 9239    3070  3279  3590  3906   9492 18770  5010  5007  9494  5011
 9240    3230  3821  3929  4032  16017 15313 14243 14241  7287 13404
 9241    3722  3705  3857  4027  21836 13767 18533  9480 11726 19034
 9242    1087   541  3864  3891  17061 24065 23325 17065 17062 24064
 9243    3188  3201  3535  3882   7086 11130 14936 13588 14559  9091
 9244     309   633   283  3980   4227 24015 24014 24118 24013 24119
 9245    3454  3867  3926  3939   4379  7436  7434  4378  4381 18424
 9246     225    72   843  3861  14472 20966 24120 22942 20159 23621
 9247     450  2346  2546  3651  12921 19472 24121 24122 24076 24123
 9248    1859  1687  1350  3548  15421 16953 24124 15422 15423 20533
 9249     468  2253  2290  2834   7890 23292 23772  7891  7893 24125
 9250    3169  1486  3269  3795  19705 18222  5465  5468 19986  5466
 9251     585   681    68  3769   8701  5509 23571 14870  5805 23699
 9252     660   667  3224  4025  17702 24126 12197 10516 19051 12198
 9253    1811   682  2920  3109  11849  4771  5411  5413 16880  5412
 9254      80   301   302  3588  21411 21414 24127 21491 24128 21413
 9255    2629  2692  2781  2894   9242  9453  7719 23372 22508  9452
 9256    3121  2000  2370  3800  24095  7599 18480 24096 18481 17658
 9257    1527   516  2788  3573   6095 19804 19807  6094  6097 13870
 9258    2220  1023  3324  4020   4308  9778 16437 24129 21069  9777
 9259    2795  3420  3467  3619   5790  5794 21958  6040  8124  5793
 9260    2396  2044  3175  3783   6666 22670 12771 17389 17390 21703
 9261     569  1330  3235  3885  12614  8718 22496 11945 19010 12615
 9262    3019   906  1880  3490  24130  4185 24131 24132 24133 24134
 9263     888  3791  1753  1369  22514  9277  9278 22512  9274 24101
 9264    3096  2279  3326  3732  14407 13735 23399 18853 22677 22658
 9265     800  1949  3846  3910  22628 24135 23434 14671 22629 11338
 9266    2126  2098  2849  2947  20287 11229 18461 14526 18459 20233
 9267    2546  2346  3382  3651  24075 12921 24122 17344 24076 22020
 9268    2608  2871  2877  2889  23304 23392 16419  6788 23303 14802
 9269    2374  2173  3621  3892  12500 20296 23194  8103 24074 20902
 9270    2125   216  3494  3664  19336 16145 16149 18175 16144 20209
 9271    2157  2701  3577  3642  14066  9374 24136 14068  7301 23249
 9272    2738  2146  3128  3778  11965 20753  8194  8190 16247  8189
 9273    2673  2428  1163   371  11711 11713 22303 22587 22305 11710
 9274    2602  2829  3327  3761  13594  5780  6829 12368 13595  5043
 9275    1139  3839  3847  3946  15846 21859 18198 11177 15847 15523
 9276    1919  1761  3011  3047  17751 21467 21753 17752 10128 21466
 9277    1325  1320  2934  2984   8961 12145 18926 10843 17236 18925
 9278    2650  2692  2894  3348  15221 16555  7721 22508 17004 16556
 9279    1069   904  1070  3716  18506 24137 24138 18505 18507 24139
 9280    2022   572  2822  3222   4570  6484 19108  4571  4573  6483
 9281    1200  1847  2693  3282  13012 13010 15510 18209 15509 13009
 9282     734    47  2827  3103  16278 21451 23133 12243 19854 23351
 9283    1487  2036  2651  2743   6378  6375 12086 24140 12087  6376
 9284    1269  2657  2838  2843  19089 19223 19220 22774 19221 24141
 9285    2919  2957  3031  3200  11473 12853 12855 22208  7396 21956
 9286      57  1388   351  2826   8936 18437 24142 22684 24143  7965
 9287    2086  2187   430  2985  13863 12458 24144 10534 22128 22087
 9288    2025   891  3458  3621  15411 18890 19603  5736  8104  9243
 9289    2734  2591  2947  3432  12200 19778 14998 15000 20958 14997
 9290    1885  1100  3854  3899  17177 14282 14536 11188 23639 12021
 9291    2194  1089  3348  3626  15035 12530 16694 16696 20356 16693
 9292     684  1690  2873  3215   4951 13574 19081 22033 19079 22032
 9293    2762  3067  3447  3621  15413 21091 18401 19934 12383 15576
 9294    1487  2781  3166  3769   9666 20134 23600 23371 21862 22214
 9295    1658  2236  3807  4021  20941 23550  7634  7631 20942  7635
 9296    3174  3545  3912  3950  24145  9381 19068 15702 23533 16629
 9297     508  1888  1898  3577  10221 10218 24146 21152  6557 10219
 9298     838  1857  1383  3535  15339  7032  7030 23191  7029 24147
 9299     474   685   374  3893  20021 15286 22745 24148 12178 24047
 9300    2842  1323  2967  2984  13272  6317  6679  9041 22577  9040
 9301    2815  2685  3179  3787  24149 14814  7041  7044 17417  7042
 9302    1565   986   408  3121  19163 19166 19393 19442 18482 19165
 9303    2659  3554  3470  2660  24150 21817 17290 17149 24151 13047
 9304    2894  2781  3162  3769  15078  9669  9242  9238 21862  9237
 9305    2656  3460  3555  3869  12492 12898 19396 19397 14178  7709
 9306     875   201   876  3223   4206  4203 19528 16220 16222  4204
 9307     782  3584   887  3791  17806 13538 18742 17805 17804 23368
 9308    1323  2933  2967  2984  13272 22577 22580 13275  8955  9041
 9309    3545  2961  3880  3950  14666 23533 13468  6916  9380  6214
 9310    2428   582  2673  3308   6922 21967 23922  5034 19893 22303
 9311    3039  2657  3316  3749   8737 13963 16510 16507 18306 15377
 9312    3036   417  2467  2193  24152  6309 21265 24153 14878  6936
 9313    2310  1501  2330  3377   4519 21520 24154 24155 12469 24156
 9314     307  2362  3331  3609  17079 21359 15384 15386 11065 15383
 9315     691   692  3241  3398  22871 18052 18050 19813  4089 19816
 9316    2638  2629  2741  2775   4430  8168 11790  9451 11789  8167
 9317    2647  2620  2979  3761  23809  5782  8859 17738  8858 17287
 9318    2341  2833  3427  3938  16559 10408  4450  4452  5868  4449
 9319    2683  2782  2880  3038  20829  6408 20732 23115 24019  4316
 9320    1261  1268  3353  3623  20178 24157 11876 11878 24091 11875
 9321    2490   585   804  3162  12607 12605 24158 16670 16671 12604
 9322    3023   410   864  3999  24159  7684 23025 24160 23024 19454
 9323    2360  2811  3258  3381  17791 12287 21315 23640 19545 17345
 9324    2367  1361  1764  2947  22076 11225 11978 24161 11975 24162
 9325    1771    64    63  2898  10400 19103 24163  7389 10401 22984
 9326    1297  2690  2772  2905  17792 10288 24164 21904 18983 24165
 9327    3722  3819  3851  3889  14707  5102 12475 12472  4508 12476
 9328    2679  2695  2883  2916  18370 18374 21876 11369 12118 18373
 9329    1493  2934  2962  2984   6855 12147  6983  8630  8961  8632
 9330    2250  2531  3242  3655   7414 19928 19929  7419  7415 24166
 9331     129  1894  2310  3377  21520  8102  6845 21521 21522 24167
 9332     709   543  2917  3277  10650 22339 22388 13725 22389  8669
 9333    1622   470   860  3071   5720 11883 21627  6891  6893  5517
 9334    2164  1186   178  3433   6324 21603 24168 24169 20871 24170
 9335    3262  3054  3287  3323  22329 12004 24171 23557 23385 22328
 9336     427  1037  2104  3479  10546  4611 24172 24173 19506 24174
 9337    1508  1946  1219  3600   9885 18007 18870  9884  9881 20335
 9338     861  3145  3239  3605  13497 21254 19133 22655  6315 18967
 9339     647   700    24  3009  17516 24175 24176  6442 20798 24177
 9340    1552  2597  2844  3481  17767 17181 17184 24178 17180 17768
 9341     638  2344  3146  3167   9787 14234 17949 15964 17950 20004
 9342    2841  2980  3110  3853  12080 14622 14621 20174 14620 24179
 9343    1676   394  3200  3240   7943  8077  8075 13544  5879 10178
 9344     101   305   482  3233  11684 21233 24180 24181 11672 14692
 9345    2711  2706  2935  3551   7167  7165 16638  9650 10792  7166
 9346    3681  2891  3714  3890  12206 19901 19353  9070  5134  6799
 9347    2343  1751  2558  3930   6831  4407 22488  6836  6832  7062
 9348    2450    32    31  3061   9303  6905 24182  4923  4689  9306
 9349     127   712  2917  3993   8668 23200 12862 12864 16079 10537
 9350     627  1133  1542  3179  14554 15356 24183 24184 22006 24185
 9351    2100   627  1364  3179  24186 20935 24187 24188 15356 24189
 9352    1704  1752  2096  3123  22209 23012 24190 19873 23737 23138
 9353    1998  1237  2973  3144  11935 15555 15553 14592 15552 14127
 9354    1244  3051  3593  3668   8181 17548 17552  8904  8901 24191
 9355     195  2708  2735  3953  18702 23667  7096  7099 16738  7097
 9356    2830  3104  3709  4011  12059 12061 24192 12097 15934 11559
 9357     343  1267  2606  3226  24193 19911 14124 17503 19910 17501
 9358    2865  3046  3328  3852  13218 13217  5331  5333 19644  5330
 9359    2470   745  1444  2832   6597 10865 24194 21599 18272 15771
 9360     821  3221  3834  3858   6284  9889 13020 15782  4496  9888
 9361    1876  1397  1875  3452  22285 20516 24195 24196 23414 22287
 9362     527  2288  3282  3485  13007 19571 19573 12098 19570 15508
 9363    3821   541  3862  3891  20390 21746 14608 14609 17062  7459
 9364    3272  2708  3409  3831  22476 17210  9172 16741 22763 18445
 9365    3301  2810  3421  3914   7952 17722 14391 12150 17723  7749
 9366    3053  3134  3248  3541  11148 24197 13237 16227 16224 18552
 9367     341   359  1074  3901  14329 24198  4827 22407 20884 24199
 9368    1513  2877  3829  4033   5752  5666  5670  5753  5665  6242
 9369    2367  1764   819  2947  12205 11225 24162 14009 22076 19612
 9370    2563  3579  3664  3826  22133 19945 10198 19606 23633 19608
 9371    1891  2217  2107  2779  13341 13340 24200  6546 20357 13345
 9372    3407  3142  3869  3968   6013 18900  9313 16104 18902 12897
 9373    3566  1158  3856  3916   4292  4296 22538 10329 24201  4295
 9374    1047  2289  3811  3949  16482 12727 15345 10693 24202 15346
 9375    2930  3800  2955  3791   7293 12017 19922 14250 21716  5425
 9376     445  2441  3356  3549   9023 21295 24203 15862 15260 17203
 9377    3152  3086  3537  3840   8229 19117 16540 19829 17565 14284
 9378    2233  3214  1803  1745  23476 23462 23086 19156 12573 21398
 9379    2009  2067   609  2885  10880  7638 23985 24204 16644 10881
 9380    1400  1655  1654  3218  15586 16565 18646 15585 15588 24205
 9381    1364  1043  2100  3179  20935 24186 24206 24207 11084 24189
 9382    1637   749  3381  3641   5160 19979 19981  9597 19978 22188
 9383    2588  2967  2984  3098  11488 11492 13274 13272 12885 11491
 9384    1730  2241  2747  3558  17895 15595 15593 21096 15592  6785
 9385    3235  1417  1972  3471  24208  7905 24209 24210 20835 20636
 9386    2783  2610  3318  3904  14310 13168 13166 20795 13165 21372
 9387     784  1650   426  3773   6758 16404 24211 24212 15282 23966
 9388     207  1333  2404  3882  14146 22324 24213 24214  9506 23270
 9389    3545   288  3875  3912  22995 15702  6212 24215 24216 20193
 9390    1385  1357  3090  3637   4608 11946 11949 12659 11950 23656
 9391    1043  1363  1476  3179   4152 11084 24217 13437 17603  6494
 9392     207  2404  3698  3882   9917 22324 23270 23267 14146 19433
 9393    2036  2781  2898  3166  23370 22215 13673  6134 23371 13674
 9394    2715  2811  2883  3141  20906 22377 10443 10441 24218 10444
 9395    1209   255  2254  2934  10261 16943 24219 24220 23675 17466
 9396    1176  2100  1043  3179  11084 19884 16519 24207 20935 19883
 9397    2126  2098   849  2849  14524 20233 18461 14523 14526 20234
 9398    1850  2316   300  2950  12361  5130  5127 22945  5128 23974
 9399    2260  1136    70  3600  13294 13291 24221 21150 14463 13292
 9400    2755  2588  2965  3756  14219  9853  9851 11490  9850 13193
 9401     678  2313  3643  3950   9384 16473 16471 18285 16470 19487
 9402     180  2453  2764  3656  17328 17330 24222 12995  4844  8503
 9403    3175  3320  3913  3954  18762  4275 23189 19619 10589 12408
 9404    1118   540  3286  3401  14649 15182 19446 16152 16150  6655
 9405    3358  3249  3645  3875  24223 22997 19007  4341 17303 23907
 9406     369  1518  1496  3599  21103 22604 24224 20841 14546 24225
 9407    2689  3149  3325  3410  11700 19015 21442 10272 11701 21443
 9408    2864  1016  3269  3347   9591  7195 21427 19710 16812  9592
 9409    1678  2087   171  3120  21886 13059 23975 16465 22846 20252
 9410    2852  2879  2908  3383  16416 21143 12550 12548 16273 12551
 9411     996  1070  3400  3716  22527 23832 15793 15796 18506 15794
 9412    1503  1131  3972  4005   4478  5655  9418 24226  9417  5656
 9413     383  2154   152  3790  16683  9479 20553 24227  5749 24228
 9414    2967  3098  3334  3637   8338  4605 12885  8343  8339  8626
 9415    1596  1208  3077  3669  21637 16591 16589 21638 12318 20855
 9416    2718  2949  3399  3477  13311  5316  8528  8394 21872 18122
 9417    1542  1364   627  3179  15356 14554 24229 24188 24186 24185
 9418    1234   163   749  3381   9597 10077 12288 24230 12284 17775
 9419    2360  1234  2403  3381  10074 12287 12285 10075 10077  4234
 9420     158  1370  2536  3658  13109 13108 24231 18335 16744 13113
 9421    2781  1017  3102  3769  20917 21862 23599 20695 23439 12237
 9422    3707  3424  3915  3934  19383 19384 12865 15572 22410 15571
 9423    2663  2774  2862  3997  11280 13832  9038  9037 23796  5871
 9424    2859  2715  3363  3803   8779 19135 13560  8784  8780  7427
 9425    1436   215  3748  3886   8417  8414 22519 20322 13017  8415
 9426    2088  2087  3120  3408  14939 16464 16462 22846 16461 21234
 9427    1357  1187  1385  3090  23656 12659 24232 18137  6431 11949
 9428    1438  2853  3061  3108  12707  6871 21640  4692 12708 24233
 9429    3021   410  3022  3411  20451  7267 18662 23026 18663 16841
 9430    2844  2597  2954  3481  22700 17767 24178 20057 17180 22840
 9431    2800  2650  3068  3466   8348 18537  8564 13916 18818 13914
 9432    2360   601   163  3381  12284 12287 15515 24234 15514 12286
 9433    3090  1187  3334  3673  16873  6428  6431 18135  6432  8625
 9434    2802  2649  3093  3548  10109 19537  6691 18203 19538 18485
 9435    2860  2976  3259  3136  16922 12130 22654 15250 16920 16997
 9436    1473  1378  2493  2963   7142  7842 24235  7141  7138  7843
 9437    3407  3624  3714  3796   9065 14158  7615 12103 19905 17044
 9438    1922  1421  1687  3099  12259 11062 21431 16322 10439 12257
 9439    3121  2027  3458  3585  24111  7603 19412 21009 20876  6958
 9440    2251  2572  2252  3073  21560 23360 23358 21559 21556 24236
 9441    2834  2623  3147  3204  13179 17554 14890 13640 13636 16051
 9442    2432  2101  2906  2963   5651 19501 24237 10512  7012 17129
 9443     404  1291  3572  3896  23958 23956 24238 14863  7245 23957
 9444    2162  2552  3110  3837  21851 11578 13813 21852 10738 12083
 9445      21   647    24  3009  17516 17514 24239 24177 24175 17513
 9446     445  2441  2745  3356  10732 17203 24203 23793 15862 17202
 9447    1162  1775   224  3290  22103 21882  6344 23455 23035 22412
 9448    2965  2634  3756  3114  14186 19357 13196 14189 14188 14219
 9449     664  3300  3360  3913  15172  6247  6245 14077  6244 14080
 9450     470  1736    94  3071  13713  6893 24240 21856 21241 24241
 9451    1468  1532   203  3599  15693 19192 24242 15694 13944 19625
 9452    3133  2689  3647  3798  10743 11963 19014  6839 13172 11962
 9453    3529   487  3530  3694  18130 10795 24243 24244 13686 18910
 9454     811    23  3248  3973  16269 19663 14811 14809 18771 14812
 9455     531   810  4023  4033   5751 24245 24246 24247 19321 24248
 9456    3054  3132  3287  3882   9920 11133 11131 24249  4731 23557
 9457    2750  2754  2834  2946  13479 11445 11443  9061 11444 18637
 9458    2920  2982  3109  3338  15887 10781 11848 11043 10054 11849
 9459     760  2164  3433  3980  17533 14820 21601 21603 24086 21600
 9460     504  1572  1153  3723  22842 22191 17633 16897 22190 23059
 9461     343  3227  1264  1267  14119 14124 19912 24250  5438 14120
 9462    3136  3544  3929  4032  16017 24251 10933 12128  5358 12131
 9463    3040  2642  3468  3988  18781 21548 22563 18406 23618 13828
 9464    2435  1818  1333  3882   9506 20429  5916 24252 19261 24253
 9465    2919   916  3216  3659  22935 22937 18205 13581 23220 18206
 9466    2293  2540  2294  2913   5491 24254 24255 24256 21723 24257
 9467    1418  1011  3413  3869  12493 23914 16500 23051 23053 24258
 9468     782   887  2006  3791  18361 13538 23368 20609 17806 22998
 9469    2128    72  2406  3315  23586  9611 20947 21230 20158 24259
 9470     103   467  1554  3563  15019  4541 24260 20578 16736 15017
 9471     265   264  3322  3375   6398 18639 11636 11632 18641 11631
 9472    3493  3284  3770  3836   7115  6927  6925 12776  6924 12775
 9473    2639  2755  3406  3861   8079  4759  7423  7420 19434  7424
 9474     399  3744  1488  1874  16307 20606 20307 16304 16303 18494
 9475    1585   212   893  3742  14976 10788 10786 19429 10785 19004
 9476    1029   426  1599  3773  12079 12076 24261 24262  6758 12077
 9477    1032  1193   890  3247  17135  5846 21017 18873  5602 21303
 9478    3224  3328  3655  3046  23347  6621 13517 13519  5333 13518
 9479     471   654  2831  3606   8174  5083  5087 23093  5082 20926
 9480    1763   884  2809  2846   7547 23733 21613 16967 22282  6811
 9481    2533  2246  2247  4003  13190 17212 24049 16570 16572 17257
 9482    3347  2923   399  3927  14861  7192 20308 16663 13160 20309
 9483    3357  3174  3580  3629  14591  7858 14216 16860 14217 22495
 9484    3220  1885  3854  3899  17177 11070 23083 12021 14282 17178
 9485     325   236  3376  3641   5164  8811  8809 17054  5820  9197
 9486    3295  1680  3383  3395   9651 11590 13854  9653  8409 11589
 9487    2804  1548  3089  3836   7116 16613 16960 19334 18299 12579
 9488    2665   703  3418  3425  14978 21157 24263  5705 16721 24264
 9489    2742  1313  2785  3686   9254 19776 24265  9255  4794 21671
 9490     261   863  1000  3606  12158 11823 24266 12046 12159 24267
 9491    2652  2874  3309  3475   4938  5569 10962  4937  4940 24268
 9492     626   625  2788  3701  10879  5862  5860 13867  5859  6750
 9493    3152  3326  3798  3931  22657 18550 16666 16668 18549 13173
 9494    2572   752  3073  3375  22533 11625 11626 21557  9526 21556
 9495     942  2547  3441  3698  11746 11744 17237 16506  5094 11743
 9496    2498   895  3498  3735   4116 18449 19398 24269 19399 23110
 9497     883  2700  2743  3429  17335 18329  5541  5538 20973  5542
 9498    1121  3164  3669  3834  11343 17285 22866 14702  7604 22867
 9499    2818  2784  3470  3881  13045  5254 15169 13049  8834 18817
 9500    2235   989  1967  3092  14367 10636 24270  9425 23127 14369
 9501     807   744  2936  3586  12617 10266 10270 24271 10265  5896
 9502    3095  2924  3657  3731  13358 21827  9354 13847  8519  9183
 9503    1671  1672  3670  3753   7885 18963 21093 10159 21092 23201
 9504    1746   976  3681  3954   6795 12167 12165  6796  6798 23769
 9505    2696  2817  2978  3408  11907 14942 12398 12401 12456 12399
 9506    2120  1537   414  3274   5646  4723  4726 19856  4727 24272
 9507    3404  3208  3697  4032  24273 10908 16018 22393 13938 24274
 9508    3194  3165  3649  3734  14753 22963  4658 18268 12489  5532
 9509     928   692  1545  3397   6768  5813 24275 11901 11902 23709
 9510    2898  2036  3166  3813  21617  9437 13674 22215 14678 23370
 9511    1608  1610  3173  3814  15830 24276  5303 24277  5151 24278
 9512    2492  2082  2885  3763   8541 12172 24279 19812 19810 24280
 9513    2891  3163  3624  3714  12103  9070 11402 11399 12207 10163
 9514    1624   698  3687  3815   4172  4882 10622 10618 13316 10617
 9515    1719  2470  1862  3182   5194  4131 23909 23812 23813 21884
 9516     948  2541   949  3987  20201 22551 22549 24281 16485 23077
 9517    2757  2622  3071  3081  13852 15246  8058 12057 22967  9735
 9518     635    38    39  3282  20701 18208 24282 16785 18229 22776
 9519    1742  2469  1594  3336  15484 16354 21880 21757 21445 16353
 9520    2429  2305  3258  3363  18024 14417 14419 23071 14420 13926
 9521    2307  2308  3547  3994  22969 23669 23597 24283 22884 23673
 9522     441   924  3246  3848  12152 13384 19850 18998 19849 11894
 9523    1818   930  1966  3444   9904  5910 16266  9905  9907 19583
 9524     616  1598   763  3548  15156 16892 16955 19061 16954 16895
 9525    1496  1518  3100  3599   4929 21103 20841 11571 14546 20842
 9526    2585  2787  3091  3742  10974 13711 13709 10979 10975 10911
 9527    2665  2662  2700  3257  15475 17611 15684 10142 15476 11446
 9528    2308  3463  3547  3994  22969 22884  7377 22971 19757 24283
 9529     307  1431   621  3349  14934 14932 24284  7991  5889 14931
 9530     735  2133  1802  3245   7180 12956 15264 21258 13532 18899
 9531    3323  3201  3444  3678   7114  7112 14560 14561 20809  7111
 9532    3121  2901  3447  3458  15410  6958  6961  7554  6962  7553
 9533     224  1775  3463  3994  19757 22099 23455 21246 24285 20738
 9534     399  1649  1435  3744  12014 20307 20605  5140 14783 24286
 9535    1775   224  3290  3994  19758 24285 23455 22103 22099 23035
 9536    3415   824  3564  3779   4461 24287  8823 12819  9288 12818
 9537    3074  2375  2324  1206  21507 20550 18848 12190 22823 20896
 9538    2870  3285  3377  3881  23180  5251  9442  8100 14307  9443
 9539    2426  3036  3139  3679   4401 20431  6307  6198 22709  6308
 9540    2214    14    15  3742  12675 17310 24288  6073 14203 10475
 9541    2775  2650  2894  2899   7558  4997  8132 16556  8133  7557
 9542    1383   282   838  3535   7032 15339 24289 22686 15138 24147
 9543    3258  2883  3363  3381  18022 17791 20908  7430 18566 18024
 9544    3052  2874  3156  3475  10961 18085 15254  7122  4940 15255
 9545      77  1982  2703  2809   8808  8303 10083  6653 16964 23197
 9546    2716  2969  3115  3402   7444 22741 10889 11221  9535 19006
 9547    2708   195  3159  3339  18803 12753  7096  7098 12756  7095
 9548     906  3019  3018  3490  14781 24133 24131 14780  4185 24290
 9549     897   998  1400  3026  17056 24291 24292 24293 13771  8478
 9550    1579  1197  1395  3895  15709  7776  8920 15710 15711 24094
 9551    1124  1570  1517  2671   6387  6386  5014 14915 10467  6391
 9552    1723  1835   796  3064   7388  8542 24294 14202 13812  7640
 9553    2376  3273  3417  3992  21767  8430 24295 13697  6063 23498
 9554    2285   132   504  3723  22191 17741 24296 23015 23648 23058
 9555     181  2102  2105  3279  15364 15362 23803 16064  5090 15361
 9556     235   224   816  3290  22101  5213 24297 22100 22103 22172
 9557    2852  2641  3338  3601   8324 16852 12549 10055  8310 21405
 9558    3314  2962  3576  3679  12212  4400  4403  6857  4404 12378
 9559    1323  1320  2842  2979   4854  6680 22578 10842 17286  6679
 9560     700   647   805  3008  20783 20782 24176 24298 24299 19642
 9561    3119  2653  3607  3955   8296 12241 24103 17340 17338 12240
 9562     541  1087  3862  3891  20390 17062 23325 23326 24065 14609
 9563    2328  2329  2151  3361  24300 23799 18190 24301 23517 24302
 9564    2351   909  3067  3202  14613  9077 22834 10292 14614 12382
 9565    2765  2909  3056  3354  19865  8045  8049 12599  8044 19113
 9566     170   415   461  3608   6703 16280 15911  6702  6705 20045
 9567    2864  2457  3591  3927  16526  7196  5549  5545 15010  5544
 9568    1046  1123   910  2843  19424 21931 24303  6589 19425 13233
 9569    2719  2718  2735  3144  24304 18123  5314  5483 17607 24073
 9570    1695  2317  3592  3961   9687 20311 14675 14673 20490 14676
 9571    1208  3149  3669  3802  12315 12036 12040 14247 12035 12318
 9572     326   330  3491  3582  18274 16786 17915  9057  8553 24305
 9573      55  1179   378  3615  16573  5831 24306 15110 15657 23950
 9574    1744   464   589  3406  12214 10585 10583 12217 10582 15116
 9575    1223  2635  2844  2897   7817  5479  5477 15756  5476  7820
 9576    2535  3333  3799  3895  24307 15708  8837 21804 22145  9682
 9577    2754  3041  3082  3564  13177 23091  9064 19876 19877 24308
 9578    2858  2613  3082  3564  13177  9586  7477 24309 11586 24310
 9579     314   277  3607  3673   6470 14767 14770 16476 14771 20064
 9580    3335  3352  3465  3810  18139 18138 24311  5428  7759  5172
 9581    3266   587  3429  3639  18119 13903 14529  4440 14857 19645
 9582    3091  3115  3311  3402   7443 23677  5502  7447  7444 15243
 9583     420  2390   592  3565  16641 19284 20736 21510 18796 23802
 9584    1080   531  4023  4033   5751  6631 24312 24248 24245  6630
 9585    1511  1536  1481  3467  14683  9781 24313 23248 22045 14681
 9586    2341  1538  3367  3938   6045 10408 10987 24314 10360  4453
 9587    1981   471   863  3606  12159  5086  5084 23708  5083 24315
 9588    1981   114  2179  3606  21202  5086 24316 21203 21204 12688
 9589    2291  2138  1962  3550  21386 17697 17694  8043 17695 21731
 9590    2469   240  1512  3336  16546 21445 18296 24317  6396 21756
 9591    1907  1900  3350  3589  17624 17625 12565 12567 19827  7794
 9592    1222   638  3146  3167   9787  8257 14236 20004 14234  9785
 9593    2263   527  3282  3485  13007 24318 20588 15508 19571 20587
 9594     655  1190  2789  3943   9898  9901 23873 20956 12642  9900
 9595      72  2406  3315  3861  20156 20159 21230 23586 21231 20158
 9596      58    59   651  3739  22895  7963 20708 23452 20705 24319
 9597    2852  2909  3183  3770   5278 12779 11311 17492 12601 17490
 9598    1394   143  3161  3182  16160 24320 15473 15472  4130 15149
 9599    2694  2596  2727  2832   6596 21571 10834 10831 15332 10830
 9600    3331  3165  3349  3881  24321 15868 15566 10708 14020 20011
 9601    3489  3117  3560  3954  10587  4274  4277 10590  4278  5419
 9602    2843  2657  3177  3680  18282 12949 19221 18307 19222 18284
 9603     627  2100  2486  3179  15358 15356 24187  7203 20935 15355
 9604    3818  3136  3929  4032  16017  7284 10935 12131 24251  4809
 9605    2009    64  2885  3064   7333 21490 18652 16975  7385  7638
 9606    2676  2692  3206  3932  17891  9574 16207 16208 17892 12731
 9607    1070  3400  3716  3823  18504 15792 15796 22527  8774 18506
 9608     181   975  3279  3453   8471  5268  5271 23786  5272 15362
 9609    2720  2661  2760  3474  10940  8753  8586 18765  6539 23614
 9610    1998  1237  2693  3469  13121 22123 15553 15556 17131 15554
 9611    2458  1398  2989  3209  17827  4957 23617 17818 23616 22928
 9612    2688  2719  2796  2813  21667 13669 21763 16300 16824  5472
 9613    1888  1659  1898  3476  19301  6561 15112 24322 10981 21152
 9614    2341  1538  1750  3367  18922  4453 10987 24323 24314 18924
 9615     982  2355   911  3639   8915 22019 24324 21975 13905 24325
 9616    2633  2649  3260  3289  14990 10318 18499 14995 14991 18245
 9617    2015  3147  3403  3586   6253  6250 24326  8267  5380  6251
 9618     243  2484  1724  2988  10005 15998 22564 21100 18609 18672
 9619     417  3036  2467  3790   6937  5745 21265  6936  6934 24153
 9620     115   166  3236  3466  11456 15996 10561  8428 11457 10560
 9621    3259  2272  3719  3894  22701 16777  5006  5002 23739  5001
 9622    3381   504   132  3723  23648 21673  9594 23015 22191 17774
 9623    2396   480  3622  3783  15721 22670 22672 15720 15722 24327
 9624    1480  1192  4028  4029  16770 23430 23156 24328 21504 24329
 9625    2893  3804  3879  3888   7511 18715 24330  8526 11812  4447
 9626     435  3372  3674  3804  13259 19256 17244  9894 11813 24331
 9627    3862  3604  3878  4019  24332  7454  7457 24333  7458 23691
 9628     758   886  2071  3481  15310 10929 11594 23196 13130 24334
 9629    2747  2241  3485  3558  12119 17895 21096 19560 15592  8188
 9630    1408  1712  2062  3600  10507 15469 22620 10508 10510 19747
 9631    2045   546  2451  3329  17035 10239 24335 17036 14502 18164
 9632    1451  1780  1781  3860   7361  7358 24336 24337 24338  7359
 9633    3232  2373  3245  3565  17861  8645 12413 16317 12414  6515
 9634    2835  2768  2901  2937  17436 22769 24339 14278 14479  6778
 9635    2993   713  2995  4012   9099 22493 23217 20997 16063 24340
 9636    1368   884  2846  3206  17323 21276 23036 22282 21180  8235
 9637    1867  1919    24  3011  24341 21468 21465 24342 21466 16887
 9638    2312  2361  1058  3076  22161  4361 18057 22517 15561 24343
 9639    3377  2213  3436  3898  17750 12466 17576  8999  5197  4516
 9640    3041  2854  3343  3539  18067 13993  7871  7867 13991  7866
 9641    3291  1424  3439  3844  12589 11018 23280 20943 14640  6166
 9642    2055   734  2876  3103   7931 12417  7050 21450 21451 12416
 9643    1228  2237  2263  3485  24318 16130 24344 24345 12121 24346
 9644     894  3098  3239  3637  20661 20664 10913  4118  8339  4582
 9645    3175  1560  3555  4014  11313  4907  4910  8758  4911 19352
 9646    3263  3291  3844  3893   9308 17493 11020 11018  9994 10414
 9647    2493   452   802  3236   4215 10591 24347 22235 16261  7844
 9648     495   243  1994  2988  10003 11708 16239 18671 15998 11707
 9649    2783  3318  3624  3904  14309 13168 21372 14314 14310  7616
 9650    2682  1324  2945  3673   6471 13466 17887  6472  6474 13444
 9651    2459   577  2879  3630   8633  8637 14743 21630 22555  8636
 9652    2757  2723  3191  4004  13213 15119 11027 17921 17394  8060
 9653    3652  3368  3745  3846  14667 14456 14455  8052 10567 24348
 9654    2939  2791  3165  4011  13983 13980 19611  4661 12060 13981
 9655     499   925  1152  3329  24349 10150 19609 18530 15406 24350
 9656    1001  1735  1103  2882  10682 10500 10497 24351 10498 22614
 9657    2860  3264  3858  4020   4305 10463  5241  5969 10461 20213
 9658    3595   630  3598  3671  19139 20418 12716 19677 20421 19676
 9659    1692  1635  3159  3250  11608 13703 17042 21543 14487 18805
 9660    1962  2138  3355  3550   9705 21386  8043 22903 17695 12632
 9661    2833  2962  3036  3139   6198  6197  9534 21870  4402  6196
 9662    2688  2889  3272  3457   5286  5290 23393  7336 22951  5289
 9663    3174  3267  3580  3629  14591 14217 12324  9676  4168 16860
 9664     524  3350  3374  3589  12909 11548 17904 13081 17624  6512
 9665    1466  1465   614  3583  21647  7539 21409 24352 21407 21651
 9666     662   666  3754  3843  10295 17347 20821 10300 10296 24353
 9667    2084   374  2150  3462  16393 14477 20723 24354 20722 16396
 9668    2300  3312  3747  3774  12113 12116 11622 11623 17321 11621
 9669    2983  2667  3383  3395   9651  7001  8974 11591 11588 23230
 9670     404  2205  2203  3873  24355 17400 17398 21133 17397 24356
 9671     447    27  3274  3704  10317 17468 19569 15954 19565 17469
 9672    1469   919  3068  3725   8344 23464  4685  4682 18721  4686
 9673      27    28  3274  3704  10317 19565 19567 23355 10093 15954
 9674    3070  2105  3974  4012  24357 17872 19793 24358 16060 18768
 9675    2622  2685  3273  3417  13697 20630  6469 21151 20629  6061
 9676     270  2065  2325  2867  20591  7572 24359 22673 21192 20590
 9677    2760  2661  2831  3215  17217 18767 18765 20748  9373 23613
 9678     669  2059  3338  3569   8873  4616 21003 13664 21515  8749
 9679    1140   839  3190  3620   9224 15338 10995 10992 18975 10991
 9680     479   480   643  3962  12406  6454 24360 20709 17965 12404
 9681    2768  2956  3447  3621  15413 23075 20557 20556 12498  4299
 9682    2627  2848  2919  2920  11847  6664 20734  5461 23276 20283
 9683    1754  2033  3451  3578   8396 22212 21820 21822  5398  8027
 9684    1542   535  3043  3080  11233 14553 22104  4993 18047 14552
 9685    2346   450  3258  3651  13060 24076 24121 24361 19472 17343
 9686    2748  2791  3094  3108  14921 12710 23821 14920 14922 20800
 9687    2859  3255  3321  3803  18860 19135  7431 18862 16295  9138
 9688    3223  3079  3232  3331  15564  8419 13748 12840  4567 13746
 9689    1204  1524  1091  3158  17479 16022 16020 24362 15491 17483
 9690    1951   880   634  3269   9818  9593 10215 17106 10214 20367
 9691    2765  2769  2804  2909  19897  8049 23424 16614 13739 18707
 9692    2875  2192  3083  3276  10042 12946  9022 15636 15633 17732
 9693    1419  1869  1650  2910  15281 10388 10392 15280 10387 21269
 9694     246     2  3299  3387  11615 16692 16690 22524 11917 22794
 9695    1763  1982    77  2809   8303  6811 21614 10083 16964 24363
 9696    1870   309  3405  3980   6231  6228 19240 23013 24015  6229
 9697    1200  1228  2263  3485  24318 13011 16131 24346 16130 20589
 9698    3117  1609  3711  3915  19385  8440  7235 24364  8442 15673
 9699    2416  3039  3301  3997  14293 13306 13964 18835 15378  7754
 9700    1370   158  2538  3658  16604 16744 24231 16607 13108 16745
 9701    2093   229  3036  3367  18228 11109 17447  9268 16830  8595
 9702     509  2320  1863  3601  21971 18056 24365 20333 23926 24366
 9703    1372  1443  2929  3180   6522 13634 23401  5777 13985 13633
 9704    2396  3622  3727  3783   6682 22670 24327  5991 15721 10256
 9705    3705  3435  3818  3887  20386 11725  4811  4814 11761  4812
 9706    2579   722   723  3292  22378  5218  5216 23117  5215 23271
 9707    1715   276  2554  3853  12553  5322  5489 24367  5487 12555
 9708    2373  2122  2939  3232  12841 12413 24368 24369 19557 15768
 9709    1194  1375  3864  3887  20387 15699 15697 24066 15696 24370
 9710    1589  1992  3286  3859  20891 14742 22409  6658 14381 13440
 9711    1344   941  2111  3752  20122 10423 17301 20124 10407 18386
 9712    2494  2271    90  3080  11234 16713 16711 11235 11237 20985
 9713    2764  2785  1310  2869  22314 15845 21362 22313  9256 13432
 9714    2649  2635  2808  3548  20532 19538  6694  5480 12442  6818
 9715    2270  3268  3790  1984  19285 22326 22325 16287 10330 14154
 9716    2992  1668  2994  3874  24371 17372 24372 24373 22595 24374
 9717    1911   654  1708  2831  19087 22318 23094 23779 23093 23171
 9718     384  1505  2678  3294   9174 18086 17858  9012  9341  7236
 9719    3858  3221  3879  3888   7511 19921  4496  4445  7512  5967
 9720    2461   509  1863  3601  21971 21396 24375 24366 18056 21970
 9721    2630  2633  3289  3704  10314 10615  7516 10318 10315  5470
 9722    2105   913  3974  4012  24357 16060 12766 10720 18705 24358
 9723    3032   731  3041  3564  19877 11116 11119  5233 11120  8012
 9724    1228  1730  2241  3485  19560 16130 24376 15593 21095 24377
 9725    1747  2399  2398  3696  20669 23804 23805 20668 14399 24378
 9726    3758  3832  3833  3976  14260 22734 10435 21926 14271 21928
 9727     970   509  1386  3601   7898  8328 24379 22652 18056 22431
 9728    2995   713  3143  4012   9095  9099 20997 20995 16063  9098
 9729    2893  3445  3804  3888  11812 18715 19490 19257 17243 24330
 9730    2496  3532  3793  4012   9733  9043 22540  4347 17098 20318
 9731     461   447  3608  3704   6700  6704 15193 15190 17468  6703
 9732    2643  2608  2871  3792  11649 11647 16128 16419 14801 11646
 9733      29  2106    28  3704  10093 10096 14759 23354 14758 10095
 9734    2474   509   970  3601   8328  8325 18055 24379 18056  8326
 9735      29   461   415  3704   6701 10096 10094  6702  6704 23866
 9736    3141  2811  3258  3651  13060 22430 24218 23640 24380 19494
 9737    1268  1266  2836  3353   4861 11878 24092  4862  4864 11877
 9738    1474  1864  3425  3429  21154  9518  4253  4250  4436  4254
 9739    1901  1903   195  3339  12756 12754 17351  9144 13571 12755
 9740     806  2711  2890  2935   9648  5632  5180 16639  7166 18943
 9741    2585  3257  3429  3639  18119 20688 17612 21899 20697 23445
 9742    3145  2842  3158  3203  18836 15414  6320 15802 20846 14000
 9743    3331  2795  3349  3609  14930 17079 22675  5792 10727 20011
 9744    2961   295  3597  3653   5687 13398 13393 18811 18810 23912
 9745    1736   470  2940  3071  12058 21241 24240 21628  6893 21240
 9746     109  2494  2257  3080  11125  6142 22446 20987 16713 11128
 9747    2861  2954  3657  3731  13358 13846 20056 10869 13359 13845
 9748    2185  2186  3450  3483  20978 16210 16214 22408 16209 18812
 9749    2067  2492  2082  2885  19812 16644 23877 24279 24280 24381
 9750    2658  2860  3107  3317  22482  8099  8096 23943  8097 19720
 9751    3741  3170  3814  3963   4225  4223  8323  8320 20485  4222
 9752     509   718  2320  3601  23926 18056 18054 15765 18053 24365
 9753    1629   502  1749  2887  15072 16115 16557 22674 12961 16114
 9754    1686   128  1631  3095  23889  9353 21829 24382 19273 24383
 9755    2976  3435  3705  3722  18533 18535 18453  4811 13765 18534
 9756    1730  1228   530  3485   8965 21095 24376 17999 16130 11218
 9757    2765  2650  3541  3654  18131 10041  8046 18151 24384 11145
 9758    2745  2876  3077  3149  20854 22598 14584 16874 10271 24385
 9759     428  1741  2111  3423  22405 18929 18931 22406 16364 24386
 9760     580  3188  3212  3328   6633 16799  5976  6038 11187  6037
 9761    2675  2706  3342  3551   4391  8088 10660 10663 10792 10661
 9762     295  2961  3118  3675   9459 18687 13393 19033  6025 16380
 9763     756  1157  2584  3951  13310 24387 24388 23472  7073 24389
 9764    2911   965  3346  3412  24390 13718 19691 19689 15365 19688
 9765     889  2430  3535  3609  10725 22142 14723 10728  5066 14722
 9766    1057  2141  3687   572  10007 21950  6573  6575 18225  6200
 9767    1536  2310  2020  3377  21214 22044 24391 24392 21520  7145
 9768    2668  3305  3881  4031   9154  6164  6162  9158  6161 24393
 9769    3053  3248  3342  3627  10659 11353 18552 15968 24394 19116
 9770     807   491  2936  3730  15923 22350 22227 22228 10291  5896
 9771     150   134  2700  3429  20973 19062 19064 21592  9515  5918
 9772    2002  2271  2809  3043  16976 22119 22120 18421 11236  6189
 9773     730  1133  3179  3422   7040 13752 20375 22006 20376 24395
 9774    1143   981  2154  3139  11872 21948 12694 11873  7153 24396
 9775    2675  3150  3426  3551  10791  8088 15543 17711 15022 10793
 9776     774  2065  3131  3219  21524 22332 22334 10945 22335 24397
 9777    2754  2750  2854  3041   7871  9064 11443 24398 11442 17664
 9778     610   880   645  3269  21048 16111 21867 19835 10214 19600
 9779    1685  3122  3563  3630   9368 21337 23066  9372  4753 22601
 9780    3274    37  3608  3704   6700 10317  5350  5346 10612  5345
 9781    2650  2667  2775  2909  11310  8047  8131  8134 17952  8132
 9782    2371  1256  1253  3453  24399 22917 24400 24401 20817 24402
 9783    2731  2868  3117  3360  15175 15174 21440 21441 23182  7234
 9784    3264  3410  3858  4020   4305 10461 10960  6285 17923  5969
 9785    2434   781  3157  3461   7592  9774 20778  7597  7593 14106
 9786    2880  2842  3158  3186  17638  4853  4851 15802  4850 17636
 9787     205   204  2366  3339  16636  8621 23275 23335 18112 13689
 9788    2304   339  2280  3182  12359  5191 24403  8905 12360 19492
 9789    2067   165  1793  2885  16646 16644 24404 17030 17032 16645
 9790    2716  3091  3275  3402  23668 22741 15851 15849 23677 15852
 9791    1176  1043   285  3231   8803 16516 19883 24405 18997 23152
 9792     287  2333    66  3693   4356  5599  5597  7356  5596 23724
 9793    2511  2513  3018  3836  14782 16014 24406 24407 10123 24408
 9794    2723  3486  3584  3791  17804  7290  7294 17807  7289 19809
 9795    2364  1482  1504  2813  20409 10119 24409 21606 21695 20408
 9796     847   423  1753  2930  14544 14898 24410 24411 18467 24412
 9797    2332  1751  3321  3692  18970 10489 10492 18969 10493 15985
 9798    1750   649  3367  3938   6045 24413 23224  7660 10357 18922
 9799    1358   946   220  3076  17103 10402 10403 24414  5959 24415
 9800    1443   143  2767  3180  12751 13985  5957  5953 12752  5776
 9801    2245  1333   164  3882  15575  4739  9507 24416  9506 15574
 9802    1158   984  3820  4006  22397 10325 19316 22400  9655 24417
 9803      63  2898  3064  3613  13810  7879 10400 10399 22983  7384
 9804     423   847  1130  2930  16054 18467 24410 16053 14898 20921
 9805    1756  2035  3608  3685   8381 11319 24418 22972 23291 11318
 9806    1448  3314  3576  3679  12212 13247 12335 12378  4400 12377
 9807    2981  3122  3807  4021  20941 12981 11656 23810 18725 23811
 9808    2962  2845  3036  3139   6198  4402 21871  6938  5905 21870
 9809    1863  1720  2915  2299   6034 22082 22581 20168 20170 20332
 9810    3045  2242  3420  3444  21920 23243 18937  6044 16096 21589
 9811    2665  2787  3418  3443   8842 19967 19422 15399 15397 24264
 9812    1247   363   364  3496   4064  4068 21356 20155 17747  4067
 9813    2739  2681  2770  3179   4149 23143 24419 17982 19056 11516
 9814    1968  1379   182  3180   9974 24420 24421  9975  9977 21847
 9815     543  1664  2917  3277  10650 22389 13724 10655 10651 13725
 9816     109  1103  1735  2882  10498 20430 11127 24351 10682 18126
 9817     808  1979  2703  3392  20766  4539  6298 18462  6296 20765
 9818    2126  2367  2947  3914   7953 22646 11228 11225 22784 11229
 9819     921  1531  2015  3147  24326 13184 13181 24422 13182 11153
 9820     533   812  2600  2985   8508  6233  7518 23265 23266  8511
 9821    3145  2984  3239  3605  13497  6315  6318  5528  6319 22655
 9822    1111   887  1376  3486  14177 10957 21149 17760 17757 24423
 9823    3086  3537  3794  3819   4373 19696 19829  4372  4375 19695
 9824    1688  2556  1689  3304  20361  8066  8064  6529  8063 20360
 9825    1790  1516  1112  3599   7785 24424 24425 10189 10188 19430
 9826    2206  1295  1290  4031  24426 24427 24428 24429 24430 24431
 9827    3466  2899  3725  3348  18326 14564  8346  8349 16554  8347
 9828    1145  2310  1536  3377  22044 12471 24432 24391 21520 23382
 9829    2249   581  3378  3775  15152 16747 16069 16070 17288  6361
 9830     258   819  2947  3380  22463 14751 12202 12205 20142 12203
 9831     456  1222  3228  4001  13476 19517 19987  9786  8253 24433
 9832     568  3316  3749  3997   8769  8772 15809  8737 11276  8771
 9833    2935  1127  3426  3980   6227 17536 17535 19028 17534 19935
 9834       4  3103  3128  3778  11965 16250 22248 11966  4487 16249
 9835    2203  2205  3871  3873  14107 24355 21133 10811 17397 21132
 9836     852   816  2555  3983  22757 22694 24434 24105 22171 24435
 9837    2641  2848  2920  2982  11848  8314 21768 23276  5462 22973
 9838     366  2061   626  3701   5862  9360 18090 12247 12246 14148
 9839     207  1966   221  3698   4511 19433 23269 23643 23268 23790
 9840    1646   552  2945  3397  11091  7521 15161 17810  6766 18754
 9841    2536  1172  3442  3658  20041 13109  6730  6726 18334  6725
 9842    2718  2688  2719  3792  22441  5482 12562 21763 12561  5314
 9843     288  2172  3545  3875  20193 24215 11770 11771 20194  6212
 9844     424  1798  3137  3742  16656  8937 17312 11804 17313 19189
 9845     387  1965    87  3648  10754 17974 24436 10638 12968 18430
 9846    3343  3415  3564  3779   4461 18068 24437 12818 24287 13174
 9847    1131  3972  4005  4024  14022 23674 24226  4478 14023  9417
 9848    2206  1290  2209  4031  20463 24427 24431 24438 24426 24439
 9849    2919  2798  3109  3450  20163 20979 20285 20164 20166 11046
 9850    1595   746  3391  3678  20807 12927 12929 21367  4047 20150
 9851    3759  3435  3794  3817  11763  8884 12937 11762 11765 12938
 9852    2107  1202  2779  3395  18728  6545 13342 13344 18019 13341
 9853    2290  1165   996  2834  23002  7890  7894 24045  7889 22892
 9854    2743  2740  3268  3429  17332 17335 15430 22256 21900 17334
 9855    2825  1548  3703  3836  13360 18622 12644 18301 18299 17852
 9856    1276  1281  2681  3787  14815 20615 16821 11612 14816 13026
 9857    2911  3365  3412  3424  23765 10535 13717  6205 15013 13718
 9858    2078  2701  2794  3153  15883 20674 13663 17622 19292 23940
 9859    2516  2825  3089  3943   6159 14361 14359 18623 12641 10899
 9860    2621  2666  2762  3447  15576 16036 12800 15577 15579 20747
 9861     522  1501  2213  3377  17576  4521 24440 23929 12469 13843
 9862    2764  1310  2855  2869   4795 15845 13432 19651 22314 16076
 9863    2468  1646  2945  3397  11091  7524  7522 18754  7521 19032
 9864    1214  1630  2949  3552   8530 12655 16381 14223  7812  8392
 9865    1706  1039  2987  3380   5143  5147  9842  9840  5019  5146
 9866    1952  2049  3032  3177  11587 10874 10872 22365  4677 14228
 9867    2439   186  1420  3367  16598 15738 24441 24442 16833 19254
 9868    1084  1220   481  2686  20536 16513 20002 24443  4924 18932
 9869    3055  2954  3263  3816   8491  6420 20531  8492  8494 22872
 9870    2470  1657  1862  2727  11556 10864 15770  7254  6599 23812
 9871    1815  2485  3031  3969  18072 16994 23833 11470 18736 23122
 9872    3905  1373  3922  4028  16774 23612 22586 22584 24444 19939
 9873     269  1918  1819  3816   7764 14636 14635  7763  4035 24445
 9874    2365   994  1691  3116  17556  6964 16581  7814 16580 22049
 9875    3759  3817  3818  3887  20386 16257  8884  8881  5560  8885
 9876    1431   307    67  3349  24446  5889 24284 24447 14932 24448
 9877    1448  1021   146  3576  15096 12377 15761 20775  9740 15095
 9878    2075  2188  2581  3448  11534 11538 16274 24449  4818 11537
 9879     342  2778  2777  1088  12112 12111 24450 23447 17848 12110
 9880     913  3270  3974  4012  24357 18705 18704 20566  9046 10720
 9881     605  1751  3692  1715   6527  5320 10491 10493 19112 10490
 9882    1247  1248  2714  3496  12582  4068 23861 17186 17187 22246
 9883    1553  1224  2603  2703  20930 15741 12734  4767 23992 22222
 9884    2673  1094  1505  1189   5039  5036  9343  9344 21186  5040
 9885     372    19  2137  2686   5941  4927  4925  5942  4721 24451
 9886    2672  2748  2791  2921   4660  6609 10845 23821 10185 13143
 9887     213  1014  3253  3975  10134 24452 23553 12333 24453 15767
 9888    2663  2595  2774  3997  23796 13832 14018 15238 14017  9038
 9889    2785  2818  2869  3123  12142 22561 14349 14346  9128  9256
 9890    1532  1468   801  3599   7788 13944 24242 19191 19192 24454
 9891    1193  1102   890  3667  11136 18872 24455 11137 11139 18873
 9892    3165  3436  3649  3898   5196 18267 14021  8995 17750 18268
 9893    2741  2775  3060  3102  21146 11348  4430  5000 18847 21706
 9894    1818  2435  3444  3882  14142 19261  5916  5915 20429  5910
 9895    2014  1502  1822  3177   6217  6216 24456 17855  4676  6221
 9896    2033  3063  3451  3578   8396  5398  5402 24457  5397 21822
 9897    2385  2339  1188  3997  16182  6410 16427 16382 14294 24458
 9898    3239  1168  3366  3576   5526  5530 14191  7727 19016  5529
 9899     921  3034  3147  3586   5380 11149 15220 13225  6178 13184
 9900    3557  3088  3738  3819   4507 15870 12073 12074 14981 12072
 9901    3819  3851  3889  4005   4505  4370 12472 14707 14025  4508
 9902    2643  3729  3792  3829  11884 24459 20991 11887 11885 11647
 9903    1518  1790  1931  3599  24460 14546 24461  8196 24424 11570
 9904     937  1573  3232  3245   6515  6519 13080 21941 13078  6518
 9905     113  1182  1840  3204  21963 15232 24462  8688  5021 24463
 9906    2539   273   274  3952  20036 22904 24464 23688 23685 23144
 9907    3102  3162  3219  3961  15076  9688 12236 15077 15079 14075
 9908    2042  1123  2843  3680  12949 14356 14355 19425  6591 18283
 9909    2680  1249  2749  3453   4978  9923 24465 19933 19931  9924
 9910    3435  3136  3818  3887  20386 11761 18471 10935 24466  4814
 9911     702   431  2983  3395   7001 11179 21921  9406  6544 23362
 9912     496   987   422  3181  12230 12228 23098 20806  7093  7839
 9913     960   959  3665  3758   4328  4332 22054 22863 18219  4331
 9914    2877  2608  2889  3831  24467  6550 14802 23392 21267 23304
 9915    2671  2663  2705  3345  14610  5256  5875 13831 18826 10465
 9916    1195  1124  1188  3997  16182 14840  8923 16183 14838 16384
 9917    2598  2716  2969  3115  11221  5503 18152 10889 19006  5693
 9918    3287  3362  3876  3882   9916  9920 24468 10559 14966  9919
 9919    1500  3399  2448   256  23964 22179 10114 10116 22279 10115
 9920    2633    37  3274  3704  10317 10315 14539  5350 10612  5642
 9921    2087   171  3120  3408  14939 16461 16465 21886 16460 22846
 9922     792  2343  3035  3930  10758 14395 17833 16924  4407 13159
 9923    3824  3362  3882  3987  14011 13835 14968 14966  4424  9122
 9924    2187   430  2985  3137  12976 10530 10534 13863 10529 22128
 9925    2995  2496  2993  4012  22493  9099 20013 17373  9043 24340
 9926    3822  3828  3866  3940  20016 18317 16938 16936 24469 16939
 9927    2935  1186  3433  3691  13586 13587 20873 20871 24470  9645
 9928    3274  2106  3289  3704  10314 10317  4724  8572 14758 10316
 9929     850  3133  3340  3984  15047 15045 16010 20172 16006 15044
 9930     255  2254  2934  3366   7656 14087 24220 10261 10262 23675
 9931    1044  2091   894  3239   4582  4581 23136 20663 20665  4585
 9932    3377  3436  3881  3898  23862 12466  4516  8830 17750 23180
 9933     279   788  3491  3709  18275  8551 18257 14778  9660 24471
 9934    3049   741   856  2278  24472 14634  8448 15753 19692 21262
 9935    1126   894  3098  3239   4118  4122  4583 10913  4582  4121
 9936    2797  2900  3086  3819  19696 23872  8736 17531 23871 13232
 9937    3352  1636  3389  3634  17626 21542 13099 13101 17047  7758
 9938    1295  3305  3966  4031   6160 24430 22778  6165  6161 24473
 9939     688   518  2634  2840  14187 22611  7025  7022 12649  7026
 9940    1238  1952  3032  3177  11587 10871 10873 14228 10874 12595
 9941      15    16  3275  3311  12676  6068  8614 10473  8615 10472
 9942    3355  3391  3827  3990  12631 12633  9257  9799  8211  9708
 9943    2502  2701  3529  3611   7303 22244 14396  7305  7302 10798
 9944    2838  2858  2941  3029   7663 19090 22504 14888  7479 18682
 9945    1453  1730  1769  3540   6783 12254 23123  6784  6786 12255
 9946     438  2158  3301  3997  14293 14295  8452  8449  6414  8453
 9947     841    87  1098  3648  10752 15855 24474 10753 10754 20277
 9948      49   985  3276  3691  12945  4209 17899 23232 12124 16621
 9949     780  1996  2910  3666  15301 19375 20280 21908 20279 10391
 9950     375  1186  2935  3691  13587 12123 23404 20873 24470 20568
 9951    3254  2795  3609  3682  18489  9272  9270 10727  9269 15995
 9952    1186   178  3433  3691  13586 24470 24169  6324 24475 20871
 9953     369  2068  1532  3599  13944 22604 24476 13945 13946 24477
 9954     777  1049   636  3419  20877 16481 16480 23756  4579 23576
 9955     744  2936  3586  3730  16217 16216 24271 12617 15923 10265
 9956     160  1752  2319  3285  14895 15981 19874 14896 12824 16142
 9957    2260  3116  3120  3600  14788 13291  6968 13791 13290  7391
 9958    3347   399  1488  3927  16190  7192 20309 18494 14861 16192
 9959    2857  2445  2969  3744  12502 15454  8786  9108  6585 11223
 9960    2068   369  2021  3599  22603 13946 24476  8684 22604 20939
 9961    2462   428  2111  3752  20122 18697 10205 24386 24478 20123
 9962    2932  1324  2945  3038  11093  6405 21966  6472 14133 11092
 9963    2937  2901  3073  3458  22253  9680 17436 17439  6962 17437
 9964    2924  1686  3418  3443   8842  8138  9352  8846  8843  9351
 9965     566   874  2881  3942   9544 16675 16674 20989  5572 23289
 9966    2620  2641  2972  3327  16041 13597  4288  4291  9322  4289
 9967    3792  2643  3829  4023   5755 11644 11647 24459 11648 11884
 9968    2920  1811  3280  3610   4629  5409  5412  4630  4632 11939
 9969     445  1208  3356  3802  15916 12039 12037 13876 12036 17203
 9970    1790  1518  1516  3599  10188 24424 24461 24479 14546 24425
 9971    3208  2640  3832  3929  10430 10434 24480 23074 14581 10433
 9972     660   667  3042  3783   6667 12199 12197 10259 10257 18989
 9973    2373  1353  3232  3245   6515 16317 20977  6520  6516 12413
 9974    1055  2675  3167  4001   8252  8087  8085  4970  8084  7474
 9975     281  1330  1417  3235  24209 14051 14054 24481 11945 24482
 9976    2761  3427  3687  3815   4172  8644  9533 14032  4878  8643
 9977    1449   827  2027  3585  20876  7601 24483 23578 17670 19415
 9978     142   412  1504  3540  17834  6689  6687 17837  6686  8730
 9979    1865   782   423  3584  16445 16442 24484 18741 18742 16443
 9980     529  3810  3846  4030  16968 22202 22200 11341 20671 14668
 9981     907  3509  3508  3836  18986  9487 10877 24485 10126 18987
 9982     286  2269  2171  3215  10013 10010 22713 24486  5700 10011
 9983     701  1166  1964  3535  14261 14721 24487 24488 23287 24489
 9984     529  1213  4022  4030  21280 22202 24490 24491 16972 22201
 9985    1181   334  2058  4004   6117  9797  9795 24492  9794 20135
 9986    3340  3136  3840  4018  20126 16529 14339 16919 13941 20171
 9987    1546  1119  2421  3844   4179 10385 14442 17392  6497 23095
 9988    2692  2691  2898  3932  11967 17892 13103  6135 22830 23373
 9989    2650  3423  3541  3654  18131 24384 16658 17354 13772 18151
 9990    3586  3058  3696  3730  16215 16217 14439 15921  8033 15920
 9991      21  3011    24  1919  24342 24493 24494 24341 21466 17513
 9992    1850  1923  2901  2950   6779  5130 23436 17522 23244 18883
 9993    3847  3629  3921  3922  19936 22812  9580  7857  4167 11176
 9994     493   379  2580  3923  20394 18159 22562 20395  8294 15531
 9995    1500  1228   484  3469   9465  9469 24495 16133 18000  9468
 9996    3253  2609  2921  2896  18427 10135 20070  6611 18775 19175
 9997    2083  3313  2037  1067  23728 22914 18864 22343 12940 24062
 9998    2271  2809  3043  3648  19217 18423 18421 16976  7548 11236
 9999    2878  2805  3479  3757  10542 14577 15084 15080  5456 14576
10000    2986  2911  3346  3412  24390 21032 11719 19688 13718 17267
10001     387  1860  2271  3648  18423 17974 17972 20616 17971 16714
10002    3229  2910  3263  3666  10413 17415  4745  4741 15301  4740
10003    2818  3045  3201  3391  20808  9258  5253 17518 17966 17517
10004    1727  1117  3295  3395  11590  4903  4906  4747  4902 15185
10005    1450   989  3092  3308  17581 10398 22566 23127 18070 10950
10006    2588  2596  2634  3105  23296 19358 24496 15330 23297 13194
10007     413  1586  1424  3291  23280 12650 12652 14644 12653 24497
10008    2678  2625  2724  2826  16535  9178  9175 16534  9176 20909
10009    1059  1431  3349  3619   5791  7989  5893  5889  7988  5888
10010    2766  1224  3291  3461  21037 12732 12735 21047 12736 10669
10011    2634   688  3114  3161  24498 11385  7026 23407 22806 14188
10012    1830  1458  2550  3661  14266 14269 19297 16863 10740 14268
10013    3879  3674  3918  3933   7504 22260  9890 24499 23556  8522
10014    2400   252  2361  2824  15558 16467 24500 22518 24027 16466
10015     481   372  2137  2686   5941 20536 24501 24451  4927 24502
10016    2137   380   481  2686  20536  5941 12375 23440 12376 24502
10017    1147   128  3657  3731  13358 23009 19887 19274 21826 19888
10018     401  2238   871  3203  14910 15418 24503 14911 11154 21714
10019    2884  2736  2971  3128   8593 11831 11830  9950 11829 17599
10020    1968   409   151  3114   4675 13550 21846 19668 21845 13549
10021    3411  3020  3490  3556  14370 16926  7268  4184 10517 18699
10022    2262  2449  1517  2671   6387  7579 24504 24505 22233 14914
10023    1692  1635  3164  3669  14702 14705 17042 24506 12319 14704
10024     361   359  1240  2654   5189  5187 15821 24507 15654  5186
10025    3221  3283  3849  3879  18032  4445  4446 19725  4442 22140
10026    1774  1513  2877  3829   5753 12668  5667  5670  6242  5668
10027     228  2129   182  3180   9974  9973 20242 23300 23298  9978
10028    1628  1565  3121  3684  11035 12351 22016 19166 19575 17630
10029    2065  2867  3131  3219  21524 22335 21192  5071 14076 10945
10030    2594  2763  2828  2833   6047  7409 11363  8897  9826 17967
10031    1290  1295  3966  4031   6160 24426 24429 24473 24430 24508
10032    1705   440   210  4017   4463 23730 23732 24509  4820 24510
10033    1104   769  2857  3115  11224 11222  8111  8113 17898  8110
10034    1784  2812  3329  3477  21525 10576 21783 17808 10446 19069
10035      66  2671  1517  2449  24505 21885  7355  6387 22233 24511
10036    3003  2523  3002  3153   7066 15344 24512 20099 20097 15343
10037    2491  1881   908  3183   5660 22363 22360 24513 22362 23322
10038    1165  1994   996  3432  17293 12672 19658 17294 11706 24045
10039    2305  2346  3258   601  18023 21328 23080 17343 15517 23071
10040    2333  1124  2671  2862   5870  7354  6389  6386 14841  6390
10041    2697  3479  3610  3764  13255 18647 18649 19247 16523 18734
10042    1220  1808   915  2686  11480  4924 20001 24514 20000 20017
10043     876   202  3101  3223  21122  4206 16223 23240  8420 23238
10044    3567  3544  3818  4032   7284  5361  5359 10932  5358 13539
10045    3117  3489  3560  3711   5414 15673  4277  5419  5415 10590
10046     114  1185  2892  3606  11822 21204 23108 16459 16457  7728
10047    1542  1363  1364  3179  24186 14554 17604 24515 17603 24229
10048       9  2433  2417  3185  12809 12812 24516 24517 19729 12811
10049    2807  2685  2815  3787  14814 24518 19228  7041 17417 15326
10050    3046  2959  3328  3852  13218 19644  6620 15860 19031  5333
10051    1536  2020  3045  3377  21213 22044  7145  7148 21214  7146
10052    3002  2514  3001  3153  20564  7066 20098 24519 14663 22858
10053    2822  2767  2929  3233  24520 15216 15834  5773 11555  4574
10054     463  2371  1253  2749  19328 12874 22915 24402 22916 19329
10055    2881  3376  3381  3723  21673 21054 21952  5163 21710 15027
10056    2811  2744  2883  3381  18566 19545 10445  5341 19543 10441
10057     457   711   569  3885   8718  9674 24521  8717  8714  9673
10058    2140  3071  3279  3453   8471 19698 10688  8470  4977 13268
10059     832  1680   561  3383   9652 19535 19533  8412  9653 18851
10060    3670  2960  3899  3951  11067 13308 24522 11072 11068  7882
10061     736   285  1043  3231  18997 18995 23213 24405  8803 18994
10062    1135   418  1078  2963   7015 15619 21996  7486  7139  8946
10063    1553  2648  2676  2703   8805 15741 15745  9340 15740 24523
10064    3117  1609  3489  3711   5415 15673  7235  7232 24364  4277
10065    2950  2698  3220  3447   9071  4298  4301  6580  4302  6578
10066      19  1347  2195  2677  24524  4720  9458 24525  9454 24526
10067    2609  3253  2921  4011  13142  7460 20070 19175 13979  6611
10068    2563  2436  2411  3826  23634 19945 19944 24527 19457 22640
10069      75   485  3219  3813  14953 12000 11998 21487  6099  7981
10070    2922  2033  3063  3451  24457  8890 21821  5402 21822 14375
10071    2586  2619  2587  3105   5621  5620 23235 24528 23234  5619
10072    1086   325   236  3376  17054 15234 24529  8809  9197 17052
10073    2689  3149  3410  3647  17800  6839 21442 11701 10273 19015
10074     431  2023  1803  2983   9409  9406 11852 19155 11851  9407
10075     518  1694   553  2840   9627 12649 23485  9131  9628 23504
10076    2035  1486  2969  3269  16999 21579  5695  5697  5468  5694
10077    2661  1270  2759  2816   8336  6462 24530 24531 19763  8587
10078    1044  2091  3239  3637  20661 21795 23136 20665 20662  4581
10079    1602  1814  2735  2792   8652 21633 24532 11991 18703 22284
10080    1412  3015  2789  2046  20369 24533 24534 16687 22676 24535
10081    1521  1677  1535  2855  14490 10171 24536 22619 21075 16649
10082    2492   245  2728  3148  14096 14325 12170 12173 19749 12171
10083    2644  2627  2722  3610  13616 18568 23917  6662 19340 23876
10084    3574  2891  3681  3890  19901  5136  5133 19353  5134 19903
10085     788   927  2853  3306  19078  9471  9474  9565  9475 14777
10086    3446   501  3573  3603   6092 15627 15629 16495 15630 21453
10087    2837  2679  3623  2859  19459 13563 22164 19463 19462 21857
10088    1587  1519  1933  2802   6350 10658 24537  6355  6351 21247
10089    1128   200  3074  3246  21462 11981 19265 22416 19159 23982
10090    2197   425  3817  3842   5559 12435 19614  5558  5561 12436
10091    2441  2745  2876  3077  16874 16877 23793 14584 24385 16876
10092     937   932  1359  3232  19558  6518 13977 10998 13976 21654
10093    2035  1756  2686  2716  10893 10892 24418 13805 13803 10891
10094    3174  2900  3267  3386  24033 19067 12328  8731 16932 12324
10095    1501   522  2330  3377   4519 12469 24440  4518  4521 24155
10096    3560  1746  3320  1120   4946  4942 17788 12166 23770  4941
10097    2424  1124  2862  3997  11280 11277 16184 14841 14838 11278
10098     833  1453   925  3540  15407 19529 23124 24538 12254 24539
10099    1894  2116  2319  3285  14895  6846  6844 16143  6843 19984
10100    1190   655  2804  3943   8054 12642 23873 16141  9901 16961
10101    1964   889  3535  3682   9092 14262 24540 14722 22143 14261
10102    3254  3201  3535  3682   9092  9272 13590 13588 14935  9271
10103     177   554  2110  3469   4158 12174 12176 24541  7643 24542
10104     127   126  2123  3155  11718 13185 17281 14063 14065 13186
10105    2655  2942  3663  3777   8656  8660 19237  8072 10263  8659
10106    2026  3746  4029  4030  19450 22321 23857  6363 16969 24543
10107     988   603   868  2907  23063 10922 24544 20546 11796 23064
10108    1540  2369  3301  3914  17722 21641 21644  8450 21645 11866
10109    2674  2603  2739  2770  11516 11514  6150 17027 17028  8710
10110    2710  3279  3453  3590   7694  5008  5012  8471  5007 10714
10111    2014  2049  1502  3177   4676  6216 24545  4681  4677 24456
10112    2794  2622  3191  3577  13215 17621 21750  8057 21749 19310
10113    2897  3055  3345  3996  16037 17309 17072  6418 15754 14443
10114    2158  2416  3301  3997  14293  6414 13307  7754 13306  8449
10115    1615  3407  3624  3904  14309 14313 14157  7615  5301 14312
10116    2680  2819  2970  3453   7691  9923  9926 18908  9922 24546
10117    1823   928  1760  3397   5817  5168 23773  5816  5813 22002
10118     807  1604  3034  3944   5894  5898 20118  6181 20117  5897
10119     945  1742  1603  2972   5611  5609 18834 16352 18832  5608
10120    2286   595  2693  3469  13121  7647  7645 12989  7644 12988
10121    2666  1249  2680  3453   9923 10717 19932 24465 19931 24547
10122    1619  1618  2851  3957  11451 11455 20901 10667 22157 11454
10123    1601  1205  3066  3443   8137 16904 16907 11411 16903 10760
10124    1374  1466  1005  3583  21650 15480 15478 21649  7539 24548
10125    3355  2869  3391  3990   8211 12633 21112 24549 12144  9257
10126     861  1168   167  3239  13496 18967 18965 17545 14191 23825
10127    1907  1908  2817  3350  12455  7794  7792 15275  7791  4701
10128     252  2400  1706  2824   5145 24027 24500 21272 16467  9841
10129     974   815   248  3072  10308 17151 24550 24551 24552 19943
10130    2088   172  2978  3350  11906 13223 13221 11905 11908 19674
10131    1337  1749  1334  3185  21896 10192 18792 22798 16113 22121
10132    1077   344  3126  3229  10858  5080  9166 10859 10860 19448
10133    1918  3393  3657  3816  10868  4035  4039 10870  4034 20881
10134    2772  2668  2818  3470  18817 23607 24553 21702 24554 14350
10135    2794  2675  2940  3766   4499 17578 15541 20476 15914 17623
10136    2304  2382   339  3182  12360  5191 21532 23979 21531 24403
10137    2974  3532  3753  3899   7881  7884  4348  4351  9980  4349
10138     599   568  1502  3749  17854  8773  8770 18251  8771 17871
10139      86  3245  3565  3734  10835 18949 13531 17861 12490 11073
10140    2258   914  2284  3056  13131  5679 24555 22249 21041 13134
10141    3244  2850  3343  3564  13174  9585  9588 13178  9589 24556
10142    3329  3419  2760  3632  16912 10234 18718 18719 18411 15064
10143     986  3121  3684  3800  14249 18478 18482 11035  7599 17955
10144    2184  1424  3238  3291   6171 21039 23205 23203 23280 21038
10145    2038  3821  3867  4008   4377 16702 20479 15799  7286 12954
10146    3221  3350  3374  3948   5324  4497 14800 13081 13219  7513
10147    2404  1333  1818  3882  19261 14146 24214 24252  9506 19260
10148    2220   148  3788  3985   6172 17170 24557  6177  6173 16439
10149     116   783  1415  3649  17233 17232 18544 18844  6602  9879
10150    1351  2534  3478  3717  11440 22007  8988  8984 21059  8983
10151    3326  3096  3647  3798  10743 16668 22658 10748 10744 16667
10152    1878   908  1881  3183  22362 20640 24558 24513  5660 23842
10153    1821   547  2053  3072  16634 10305 24559 16633  9569 24560
10154    1448  2222   715  3366   7724 12336 24561  7726  7723 15762
10155    3118  2961  3341  3675  17179  9459 19033 24562  6025 18595
10156    2701  1888  2157  3577  23249 14068 23027 24563  6557 24136
10157    1253  1256  2749  3453   4978 24399 24401 24564 20817 19328
10158    2850  2858  3082  3564  13177  9589  9587 24310  9586 13175
10159    3051  1241  3496  3668  17033  8901 17550 21354 17551  5443
10160    1007  1416  3856  3858  15950 21167 23050 22986  5326 22820
10161    1779    35  2288  3306  20513 12427 24565 12346 18955 12846
10162     258   113  1840  3204  21963 18311 18314 24463 15232 14750
10163    2625  2724  3243  3627   5789 13240 16534 15991 10697 14252
10164    3249  3358  3545  3875  20193 17303 19007 19009 22997 16931
10165    2912  2652  3309  3475   4938  5570  5445 24268  5569 20618
10166     145   396  2864  3591   5544  5548 18341 16569 18340  5547
10167    2222  2488  1893  3366   6613  7723 24566  6614  6616 20898
10168    3620  1831  1091  2318  23318 19370 15438 17480 23501 15336
10169    3163  2419  3580  3672   6003 13731 13728 22274 13729 14059
10170    2997   486  1702  3143  17109  7560  9944 24567  9943 17111
10171    2070  2886  1387   136  21028 10047 10048 21026 10050 24568
10172    1771  2898  3166  3813  21617 19101 19103 23370  9437 21618
10173    2688  2630  2796  3792  17108 12561  5471  5474 12163  5472
10174    2338  3462  3731  3893  11720  5939  5809  8518  5938 15288
10175      12  1864    13  3425  10712  4251  4255 10711  4250 19057
10176    2875  2800  2906  3721   5652 20539  8562  7010 20541  9021
10177    1339  1367   304  3582  13526 16789 24569 17772 16161 24570
10178    1192  1373  4028  4029  16770 21504 21502 24444 21501 24328
10179    1709  1710  3774  3981  14830 12833 12830 14833 12831 21446
10180    1572   325  1086  3376  15234  9198  9200 24529  9197 15237
10181     985  2890  3276  3691  12945 12124 24571 10814  7204 23232
10182    1213   529  3846  4030  16968 16972 24490 14668 22202 16971
10183    2944  3079  3881  4031   9154  9157  4565 12396 12392  9156
10184    2891  2799  3163  4002  14060  5135 11401 11403 16885 11402
10185    2692  2676  2801  3627  10696 10700 16207 12730  9336 10699
10186    1933   763  1587  3548  15153 10111 16893 15154 15156 21247
10187    2585  3091  3115  3639   9084 20688 10911  5502 15244 10912
10188    2026  1480  3908  4029  16773 24543 19742 19745 23430 19743
10189    1480  2026  3746  4029   6363 23430 19742 23857 24543 23158
10190    2728  1138  3148  3157  14095 11406 12796 14324  5521 14096
10191    1844  2580  1845  3440  15259 15258 19478 23961 19477  4163
10192    3207   360  3809  3911  22498 13191 15123 24572 19182 24573
10193    3149   144  3325  3991   6976 11699  8073  6423  6977 10272
10194    3252  3543  3589  3762  24574  5563 12817 19678 12814 11772
10195    3323  3287  3698  3882   9917 14143 22329  9918  9920 17038
10196    1569   714   756  3951  24387 18143  9982 24575 14281 24576
10197    3866  3604  3867  4019  16195 24577 22173 19650  7458 12950
10198    1805  1370  2538  2913   5490  5494 22353 16745 16746  5493
10199    2675  2622  3167  3297  13603 21791 24578 17816 14665  4970
10200     255   206   167  3366  13498 14087 14084 21766 14085 24579
10201    1753  2175  2930  3800  19922 24100 14543 14540 21849 14544
10202    1019  2327  3150  3706   4870  8814 13087 23458 19889 15021
10203    3857  3705  3862  4027  11723 21836  9480 11724 11726 20957
10204    2906  2432  2963  3354  14606  5226 17129 19501 17130  5651
10205    2663  2671  3055  3345   6418 18826  5875 17073  5256 18825
10206    1923   836  2901  2950   6779 23244 23247 13620 13621 17522
10207      88  2919  3483  3659  20948 21626 18878 18875 22937 18879
10208    1448  2488  2222  3366   7723 12336 12334 24566  6616 24561
10209     255  1893  2254  3366  10262 14087 19974 10527  6613 24220
10210     177  2147  1975  3469   9466 12174 24580 24581 17058 12177
10211     554  1534   595  3469   7644  7643 17505 17117 17115  7648
10212     444  2441   445  3549  21295  7624 16187 24203 15260 24582
10213    3358  3386  3683  3907   6016 19216 19008  6017  6019 23627
10214    3206  3064  3763  3932   9571 17891 11799  8540  7328 12923
10215      99   921  1022  3586  11152  6179 21793 11151 11149 24583
10216    2457   969   472  3927  14690 15010 24584 24585 10502 15606
10217    1588  2453   180  3656  17330 17329 22816 24222  4844  8507
10218    3441  3323  3698  3941   5723 12002 12005 17038 12006 11746
10219    2574   834   829  3375  20716 10281 10279 24586 10278 20717
10220    3748  3738  3886  3903  18425  7323 18261 14169 20580  8417
10221    2676  3206  3763  3932   9571  9574 12731 12923 17891  9573
10222    2470   745  2832  3161  10862 10866 24194 18272 18269 10865
10223     185  1423  2816  3693   4394  4398 24587 14532 21436  4397
10224    3267  3407  3672  3968  11573 11575  7617 16110 18900  9677
10225    1692  2366  3250  3339  11837 18806 18804 21669 16636 13703
10226    1801   207  2545  3876  16729 10035 10033 19432 10032 19578
10227      88   717  2919   644  16652  7781 22323 16651 16655 18878
10228    1228  1500   530  3469   8964 18000 24495 20801  9469 17999
10229    2684  2807  2936  3261  12722 24588 24589 15322 24590 22192
10230     570   765  1508  2949  19266  8767  8765 19268  8764 23536
10231    1200  1534   484  3469   9465 13123 17116 18309 17115 16132
10232    1373  2130  3924  3970   6365 22281 22585 19349 23977 21505
10233    2652  2715  2883  2916  18370  6737 21622 10444 18371 22000
10234     602  1191  2989  3295   7671 20012 17408  7675  5104 17409
10235    2668  2772  2818  3059  18764 16547 24553 14350 23729 21702
10236    2502  3143  3611  3694  10165 10799 13680  8258 17828 22244
10237    3559  3088  3903  3924  19684 24591 10608 20046 16425 11888
10238    2182  3096  3326  3931  18549 24592 23398 22658 22659 12908
10239     268   986  1407  3684  19365 11037 17958 19395 17955 19366
10240    2505  3023  3369  3497   7371  8304 18581 18578  7685 18582
10241     255   167  1137  3366  19973 14087 24579 24593 13498 19975
10242    1669  2992  2994  3874  24371 17538 17541 24374 17372 24594
10243     967  2119  1113  3691  10224 20267 24595 10223  4208 20627
10244    2479   265  3322  3375   6398  6402 12794 11631 18639  6401
10245     913  2105  3874  4012   9042 18705 12766 17936 16060 17937
10246    3205  3470  3811  3881  12394 20659 18809 13929 13045 13287
10247    2703   245  3148  3763  23835  5882  5885 19749  5886 20741
10248    3334  2454  2099  3673  14768 16873  6109  6105 13067  6104
10249    3072  2760  3419  3632  18411 13958 15691 18719 16912 11493
10250    2796   142  3540  3558  17894 16299 20571  6689 19712 20569
10251    2197  3842  3925  4027  15613 19615 12435 13321 13763 13460
10252    1972  3471  1417  1932  20837 24596 24208 20835 16784 24210
10253    2996  3143  3694  4012  10164  9096  7559 17828  9095 19354
10254    1277  3147  3586  3743   5375  4638 15093  5380  5376 13558
10255     704   106  2930  4004  15118  6120 14900 13481 23503 14901
10256     845  2405  2406  3785  23588 11734 24597 24598 24599 24600
10257    2353   225  3861  3865  18940  6672  6676 20966  6671 13244
10258    1427  2770  3076  3495  18237  8867  8869 18894  4558  5958
10259    1360   933  3365  3412   6205 24601  4985  6209  6206 24602
10260    2987  1039  3204  3380   5018  5143  9840  5023  5019 13224
10261     431  2144   702  2983  23362  9406 19754 23361 12970 21921
10262    2316   773  2950  3081  15184  9148 22946 12362 12352  5128
10263    3323  2447  3698  3941   5723 12006 17039  4510  5724 17038
10264    2482   783   606  3649   8998 14757 18433 18543  6602 15271
10265    3544  2860  3884  4020  19255 21070 12132 20214 10463 20032
10266     314   277  3154  3607  16475 20064 14770 16479 16476 13922
10267     123  3544  3567  3986   5360 16205 20031  5359  5362 20813
10268    2207  1287  3205  4031  20660 24603 21208 21210 24604 21207
10269     712   512   711  3885   8714 22781 22782  8719  8715 15351
10270    2886  2723  3438  3767  18845  9956 13005 12019 14302 15223
10271    2977  2941  3247  3353   4860 19380 21758  7662 12106 19379
10272    1008  2806    60    61  19471 24605 18606 19468 19469 24606
10273    1586  1424  3291  3844  11018 14641 14644 23280 14640 12653
10274     178   375  1515  3691  24607 24475 24608 24609 12123 18017
10275    3275  3091  3311  3402   7443 23668 15849 15243 23677 12676
10276    3259  3086  3870  3894  16775 16777 17564 13228  4326 15247
10277     955   957  3264  3283  19726 21484 22355  8829 19727  9811
10278    2601  2602  3689  3761   5779 19736  6828  5783  5780 19737
10279    3576  1168   715  1868  17942 17941 19016  7725 14193 15760
10280    2726  2651  2740  2743  15430  6374  6377 21901  6378 15429
10281     549  1823   169  3782  17570 17574 24610 19789  5169 17573
10282     437  1194  3887  4027  11722 20081 24611 15699 23690  7055
10283    1698  1349  2356  3181  11583 21913 21915 21111 21109 21959
10284    2114  1482  1340  2951  20743  8729 21607 23727 21605 20968
10285    1894  2020  2310  3285  21523  6846 24612 24392 22809 21521
10286    2675  2622  2940  3167  17173  4970 24578 12056 17816 20476
10287     274   885  2537  3952  12857 20036 23687 12858 12860 20037
10288    1066   354  3459  3632  14795 14798 21144 17379 23644 14797
10289    3323  3287  3441  3698  11746 17038 22329 21801  9918 12005
10290     667   668  2731  3783   6669 10257 19647  8361 24114 10258
10291    3264  3221  3849  3879  18032  5970  5968 22140  4445  8825
10292    3595   267  3671  3888  19137 19551 19554 20419 19555 20418
10293    1047   213  3253  3975  10134  5496 12725 15767 24452 15766
10294    2008   416  2007  3644  24110  7275 22860 24613 24614 24108
10295    2971  2884  3568  4011  19187 24060 17599 17600  5373 17598
10296    3567  3818  3845  4008  16698 17726 13539 15466  7288 24002
10297    1639  1876  2019  3586  23284 10269 20144 19039 20143 19109
10298    2268  1423   185  3693   4398  9330 23637 24587 21436 15858
10299    2113  1910  3827  3990  12631  7910 23168 22009 23166 20148
10300    2024  2876  3077  3628  24615 10884 10888 16874 10883 17677
10301    1295  2210  3305  4031   6161 24430 23142 22240 24616 22778
10302    1860  1842   841  2846   8236 20617 17975 15854 15856 23919
10303      64  1771   558  2898   9438 10401 24163 19102 19103 17608
10304    2119   967  1515  3691  24607  4208 24595 18018 20267 24617
10305    1038    83  2991  3756   9849 15607  8355 19561 15609 16594
10306    2038  1354  3821  4008   7286 16702 16700 16196 16699 20479
10307    3939  3926  3965  4008  24618  4376  4379 10901  4380 10900
10308    3205  2668  3881  4031   9154 20660 24619 24393  6164 20659
10309    1612  1607  3977  3979  17527  7906 21471 24620 24621 24622
10310    1014  3063  3253  3975  10134 24453 17450 14373 24623 12333
10311    3544  3758  3929  4032  16017  5358 11170 10431 13936 12128
10312    1786   133   270  3786   8863 14938 21555 18776 14155  7576
10313    2659  2713  3811  3881  12394 13048  7297  7299 18171  7296
10314    3191  2794  3596  3967   6894 21084 19310 19311 15882 19309
10315    1213   529  3745  3846  14667 16971 24490 14672 14668 22387
10316    1949  3652  3745  3846  14667 14671 22630 24348 14456 14670
10317     649  1750  1538  3938  10360 10357 23224 24323 24413 10358
10318     959   960  3849  3879  18032 18035 22054 13790 19294 18034
10319    2737  2822  2923  3233  13163 13161  7744  9761 15216  9763
10320    2441  2440  1855  3549   6718 15260 16186 21419 10825 15261
10321     771  2556  3304  3930   9328  6835 16310  8063 16308 14904
10322    3224   667  3852  4025  17728 17702 10516  5989 19051 17729
10323     910   705   799  3680  20726  6588 24624 20727  6625 24625
10324     247  1565  1628  3684  12351  9391 19576 22016 19575 24626
10325    3267  3163  3580  3672   6003  9677 19724 14059 13731  9676
10326    1419  2910  3301  3914  17722 22484 10388 17724  4652 22483
10327    3335  3265  3368  3465  10570  5172 24627  4240 22204 10568
10328     446   575   978  3585   6078 17671 24628  6077  6074 24629
10329    1179  2115   378  3294   9497 14826  9931 17386  4098 15110
10330    1902  1900  3207  3589  12738  9725 19828 21031 19827 18029
10331     911   353   982  3639  22019  8915 18178 22024 18177 24325
10332     965  1921  2868  3365  16178 15367 15366 16179 13719 18167
10333    3385  3672  2444  3968  19616  6010 12891 17902 11573 19618
10334    3142  2783  3352  3968  11574 18902 15058  5427 18901 24630
10335    1162  2483  2243  3656   5048 19464 21881 16986 16988 19466
10336     359   341  3617  3901   7334 20884  4827  4829 24198  4826
10337      13  1674  3311  3425  18881 10712 10710 11911 10709 22229
10338    2176  2029  3416  3894   4322 23740 19210 20582 20992 24631
10339    3338  2805  3569  3883   8870  8874 10779 21549 10780  8873
10340     712   711  3155  3885  21335 22781 15351 15353  8714 15350
10341     618  2038  3867  4008   4377 24632 12952 12954 16702 12951
10342     887  1735  2006  3486  18360 17757 21148 24633 10499 20609
10343    1639   744  3586  3696  15920 19110 10268 10265 14400 10269
10344     541  1354  3845  3891  15462 17062 22317 16703 22316 17063
10345     820   337  3278  3782   8692 24634 14773  5029 21300 14774
10346     715  3366  1168  3576  19016 15760  7724  7727  5526  7725
10347    2860  3788  3985  4020  10460 10463 14338  6172 17169 10462
10348     345  1852  3715  3844  12588  6501  6499 16680  6498  7822
10349    1693   505  2795  3535   9273 15135 12421 22273 19022 16400
10350    3122  2895  3494  3664  19336 18726 16755  8461 16153  4757
10351      65    64   473  3256   6755 14429 23474 17609 16974 24635
10352     969  2457   708  3927  15008 10502 24584 15009 15010 17457
10353    3926  3702  3965  4008  24618  4380 16553 16549 17727 10901
10354    2209  1290  1287  4031  24604 20463 24438 24636 24426 24637
10355     106   334  2930  4004  15118 23503 13484  4698  9794 13481
10356     482  1950   472  3927  14690 11685 11683 15603 11682 14694
10357    3454  3926  4008  4032   7283 15316 18424  4380 10905 18215
10358    1927  1047  2289  3975  10694  5497  5501 15345  5496 20889
10359    1538  1750  3367  3938   6045 10360 24323 18922 24413 24314
10360    2606  2671  2873  3211   4950  7669  5873 17756 18221  7668
10361    1248  1243  2714  3712   7735  4467 22422 10184 10181 17186
10362    2751  3135  3586  3662  14434 14438 23759  5378 24638 14437
10363     822   764  2930  3767   4694  4077 13796  9954  9951  4697
10364    1869   943  1599  3773  12079 15279 24639 24035 21762 16281
10365    3333  3824  3917  3952  20035 12856  6987  6985 21169  6988
10366    3020  1877  3411  3490  18699  4184  4187  9087  4188  7268
10367    1287  1290  3966  4031   6160 24604 24636 24508 24426 24640
10368    2991  2324  3074  3756  17234  9849 14264 20896 12186 13335
10369    2597  1082  3137  3481  11842 17180 17182 12977 17183 12051
10370     186  2439   936  3367  16829 16833 24441 22662 15738 16832
10371     655   866  2427  3654  13773 14792 14794 13774 13776 16139
10372     444  1208  1207  3549  18096  7624 24641  7380 17731 18095
10373     618  3867  3965  4008  24618 24632 12951 24642  4377 24643
10374    1192  3746  3970  4029   6362 21504 23157  6367  6363 22280
10375    1932   720  1367  3471  17327 16784 23021 16163  8664 24644
10376     703   893  3418  3425  14978 16721 22702 14977 11002  5705
10377    2406  3315  1817  2128   9612 24259 23586  9614  9611 23587
10378     211  3095  3137  3481  11842 11845 17126 12054  9182 11844
10379    2734  2623  2834  3204  17554 13639 13637 14890 13636 19777
10380    1960   859   877  2990   6152  9749 24645 24646 20189 19864
10381    1569   756  2584  3951  13310 18143 24576 24389 24387 24647
10382    3649  2482  3734  3898  18266  5196 14757 14754 22758 14753
10383    1771   844  3166  3613  15036 22985 21561 13567 11268 21618
10384    2405  1817  2406  3785  23588 24599 24648 23587 23584 24598
10385    3131  2700  2887  2651  10140 10805 10649 10139 10144 17900
10386    3620   934  1140  1861  15334 15333 13147 16980 23311 15338
10387    1549  2232  2475  3443  10346 18618 18617 23998 18616 18744
10388    2901  2768  3447  3458  15410  6962 14278  4299 14478  7554
10389     968  3427  2341  1624  17798 10620 16560  4449  4881 10984
10390    3801  3908  4022  4028  24649 17640 13864 15368 16772 16855
10391    2893  3804  3849  3879  18032  4447 24330 18036  8526 24650
10392    2668  3205  3966  4031   6160  6164 24619 24651 20660  6163
10393    3225  3537  3645  3972  14301 21812  8234  4340  4479 24652
10394    3205  1287  3966  4031   6160 20660 21210 24640 24604 24651
10395    3759  3225  3840  4018  20126 13940 15225  8230 24653 12939
10396     696   192  1632  3421  16081 16431 16433 22511 11253 18694
10397    2817  3350  3408  3589  11547 11775 12455 11903 17624 12456
10398    3579  3281  3664  3826  22133 23633 23172 12983 23214 19606
10399    3244  3343  3415  3564  12818  9585 24556 24437 13174 23295
10400    1354  2038  3867  4019  16195 16198 16700 12954 24654 16197
10401     109  1103  2882  3080   8980  6142 11127 10682 11126 20430
10402     554  1237  1998  3469  22123  7643 17133 15553 17131 24655
10403    1594  1512   223  3752   7993 16545 16544 13885 13883 19411
10404      20  1220    26  3274   5851 13372 23595 24656 20018 23748
10405    1782  1007  3856  3888   6476 19552 20026 22820 21166 24657
10406    3481  2071  3816  3996  20680 10927 15310 15312 22437 15309
10407    2461  1720  1803  2983   9409 24658 22582 24659 24660 21401
10408    1659   687    76  3476  20934 10981 10983 19948 10980 20932
10409    2805  2641  2982  3338  10054 10779 15284  8314 10055 17995
10410    2699  3446  3573  3603   6092 10775  8690 21453 15627 24661
10411    2916  2695  3052  3496   6736  6739 12118 12529 12525  6738
10412    2740  3266  3429  3639  18119 20686 22255 19645 13903 21900
10413    3276  2765  3541  3654  18131 10037 10040 11145 10041 11144
10414    2321     2  3364  3653  10232 10229 11920 22999 20936 10230
10415    3296   288  3805  3880   6210 14556 13737  6215  6211  4963
10416    1674  3311  3425  3639  23620 22018 11911 18881 15242 10709
10417     375   178  1186  3691  24470 12123 24608 24169 24475 23404
10418    2110   554  1998  3469  22123  4158 24541 24655  7643 17363
10419    3335  3634  3810  3838  11340 16265 24662 19233 21982 18138
10420    1367  1972  1932  3471  16784 17327 24663 24596 24208 24644
10421     487  3531  3530  3694  18130 13686 13684 18129 13683 24244
10422    1269  1270  2657  2774  16508  7108 19795 22117 19765 19220
10423     216  1993  2125  3494  20209 18175 18173 24664 13424 16149
10424    2808  1350  3099  3548  15420 20532 20505 15424 15421 21751
10425    2235  1965  1376  3092  14176 10636 10639 14175 10640 21721
10426    2119    50    51  3691   9895  4208  4211  9896  4212 10225
10427    3567  3702  3986  4032   5357  5361 17725 17229 17228  5360
10428    1354  3845  3891  4008  21745 16699 16703 15462 16698 22316
10429    3544  3136  3818  4032   7284  5358 10933 10935 24251 10932
10430    3201  2818  3305  3881   9158 15727 17517 24665  5254 12741
10431     978  2391   446  3585  17671  6078 22445 17930 17931 24629
10432    1536  1511  1145  3467  23383 22045 24313 20248  9781 23382
10433    3794  3830  3842  3851  14709 12473 16355 12434  9078 17196
10434    1599   426  1650  3773  15282 12079 24262 24212  6758 16282
10435    1967   989  2964  3092  19045 14367  9425  9427 23127  9424
10436     585  1683  3162  3769  15078  5509  5513 16669  5508 16671
10437    1987  3543  3589  3765  16455 16452 24666 19678 20867 16453
10438    2925  2874  3252  3589  11772 12740  7266  7123 11773 19679
10439    2053  1821  3072  3641   8535  5819 24560 10305 13583 16634
10440    1856  1855  2055  3464   7046  6719  6716 24667  6717 12415
10441    3817  3631  3818  3864  20385 24668  8886  8882 23548  8881
10442     799   377   910  3680   6588 20726 18751  9727  9728 24625
10443    2668  2818  3470  3881  13045 24393 21702 18817  5254 24554
10444    2853  2968  3061  3289  13151 20960  4691  4688 22292  4692
10445    1661   687  3524  3596   6899  6897 11404 16057  4074  6896
10446    1708  1911  2831  3215  17217 13573 23171 22318 23169 19087
10447    2434  2084  2415  3462   9773  9770 17487 24669 14477  9771
10448    1068  1926  3348  3725  18326 18720 18723 20834 18724 14567
10449    1966  2404  3323  3698  17038 23268 19584 14144 23267 13857
10450      32  1438  2853  3061   4692  4689 21947 21640 24233  4690
10451    2641  2620  2782  3186  17736 19796  4288 17737 17739 21692
10452     423  1753  2930  3791  12017 18466 24411 14544 22512 18467
10453    2905  2709  3054  3059  23479 10283 10286 21486 10287 23386
10454     136   283   633  3980  24013 10046 24670 24118  4227 24671
10455      58   651  2336  3739  22575  7963 24319 14453 22895 22574
10456     134     9   150  2700   5918 21592 24672  6884  6886 19064
10457    1460   984  3850  4006   9654 22149 22398  9658  9655 22148
10458     423  3438  3584  3791  17804 18466 16444 16441 12016 16445
10459    2667  2899  2989  3295   7671  9134  8130 14548  8467 14549
10460    3154  2682  3334  3673  16873 20063 21434  8629 13466 13919
10461     383   152  2340  3790  14047  9479 24228 16681 16683 19100
10462    3070  2974  3279  4012   5092 17872 23826 17368  9731  5010
10463    2645  3265  3335  3465   5172  5176 14016 24627 22204  5175
10464    2458  1398  1456  3383  14789 16272 23617 17817 17819 23916
10465    3365  3117  3707  3915  15571 15573 21228 15675  8440 15014
10466    1675    85  2275  3477   4256  7711 19518 24673 10447 23738
10467    2876  3187  3647  3719   5335  5337 10411 15979 10409  5336
10468     760   136   633  3980  24013 14820 18757 24671 10046 24674
10469     991   845  2406  3785  23588 11736 11733 24600 11734 21229
10470    3307  3187  3387  3416  16688  9000 12560 15502 16199 11921
10471      59  1739   651  2801   5452 14166 14164 13794 13793 23452
10472    2641  2627  2805  2920  10778 22973 21691 15081  6664 15284
10473    2578   381   102  3936  24675 20647 24676 24677 21730 22052
10474    3355   852  3550  3983  22029  5682 21387 21384 22694  9705
10475    2496  3533  2497  3793  23070 20318 24020 24678 23569 13395
10476    1909  2344   973  3167   7472 10853 15961 20575 17950 10854
10477     954   952  3804  3879   8526  8525 23104 24679 18218  8524
10478    2896  2609  2922  3253  14376 10135 18775 20069 20070 14374
10479    3150  1042  3523  3967  11194 14365 13252 11198 11195 13251
10480    2782  2641  2848  2920  23276 24680 21692 21768 22973 22047
10481    1819  2071   886  3996  11595 22438 18350 23196 22437 22456
10482    3283  2893  3849  3879  18032  4442  4443 24650  4447 19725
10483    3358  3386  3545  3912  15702 22996 19008 16928 19066 19009
10484    2256  1649  1874  3744  16303  6582 24681 20607 14783 16306
10485      29  3061   539  3704  13988 10096 20761 20763  6643 19550
10486    2960  2710  2974  3899   7884 11072 23341 17366 17367 24682
10487     516   584  2124  3603   9362  6093 14045 24683 13366 24684
10488    1110   526  1109  3487  11740 11737 24685 24686 22110 11738
10489    3577  2157  3642  3854   6939 10597 23249  9374  9217 14066
10490    2849  2098  3044  3380   5711 22615 14526  5716  5712 14522
10491    2287  2124   584  3603  13366 11508 24117 24683  9362 23744
10492    3791   888  1753  3800  24100 21716  9278 24101 21719 22512
10493    2207  2209  1287  4031  24604 24603 20112 24637 20463 21208
10494    2939  2971  3885  4011  19825 13980  9948 16601 24060 21593
10495     426  1029   604  3773   6761  6758 24261 13457 12076  6759
10496    3067  3447  3621  3995   8368 12384 19934 15413 15409 12383
10497    1927  2289  3594  3975  10691  5497 20889 10692 10694 20888
10498    1295  2206  2210  4031  24616 24430 24428  7676 24427 23142
10499     952   959  3804  3879   8526 18218 18216 18033 18035 24679
10500    2698  2835  2950  3440   6579  6577 24687  6781  6777  4301
10501    3279  3220  3453  3642   8468  6331 16345 22270 13850  8471
10502     525   553  2832  3161  10862 18271  9130  9132 11386  7464
10503     910  1046  2843  3247  12948  9729 13233 21931  5842 19424
10504    1757  2036  2898  3813   9437 14679 13672 13674 14678  6138
10505     832  1464  2458  3859  13524 18849 22070  4955 13525 23915
10506    1814   195  2735  3953  18702 18701 11990  7097 23667 11991
10507    2038  3702  3845  4008  16698 16702 24688 24689 17727 16701
10508    2647  2931  3190  3620   9224  9227  8860 20435 16165  9226
10509     831   489  3538  3556  11371 11374  8011  8007  5936  8006
10510     570  1873  1177  2904   8879  8876 20560 20074 20075  8877
10511     153  3194  3649  3734  14753 14756 22964  5532 22963  6605
10512    1163   989  2428  3308  21967 15589 18071 22565 18070 22587
10513    3094  2921  3165  3194   4658  5537 11330  4663  4659 20334
10514    3425  2585  3429  3639  18119 23620 13710 23445 20688 21154
10515    2409  2410   885  3333  12859  8840 19344 17374 17375 24690
10516    2893  3221  3283  3350  18919 12564  4444  4446 14800  4443
10517    1793  2728  2885  2887  13435 17031 11408  7330 12960 16646
10518    2932  2981  3038  3278   8693 23423 13234 11659 24691  6405
10519    2350  1987  3374  3595   6509 22097 18474 18678 23676 18677
10520     139  1976  1985  2779  14336  6081 13500 15200 13209 14334
10521     818  2065   938  3288   9208  9207 24692 10944 10946  9211
10522    2803  3368  3542  3745   8051 24693 18951  4243  8052 18503
10523    2901    82  1178   752  21476  9530 22962  9245 22961  6960
10524    1864  1674  3425  3639  23620 18120 10713 10709 22018  4250
10525    2839  3067  3430  3892  15162 18117 18116 16664  8093 22299
10526     401  2282  2238  3203  11154 15418 15416 21089 15415 24503
10527     538  2321  3597  3653   5687  5691 16933 10233 10229  5690
10528    2058   704   247  3684   9391  6121  6118 11038  6119  9395
10529     827  1449   446  3585  17671 17670 24483 24694  7601 17669
10530     432  3420  2242   995  18590 20315  6041  6044  8127  6042
10531    1978  2103   824  3564  12819 11117 24695 12820 12822 24696
10532    2579  2074  2412  3448  13116 13115 21808 24697 21807  5217
10533    2650  2765  3423  3654  13772 24384  8046 23425 10041 16658
10534     999   899  2583  3434  19798 17001 11698 19800 12137 24698
10535    3084  2939  3165  3232   8650  8648 15769 13981 12841  8647
10536    2473  3411  3556  3999   9940  9235 19702 16926 24699 11372
10537    2413   882  1183  3202   7202 22383 23703 24700  5592  8604
10538    2957  2919  3031  3050  23547 17401 12855 21956 17403 22208
10539     796    64  2009  3064  21490  7388  7386 18652  7385  7642
10540     335   883  1362  3429  18328 18468 19065 18330 18329 24701
10541    2689  3259  3325  3719   4712  6840 19118 15942  5001 21443
10542    1726  1469  3473  3725  20860 17648 10371 10368 23464 10372
10543      92  1864  1474  3429   9518  4437  4441  4253  4436  9516
10544    2599  2665  2787  2662  19423 15681 15682 19422 15684 21530
10545    1039  1182  2987  3204  13224  5023  5020 17143  5021  9840
10546    1996   685   943  3263  11504 21905 23815 16796 16795 21906
10547    2084   413  2415  3462   9773 14477 16395 21118 16394 24669
10548    1064    44  3771  3806   5978 20237 17380 17381 14326  6447
10549    2816  2179  2892  3606  11822 18320 21456 21205 21202  4522
10550    2527  3007  3008  3396   7800  7771 24702 24703 11207 10730
10551    1485  1741  1125  3423  17357 16367 16365 24039 16364 22712
10552     924  1021  3576  2463  12211 20354  9738  9740 12213  9737
10553    1975  2147  2448  3469  10112  9466 24581 17194 17058 18302
10554    3435  2976  3537  3794   4372 11762 18453 18455 19697 18454
10555    3650  3697  3758  3789  11166 16410 19314 22391 19084 16409
10556    1018   335  1362  3429  18328 18103 18469 24701 18468 23945
10557    1784  2451  1152  3329  24349 19069 19072 24704 17035 18528
10558    2451   499  1152  3329  24349 17035 17037 24350 10150 24704
10559    3163  3174  3643  2799  16884 11403 21803  9382 12326 16886
10560    1902  1906  3445  3700   9724  9721 18608 20899 13206  9722
10561     635  2693  3282  3471  20700 21198 12992 13012 18082 18208
10562    2796  3104  3306  3558  23046 16299 15878 20512 11048 23048
10563    3041  1271  3082  3343  13176  7866  7869 14104  7870 19876
10564    3452  1022  2015  3586   6250  6249 20517 11150 11152  6254
10565    2153  1808  1820  3269   8959  8957 23848 18404 18402  8956
10566     907  2258  1526  3770   5677  5275 23594  5678  5680  9486
10567     316  1815  2571  3969  17719  8280 16995 13582 16994 18859
10568    2915  2983  3383  3395   9651  7002  7006 23230  7001 16414
10569    2335  2023  2983  3214   8975 14837 11854 11851 19154 11850
10570    1755    23  3134  3541  16224 17879 17882 16225 16226 24705
10571     287  2228   263  3693   4395  5599 23723 21786 11282  8584
10572     143  1394  1719  3182   4131  4130 15473 23911 24320  4135
10573    2765  2650  2769  2909  13739  8049  8046 13995  8047 23424
10574    1133  1103  3080  3422  22005 20376 24706 11126 24707 22004
10575     276  2162  2554  3853  12553  5487 11579 24708 11580 24367
10576    1026  2317  2490  3162  12605 16171 16174 24709 16175 19242
10577    1908  1905  2978  3350  11906  7791 12344 16769 12343 17998
10578     704  2930   268  3684  11037  6119 14901 14541  5421 11039
10579    2725  3210  3406  3701  12225 23568 15929 10581 18089 15930
10580    2527  2530  3007  3396  11207  7771  7769 23720  4110 24702
10581    2909  3056  3183  3770   5278 12601 12599 21042  5676 17492
10582    2743  2740  2845  3268  13543 17334 15430 15428 22256 15427
10583    2810  2776  2927  2943   4622 20634  7888  7886 24098  5122
10584    1315  1313  2742  3686  19776  9358 10242 24265  4794 24710
10585    1103  2882  3080  3422  22005 24707 10682  8980 12224 11126
10586     553   525   745  3161  18269 11386  9130 18270 18271 20461
10587    1278  1273  2681  2685  17419 19842 17174 13024 17420 17175
10588    2804  3770  3836  3089   7116 12579 16612  7115  7119 16613
10589    2040   720    38  3282  18229 13872  8663 23020 23589 21165
10590    3729  1012  3829  4033   5752 19420  5307  6240 16816 11885
10591      81  1837  3186  1940  24711 24712 24713  8152 24714 23342
10592    1690   724  2873  3612  11731  4706 22975  9332 22974 22033
10593    1509  2315   206  3605  14086 10337 18800 24715 18799 22690
10594    2065  1429  2325  3219   7056 22335 22333  7061  7057 22673
10595    1533  1897  2561  3579  15447 20984 22852 15446 15449 20983
10596    2907  1172  3351  3561   9386  9389 10925 17410  6722  9388
10597    3413  1409  3460  4009   6914  6911 21422 21865 24716  6912
10598     294     5     6  3256  14484 14482 21663 17171  4043 14481
10599    2976  2797  3086  3819  19696 19694 12091 13232 23872 13230
10600    2402    65   473  3256   6755  4045 15291 24635 14429 12495
10601    1230   938  2743  3288  10648  8516  9209  5073  9208  5539
10602    2976  3088  3722  2664   4891 14971 20904  4890  4895 18535
10603    3971  3833  3976  3989  14255 24717 23890 14260 14256 22489
10604    2175   268  2930  3684   5421 17957 14545 14541 11037 14540
10605    2927  2810  2943  3421  11250 12151  5122 20634 12150  4622
10606    2766  2861  3461  3462   9769 10670 21215 20704 14161 12732
10607    2985  2600  3137  3275  16935 13859  8508 13125 14416 12976
10608    2903   890  3247  3667  17134  7279 18874 17135 11136  5601
10609      91  1128  2965  3246  16286  9858 11980 23983 11981 14221
10610    1888   508  2157  3577  23249  6557 24146  9220 10218 24563
10611    1035  2364   499  3329  10150 10149 10118 18338 12311 10154
10612    3312  2300  3555  3981   7704  7708 11622 11624 14832  7707
10613    2689  3133  3259  3840  16918 19119 19014 21500 20028 19118
10614    3284  2769  3770  3836   7115  6924  6397 16611 14598 12776
10615    2662  2700  2887  3185  16112 15680 10142 10139 21679 10143
10616     925  1152  3329  3540  15403 15407 18530 24349 18526 15406
10617    2727  2470  3161  3182  16160 11558 10864 10866 23813 10863
10618    2322  3219  3769  3961  15075 12892  7980 11637 15076  5802
10619    3248  2890  3342  3627  10659 24394 18553 15042 13820 15968
10620    2841  3141  3363  3803   8779  8783 24718 20907 19496  8782
10621    2945  3607  3676  3673  10964  6471  6475 10967  6470 18280
10622     171  1678  3120  3561  11687 20250 20252 13059 17813 21886
10623    2388   111  3183  2491  22363 23704 12269  5659 23321  5277
10624    3118  2799  3562  3711  19767  7810 19547 19549 19263 15786
10625     541  1354  3821  4019   7455 14607 22317 16196 16198 14608
10626    1241   363  3496  3668  17033 17551 21355 17747 17745 21354
10627    2442  2015  3147  3403   8267 19126 19124 24326  6251 15611
10628    1660  1041  3002  3695   7067 24719 24720 16331 16333 15489
10629    3688  3621  3724  3920  21910 19091 12499 21912 18287 23429
10630    3650  3758  3833  3879  22263  9893 16409 21928 15797 21927
10631    1795  3187  3296  3732   4962 13732  6563  4961  4964 22856
10632    2682  2639  2771  3154   4761 21434 16109  4760  4763  8298
10633    1452   979  2637  3247   9743  5605 12628 17114 12629 17113
10634    1000   815   974  3072  17151  9223 12044 24550 24552 13378
10635    3169  2359  3269  3608   5463  5467  9298 11577  8497  5466
10636    3235  2390   569  3565  21983 21509 21511 21984 18796 12615
10637    1579  1197  3895  3917   4729  8917  8920 15711  7213  7776
10638    2490   588   585  3162  16671 12605 24721 23572 24722 24158
10639    1530   470    94  3071  13713 10690 20534 24241  6893 23068
10640     220   846  1358  3076  10402 17103 21902 24723 11986 24415
10641    2805  2948  3479  3757  10542  5456 12298  4610 13939 15080
10642    1352   303  2928  2990  15222 22803 24724 14132 20820 22802
10643     950  1909  3167  3417  20047 23601 10856 10853  8570 10852
10644    2917  2827  3176  3750   9963 19184 13038  8850 12242 14712
10645     539  3061  3289  3704  10314 13988 20763 13151  6643 12008
10646    2795  2430  3619  3609  14929 10727 10726 23718  5066  5794
10647     503   823   824  3415   8823 22294 24725 24726 24727 24728
10648    3212   580  3242  4003  13187  6036  6037  7417  5971  6636
10649     132  2285  1729  3723  10677 23648 24296 17744 17741 23647
10650     334  3476  3767  4004  17393  9794  9798 12249  9793  4695
10651     981  1448  3139  3314   4405 12695 13249 24729 12335  7153
10652    2893  3374  3445  3888  17243 18715 10000 12911  7515 19490
10653     825  2872  3153  3695   4871 24730 24731  7068  7064 22649
10654    3086  3249  3537  3819   4375 19696  9001  4345 15642 19829
10655    1957  2649  3093  3099   8989 11059 11063 18203 11058 15100
10656     430  2050    18  3275  14384 13860 10532 24732 21078 14383
10657     418  1097  1976  2779  13209 24733 21994 15201  7221 23511
10658    3851  2352  3889  4005   4505 14025 16902 15140 20072 14707
10659    2036  1757  2651  3131  10805 14680 13672 10810 10806 24140
10660    1485  1125  2034  3541  21541 18483 22712 24734 17358 21539
10661    2868  3117  3360  3365  24023 16178 21441 15175 21228 23182
10662     793  1054  2736  3253   4385 22878 18044 18045  8398 16890
10663    2525  3005  2529  3706  13201 17795 17793 13200 13197 24735
10664    1609  1611  2731  3489   5840  7232 24736 17905 17907  7233
10665    1124  2333  2424  2862  11278 14841  6389 17482  7354 16184
10666    1815  3031  3200  3401  11498 13503 23122 11473 23121 24737
10667    2618  1492  2767  2822  15834  6747  6745 15299  6744 15298
10668    2629  2650  2902  3423   5394 14718  7718 16659 16658 14719
10669    2967  2842  3145  3203  15414 20632  9040  6320 20846  4609
10670    2352  1131  3889  4005   4505 20072 15141  9419  9417 15140
10671    2631  2727  2607  3182  20477  4104 15907  7448 11558 23261
10672    2687  2618  2761  2822  15835  6743  6746 15836  6747 11428
10673    1467  2920  3338  3883   8874  6300 15328 10781 10777 15891
10674    3063  3253  3451  3578   8396  5397 14373  8401  8397 24457
10675     879   878  2334  3488  14037 23902 23903 24738 23858 23933
10676    1417  3235  1972   281  20637 24482 24209 20636 14051 24210
10677    2622  3071  3081  3577  10217 21749 12057 13852 14067 22967
10678     519  3263  3844  3893   9308  9311 10412 10414 17493  4182
10679    2345   286  2786  3215   5699  5703 13950 13951 10010  5702
10680     601  1637   749  3381   9597 15514 22189 19981 22188 24739
10681    2237  1228  2241  3485  19560 12121 24344 24377 16130 19559
10682    1172  2907  3442  3658  20041 18334 10925  4917 19269  6726
10683    1136  2260  1946  3600   9881 14463 24221 24740 13291 18871
10684    2989  2667  3295  3383  11589 14790 14549  9134 11591  7671
10685    2757  2723  2882  3191   8056  8060 11027 11028 17921  8059
10686    2902  2111  3423  3752   5391  5395 18383 22405 20122  5394
10687     142  2796  2968  3558  23047 19712 20571 22293 16299 21681
10688    2881  2773  3376  3942  12788  9544  9542 12686  9541 21952
10689    2055   734  3103  3464   9548  7046  7050 21451  7045 12417
10690    2789   327  3012  3013  21546 16202 24741 24742 24743 10130
10691    1775  1162  2855  3290  19541 23035  6344  6341 21882  6345
10692      16  3275  3311  3402   7443  8616 10473 12676 23668  8615
10693    1359   932  3223  3232  13746 19558 10998 11000 13976 10997
10694    2200  2199    89  3398  23377  4088 23609 24744 23610 23161
10695    2734  2776  2849  3380  22615 13778 15001 22026 22616 22921
10696    2649  2688  2813  3099  13668 11058 20625 13669 13671 24745
10697    2212  2210  2944  3305   9155 21477 20784  7677 22240 20785
10698    2115  2401  2160  2625  11303 13192 17789 11302 11305 12747
10699    1069  1070   842  3716   5947 24137 24139 24746 18506 24747
10700       0  2664  2704  3088   4893 16103 19875  4892  4895 16102
10701    1486  3169  3608  3685   8381 21922  5465  5467 19416  5464
10702    1469  2480  2899  3068   8345  4686  5799  8466  8136 20859
10703    1363  1043  1364  3179  24186 17603 24217 24206 11084 24515
10704    2932  3130  3397  3872  15597 21965 13785 12068 15598  6312
10705    2621  2622  2685  3273  21151 23944  6466  6469  6061  6467
10706     527  2288    35  3282  11394 15508 19573 12346 12098 23139
10707    2950  2757  3121  3447   7553  4298  9073  7986  9072  7555
10708    2559  3293  3807  4021  20941 20181 20184 12608 20180 20261
10709     631   752  1651  2901   9528 17525 20692  9527  9530 21330
10710    2620  2641  2782  2878  15660 20965  4288 21692 21690 17737
10711    2366  1692  2942  3159  14850 18807 18804 14703 18805 17150
10712    1957   747   208  3093   5389 15100 23993  5388  5206 24748
10713    2606  2661  2808  3211  15535  7669  6540 12806  7667 12805
10714    2919    88   644  3401   7782  4835 18878  7781  7778 16652
10715    1577  1841  3097  3492  14827 14829 24749 20504 24750 14828
10716    3413  3714  3869  3968   6013 23052  7492 12491 12101 12493
10717    2873  2661  3215  3612  19086 11731  7670  9373 11729  4951
10718    3017  2825  3703  3836  13360 11430 16027 17852 18622 17851
10719    1698  2439   987  3266   7089 21286 24751 10059 10061 21916
10720     358  2918  3409  3712  20422  4466 24752 21253 18062 24753
10721    2266  2265  2487  3446   8177 19018  7039 24754 21454 22449
10722    2710  3220  3279  3899   6330 17367 16347 16345 11070  5012
10723     859   656   303  2990  20820 20189 20191 21508 15562 24755
10724     344  1077  1278  3229  10857 10860  9166  9169  5080  9167
10725      43  2704  3178  3857   9481 24756 24757  9482  9484 24758
10726    2400  2361  2312  3715   4362 16468 16466 18057 15557 23465
10727     128  1631  3095  3731  21827 21826 24382 23889 13418 19273
10728    1266  1263  2838  2843  19089 23767 23042 24759 24116 21176
10729    3259   340  3325  3719   4712  5001  5004  6571  5005 15942
10730     920  2332  2326  3321  20365 21866 24760 20364 15985 22337
10731    2852  2667  2989  3383  14790 21143 22269 14549 11591 21142
10732    1893  2254  3314  3592   7655 15131 10527 10528 10260  6617
10733     788    34  3306  3709  18954  9660  9664 18956  9659  9471
10734    3245   940  3349  3734  12488 12490  7181  7178 20324  7177
10735    1506  2429   961  3363  23753 13472 14421 20024 14417 24761
10736     787   786  1116  3484  23338 17431 18074 24762 23033 24763
10737    3493   907  3183  1881  22362 23841 16577  5276 22364 16578
10738    1445   170  1030  3169  12041  9190 24764 20044 16279 24765
10739    2859  2720  2892  3606  11822 24766 21925 18321  8172 21754
10740    1767  3867  3939  3965  10900 24767 20109  4381 24642 16011
10741    2949   761  3399  3477  13311 21872 21373 13315  4260  8394
10742    2526  2522  2814  3009  19151  7801 24768  7363 24769 12305
10743    2085  2449  2262  2671   7579  7578 21284 24504 22233  4976
10744    2316   754   773  3081  12352  9148  9151 13591  9152 22946
10745    3475  2912  3496  3668  17033 12031  5570  5447  8903  5568
10746     873  2049  2014  3177   6216 12581 24770 24545  4677  8270
10747     519   685  1996  3893  23814  9311 12179 23815 12178 20281
10748    3056  2909  3214  3354   8972 19865 12599 17489  8044 21043
10749    2916  2652  3051  3496   5443  6739  6737  5448  5444 12583
10750    2728  2492  2885  3763   8541 12169 12171 24280 12172  7330
10751    2117  2547   942  3737  11745 21519 21517 17237 17238 24771
10752     773    93  1849  3081  17204 12352 13592 24772  4595 13956
10753    1582    49    48  3276  13000 12997 16622 23233 16621 12998
10754    2166   993   252  3495   7251  8802 22818 24773 11601 24774
10755    2886  2670  3308  3438  12677 15223  5062  6919 15224 23285
10756    2799  2961  3118  3337  15785 19548 22728 19033 15145 19547
10757    2903  3033  3321  3930  17642 14394 21469 19646  9325  6877
10758    2759  2720  2816  2892   4522  8337  8588  8585 18321  8336
10759    1060  2032  3186  3726  11862 20196  7585  7581 11864  7580
10760     774  2273  2402  3131  15456 24397 24775 15455 14989 23939
10761     327  1761  2789  3012  10130 24742 24776 10129 10132 24741
10762    2584  1106  3670  3951  13308 13310 10160 10156 24777 10155
10763     734   733    42  3464  11680  7045  7048 17996  7049 24778
10764    2817  2874  3475  3911   4935  7265  7263  4940  4936 12792
10765     967  1113  2678  3691   7205 20267 20627 20626 10224  7237
10766    2818  2668  3201  3305  12741 24665 21702 16548  6162 17517
10767     668   667  3622  3783  15721 24114 19647  5990 10257 18125
10768    3248  3053  3342  3973  16267 16269 18552 19116 19293 15968
10769    2049   873  2348  3177  22386  4677 24770 24025 12581 22368
10770    1820   610  2359  3269  11577  8959 22844  9299 16111  8501
10771    3819  3794  3851  4005  14025  4370  4373 12473  4374 12472
10772    1172  3351  3561  3762   5562  6721 17410  9386 11439  6722
10773    1510   426  1995  3773  16330 16329 23965 16637  6758 15267
10774    1656   211  3095   424   8941  8939 17124 17126 22797  8938
10775     468  1938  2253  3204  17555 18304 22804 23771 18313 23772
10776    1567  1752  2870  3285   9442 12827 12825 19872 12824 13351
10777     322  2907  3428  3957  23657 24779 21574 15197 13280 19512
10778    2049  1238  1879  3177   4680  4677 10875 17951 10871  4678
10779    2909  2852  3284  3770  12776 12601 11311 12777 12779 20893
10780    1764   495  2384  3432  14007  6270 16240 24780 11709 14010
10781    1543  1518   947  3100  22896 18714 20843 22898 11571 24781
10782    2453  1144   180  2764   8503 12995 12993 15308  6369 24222
10783       5  2273     6  3288  13744  4044 24782 13743 13741 17171
10784    3330  3168  3796  3998   5581 21352 21528  9069 15828 20655
10785    1640    32    33  3306   9472  7832  7830  9566  7829 12429
10786    2838  2613  2858  3177   7476 22503 24783  7477  6129 22504
10787     730  1133   627  3179  15356 24395 20375 24183 22006 24784
10788    1570  1824   545  2671   5261 10467  5017 18567 10466 19657
10789    3142  3869  3897  3964  13355 18840 16104  6012 12516 24785
10790     577  1837  3209  3630  23442 22555 22356  8153 22554 19359
10791    1569  3670  3753  3899   7881  9979 18144  7885  7882 20790
10792    2020  1894   291  3285   4049 22809 24612 19983  6846 20426
10793     266   220   946  3076   5959 16233 17102 24414 17103 16232
10794     540  2121  1118  3286   6655 16152 24786 18431  6290 19446
10795    2783  3170  3298  3904  13164 13168 15059 23017 20483 13167
10796    2841  3141  3803  3837  10704 20696 24718 19496 19493  8783
10797    3537  3645  3972  4005   4478  4371  4340 14301 14298  4479
10798    2336  2216    58  2826  18439  9490  9489 18438  8246 22574
10799    2891  1746  3681  3954   6795 15317 17787 23769 12167 19353
10800    1274  1280  2807  2815  15326 20167 18654 24787 21256 23352
10801     456   826  2139  4001  17454 19517 24788 20205 20203 19516
10802    2216  1179    57  2826  18437  8246  9932 22415  9933 18440
10803    1324  1326  3625  3872  21964 17021 17020 24789 17019 17315
10804     737  1110  1109  3482  11739 18912 21662 11738  5730 24790
10805    2433     9    10  3185  14083 19729 24516 11447 12812 19730
10806    2674  2603  2770  3197  11512 11515  6150 17028 22238 11514
10807     457  2122   126  2939  21594 22217 24791 14064 24369 22216
10808      17    18  3275  3402  23668  5280  5283 14384  5284 24041
10809    2288  1779  3104  3558  11048 11052 12846 21727  6536 11051
10810     998   462  1400  3026  17056 13771 11299 18644 13770 24293
10811     473  2402  3256  3813   6752  6756 12495  4045 12496  6755
10812     689  2632  2872  3000  18522 13076 13074 13053  7131 23899
10813     920   454   657  3255  16294 16387 22088 16838 15181 11323
10814    2936  1277  3586  3640  23212 12718 13556 13558  4637 12617
10815    1959  1496  3100  3436   6706  6710 24792 20842 21104  6709
10816    3273  2622  3417  3992  21767  6063  6061 20630  6060 13697
10817    1991  2168  1079  3184  13286 13284 22185 23800  4423 13283
10818     880  2864  3251  3269  19708 10214 10216 15550  9592 15567
10819    1347    26  1652  3274   5848 13373 23749  5849  5851 24793
10820    1888   690  3577  3596  19308 10468  6558  6560  4070  6557
10821    2965  3111  3189  3246  11056 16286  8954 21016 19128 16101
10822     734    42    47  3464  10105  7045 24778 11678 11680 23133
10823    2006  1735  1001  3486  10496 18360 24633 10497 10499 24794
10824    3542  3088  3559  3924  24591 18750 10611 10608 16425 10607
10825    2763  2740  2975  3266  20737  7092 21883 20689 22255  8896
10826    3532  3694  3899  4012   9730 17098 17101  6329 10164  9980
10827    2218  2541   389  3987  22548 16488 16486 22552 16485 24795
10828    3267  3352  3672  3810  12887 21260  5430 11576  7759  9677
10829    2589  2614  2694  3603  15057 10772 15052 21570 15051 21597
10830     818  2273  2065  3288  10946  9207 13745 14988 13741 24692
10831    2273   774  2065  3131  10945 14989 24775 22334 24397 14988
10832    1902  2893  3374  3445  12911  9722 19489 10000 19490 12910
10833    1686  1631  2924  3095   9354  9353 24383 13422 23889  9352
10834    3379   521  3520  3521  24796  7939  7937 23751  7936  4553
10835     142  2114  1954  2968  12261 21681  8728 12262 12263 23531
10836    2752  2824  2849  3229  21551 16189 16679 22025 13613 22027
10837     603   868  2907  3561   9389 11797 20546 23063 12536 11796
10838    2298   572  3222  3938   5864 17945  5675  4573 10008  5671
10839    1219  1873  2904  3942  17164 17299 17298 20075 17297 20336
10840    1740  1993  3286  3494  13423 16253 24797 13427 13424  6291
10841     237  1066   257  3160   8122 19002 14796 16339 16336  8547
10842    2630  2633  3260  3289  14990  5470  7516 18245 10318 18247
10843    2068   203  1532  3094  13947  8221 23846 15694 15695 13945
10844     327  3014  3013  2789  16202 24741 24798 23923 16685 24743
10845    2127  2128  3315  3536  12543 24030  9615  9611 10015  9610
10846     380   517  1104  3402   9539  9536 14948 24799  5281  9537
10847    1609  1611  3489  3711   5415 24364 24736 17907 19957  7232
10848    3271  3341  3424  3934  22410  7809 14317 14315 18592 12868
10849     191  1617   658  3327  10098 12369 17883 10103 10099 18476
10850     812  2600  2677  2716  20613 20614 23265 14415 15850 10895
10851    2887  1749  3185  3288  18620 15070 15072 16113 15073 16112
10852    1494  2547  1495  3441  16505 22153 23421 16504 16506 22152
10853    2321   538  3199  3868   9449  9446 16933 11533 11530  9447
10854    3201  3323  3391  3678  20807 20809 14560  9801  7112 20808
10855    1610  1608  3407  3814   5153  5151  5303  5305 24276  5150
10856     892   940  3734  3898  18266  7230 22681 20324 20323 22682
10857    2103  2348  3029  3564  19989 12822 24026 24024 22385 19991
10858    2055  1855  2054  3464  13642  7046 24667 13643  6717 24800
10859    3407  3624  3672  3968  11573 18900  7615 12102 12104 16110
10860     196   427  2104  3479  10546 22108 24801 24174  4611 19298
10861     972   961  3255  3363   7426 18336 21325 16837 23753 15178
10862     164   207  3362  3882  14966 15575 16334 16335 22324  7350
10863    3545  1356  3912  3950  24145 23533 15707 15703 23293 15702
10864    2043  1699   217  3682  16087 16085 19277 23797 13303 16086
10865    3357  3174  3912  3950  24145 16469 14216 16629  9381 16628
10866    3178  2704  3230  3705  14242  9485  9482 24054  9483 24802
10867    2826  3294  3615  3721   9229 20540  9173 16574 19373  8931
10868    2040   279  3582  3709   8550 13873 17913  8555  8551  8662
10869     517  1945   769  3402  18752  5281 13631 17897 13506 24803
10870    3758   954  3833  3879  22263 15797 22733 15049  8525 21928
10871    1748   183  3074  3334  20594 21878 12277 12273 16913 12272
10872    2972  3284  3493  3556   6926  5933  5937  6925  5932 21178
10873     581   218  3328  3727  12571 21380 12967 12963  6683 12962
10874     542   540  1389  3286  14651 16254 24804 16151 16152 21158
10875    1828  1829  1034  3713  19172 24805 21438 24806  5588 24807
10876    1752   160  2870  3285   9442 12824 19874 11820 15981 19872
10877    3171  3594  3811  3975  10133 10635 24808 10695 10691  7295
10878    2050    16    17  3275  24041 21078 21077 24040 10473 24809
10879    3629  3075  3905  3922  19939  4167 20414 20752 22162 19937
10880    2988   495  1764  3432   6270  6267 11708 16240 11709  6268
10881    1229  1129  1640  2968  23250 23186 23521  7831 15946 24810
10882    2782  2641  2879  3630   8633  9371 21692 12552 23420 23041
10883     350   232  1387  3438  13896 12678 23725 22833 15113 24811
10884    1737   678  3643  3950   9384 24812 19485 19487 16473 19484
10885    3364     2  3416  3653  13598 10232 22999 16691 20936  4327
10886    2439  1698  1697  3266  11029 10061 24751 16407 21286 18928
10887     255  1209   839  2934  16942 23675 24219 16941 16943 10339
10888    1991  1598  2897  3548  12440 13285 17970 15547 16954 14283
10889    3088  3465  3633  3924  19144 16425 16424 19145 16423 15501
10890    3053  2890  3248  3627  24394 11353 13819 18553 13820 18552
10891    3386  3358  3645  3771  14299  6018 19008 23907 19215 16660
10892     516  2266   501  3573  16495  6097 22347 19020  7035 23750
10893     196  1846  1592  3479   4614 22108 24813 24814 22106 24815
10894    1931  1790  2928  3599   4930 24460  8196  8198 24424  8195
10895     479   889  2395  3682  11871 22509 23978 24816 22143 16626
10896     844   624  2418  3166  19783 13567 13566 19782 13565 23264
10897    2825   562  3015  3016  19620 14362 16029 24817 24818 23441
10898     302   301  3125  3588  20137 21411 21491 21493 24128 11669
10899    1279  1277  3261  3640  12717  4639  4636 24099  4637 21887
10900     536   742  3237  3424  17749 22434 23508 14141 22523 22433
10901    2054   733  2055  3464   7046 13642 18369  7047  7049 24800
10902    1767   618  3867  3965  24642 24767 20525 12951 24643 20109
10903     427   196  1592  3479   4614  4611 24801 24815 22108  4612
10904    3808  3559  3903  3924  19684 19345 24819 11888 24591 19685
10905       9     8  2700  3185  21679 12812  6885  6883 12810  6886
10906    2035  1486  3269  3608   5463 22972  5695  5468  5464 21579
10907    2012  1499  1648  2964  20222  9423 23376 22371 15296 23573
10908    1987   320  3543  3765  20867 16452 20865 17429 20868 24666
10909    2685  2615  3197  3198  19841 19843  4792  4788 24820  4787
10910    2120   414   759  3274   5643  4723 24272  5644  5646 24821
10911     369   801  1516  3599  10188 22604 24822 10190  7788 24823
10912    3285  3100  3377  3436   4516  8101  9444  9440  6706  8100
10913    1084   498  1808  3269  18402 16514 24824 18405 15774 20003
10914    1347   759  1483  3274  20953 13373 24825 18643  5643 15814
10915     368  3452  2015  3710  19125  7536 15640  6254 15638 22810
10916    1790  1112  3251  3599   7784 24424 19430  7789  7785  6996
10917     782  1753   423  3791  18466 13538 22513 24411 22512 18741
10918    1583  1108  4010  4013  17862 12515 17318 17866 17317 24826
10919    2384   495  1165  3432  12672 14007 24780 19659 11709 22752
10920    2310  1145  1501  3377  12469 21520 24432 12468 12471 24154
10921    1544  3681  3714  3890  12206 15866  9414  6799 19901  9415
10922      21  3011  3010    24  17512 17513 24494 23947 24341 17515
10923    2148   683  3898   892   7230  7229 24827  5200 24828  7226
10924    3254  2795  3331  3609  17079 15995  9270 22675 10727 17078
10925    2825  1548  3089  3943   6159 12641 12644 19334 12645 18623
10926     749   163   601  3381  15514  9597 24230 24234 12284 24739
10927     837   326  3491  3582  18274 11782 16790 24305 16786 23924
10928    2774  2595  3039  3997  15378 23796 15238  5120 14017 16509
10929     129  2310  2330  3377   4519  8102 24167 24156 21520 23229
10930    1037  2408  2104  3479  10546 19506 15976  9839 19505 24173
10931    1518  1931  2928  3599   4930 14546 11570  8195 24460 14547
10932     440   731  1978  4017  19962  4820 20268 11118 20140 24829
10933    1357  1187  3090  1700  12431 12660 24232  6431 24830 12659
10934     889  2043  2395  3682  11871 22143 24831 12808 16085 24816
10935    3267  3088  3465  3633  19145 19514 16200 16424 15501  5173
10936     396   298  2928  2990  15222 24832 23210  7484 22800 16566
10937    2695  2720  2859  3255   7431 11368  8757 21925  8700 24037
10938     340   809  3107  3259  11896  5004  6569 11900 11897 23868
10939      17    18  2050  3275  21078 24041  5283 24732 14384 24809
10940    3447  3121  3458  3585  24111 23693  7553  6958  7603 15410
10941    1518   369  1516  3599  10188 14546 24224 24823 22604 24479
10942     962  2897  3345  3996  16037 16040 14444 14443 17309  7942
10943    2419   347  3672  3890  13727 13730 24084 15867 15863 13729
10944     460  1865  3438  3584  16441 21394 23493 16446 16442 19114
10945    1617  1594  3327  3336  22141 15481 10100 10102 15484 10099
10946    1846  2386  1592  3479   4614 22106 24833 20289 16524 24814
10947     766  2546   767  3382  13897 13901 24834 22022 22020 13900
10948    1239  1246  3593  3937   8182 24835 24836 15400 15402 24837
10949    3672  3140  3801  3908  13864  6000 12889 16854 15371 13865
10950    1693  2001   701  3535  14721 15135 15139 15341 15134 19023
10951     458   504  3381  3723  21673 21711  9598  9594 22191  5165
10952    1679   567  2908  2915  16375 17274 20132  8619 19499  7316
10953     891  1332  2568  3646  14385  5737 21739 21164  5352 11360
10954     888  2000   986  3800  18478 21719 24057 18479 18481 24838
10955     568  1188  3316  3997  11276  8772 20208 23263 16182 15809
10956     888   986  2175  3800  21849 21719 24838 17956 18478 24102
10957    3018  3017  3703  3836  13360 14782 24839 17851 11430 24840
10958      16   517    17  3402   5280  8616 13630  5285  5281 24040
10959    2866  1266  2903  3623  20328 20179 17091 10487 19460  6882
10960    1569  3533  3532  3753   4351 20790 22124 23570 18960  9984
10961     394  2437  3664  3826  22133  5880  5878 19634  5877 15121
10962    2725  3406  3603  3701   9359 23568 15930 12227 12225 10771
10963     813  2728  2887  3256  13433 22098 13553 12960 13434 13554
10964    3300   643  3913  3962  17964 18638 16168 16170 12406  6244
10965     954   956  3933  3982   7499  7503 15048  8251  8247  7502
10966    1263  1266  2637  2843  12947 24116 23042 12538 23767 13822
10967    1602  2735  3159  3356  11607 14094 22284  7094  9025 10943
10968     229  3268   936   333  14571 18201  9263 14573 14570 16834
10969    3643  3271  3707  3711  15672 18601  9636 12869  7808 18600
10970     701  2430   505  3535  19022 14721 14724 22537 10728 19024
10971    2124   626   516  3603   6093  9362 14149  6749  6751 24684
10972    3393   474  3731  3893  11720 19950 20215 15289 15286 12386
10973    2006  1001  2323  3486  18362 18360 24794 21779 10496 18359
10974    3572  3449  3873  3896  23955 23958 17707 21457  7242 14111
10975    3279  2974  3899  4012   9730  5092 17368  7884  9731  6330
10976    1065   688  2634  3161  11385 11388  7024  7026 22806  7023
10977    2651  2740  2743  3429  17335 20974 21901 15430 21900  6378
10978    2718  2708  3272  3831  17210 23092  4839  9172 22763 13091
10979    1596  3149  3647  3669  20714 16591 14736 10273 14247 14737
10980    2860   958  3264  3317  24081  8097  5240  5243  8472  5241
10981    1970  1767  3939  3945  15025 13912 15127 16011 24841 15024
10982     403  2432  2101  2906  10512 23480 24842 24237 17129 24843
10983    3374  1987  3589  3677  16454 21296 18678 16453 16456 12909
10984    2754  2591  2834  3432   9063  9060  4624 18739 20958  9061
10985     112  1805   322  2907  21574 10678 14587 22808 14588 23855
10986     939  2320  2982  3138   4836  6110  6113  9403  6114  9401
10987    1360  3424  3959  3993  21307 12506  4986  4983  8667  4987
10988    2388   914  3056  3183  21042  5277 12271 21041 12268 23525
10989    1104   769  3115  3402   7444  9539  8111 17898 18752 11222
10990     594  2789  3047  3943  11011  8055  9902 10131  9898 12156
10991     763   653  1587  3184  15157 15155 23819 10657  5108 15154
10992    1859  1687  3548   616  16892 16956 24124 15423 23822 16953
10993      87  1967  1098  3092  10755 10637 14368 23208 14367 10753
10994    2905  2818  3323  3391   9801  9261  9259 21482  9258 10937
10995     396  1883  2990  3591  16817 18340 18343 16820 16818 24832
10996    2678  1522  3294  3721  19373 20844  7240 21696 23662  9174
10997    2318  1831  1574  3605  18798 19369 23501 15726 13999 24844
10998    2672  2630  3289  3704  10314  8379 16923  5470 10615 13150
10999    2695  2718  2760  3160  15692 15689 20400 13090 19629 15690
11000    2188  3109  3280  3292  14983 14113  4774 11938 14112  4817
11001    1135  2431  1180  3354   9716  8942 19587 23714 11097  7223
11002    2256   905  1649  3744  14783  6582  6586 19000  6581 24681
11003    3251  3169  3269  3795  19705 19709 22486  5466 18222 19708
11004    2001   282  1383  3535  15339 15134 15137 24289 15138 15342
11005      12  1093    11  3425  21249  4251 16723 21250 16722 23981
11006     943  1869  2910  3773  15278 21762 24639 10387 15279 21907
11007    3633  2142  3903  3924  19684 19144 21106 19686 19346 10248
11008     266   946  2770  3392  18893 16234 16232 14657 16231 20650
11009    3846   800  3910  3960  24845 11376 11338 24135 12122 22628
11010     837  1734  3194  3491  18511 23924  8404  8402 23775  8405
11011    2736  1555  2884  3451   8164 12540 20177 17070 17933 11830
11012    1443  1050   997  2767   5778  5776 20875 11674 20874  5775
11013     361   358  3409  3712  20422 10183 24846 24753  4466 18446
11014    1789  2364  2813  3329  12310 15408 18339 10119 12311 20407
11015    2840  1038  3406  3861   8079 24847 16593 13262  8350  7851
11016    1175  3304  3602  3930   4406 11162 11165 24848  9328 11563
11017    3544  3208  3697  3758  22391 11170 13937 22393 10432 24044
11018     220   266   250  3392   4537 16091 17102 17985 16234 18157
11019      78  2380   400  3109   4770  4200 20757 16881 15892  6321
11020    1737  3580  3643  4002  16883 19665 19667 16861  4872 19484
11021    1473   802  2800  2963   4217  7842  7845  4216  4219 20610
11022    3310  3616  3861  3865  18940 21002 21183 13243 12071 21001
11023     938   270  2743  2867   5076  5074 20106 20104  7572  5073
11024    3851  3794  3972  4005   4478 14025 12473  4480  4374 14024
11025    1325  2226  2647  3689   5781 23409 17713 17712 24849 17714
11026    3824  2245  3882  3917   4733  6985 13840  4739  4735  9122
11027     167   861  3239  3605  13497 13495 23825 18967 21254 13496
11028    2843  2259  3029  3247   7665 12948 13654  7682  7679 13650
11029    1367  1033  1972  3235  20636 20597 24850 24851 14410 24663
11030    2366   205  3777  3834  15781 13691 13689  6090 13688 16635
11031    1124  1195  2705  2862  13833 14841  8923  8922 14839  5016
11032    2049  2348  3032  3177  11587  4677 22368 22366 22386 22365
11033     788  2853  3491  3709  18275  9660 14777 14775 19077 14778
11034       9   134    10  2700  11449  6886 24672 23884 21592 11447
11035    2688  2718  2719  3329  16826 15065 12562  5314 19941 21763
11036    3707  3117  3711  3915  19385 15571 15675 15673  8440 15672
11037     314  3154  3334  3673  16873 14767 13922 13919 20063  6107
11038    1099   323  2951  3099   8990 11484 21688 16067 16065  4139
11039    2679  2720  2759  2859  13821 19462 24038  8588 21925 23529
11040     602  2180  2480  3473  10369 18554 18555 18325  6774 22610
11041    2865  3572  3871  3852   7609 13217  6224 14110 13216 23405
11042     597   598  3902  3960  23566 24852 23602  6437 23567 23603
11043    2886  2670  3106  3308   6918 23285  5062  5064  6919  5063
11044     398  3109  3292  3450  20162 16134  4196 14112 20163 14115
11045    2942  3149  3410  3991   7159 12182  8071 11701 11699 12183
11046    3529  3611  3642  3694   6332 10795  7303  7306 10165  7304
11047    2853  2796  3104  3306  20512 19078 15874 15878 23048 15875
11048    2466  1991  1598  2897  15547  4975 23971 17970 14283 23408
11049     674   313  3076  3715   4358  9504 18673  4363  4359 20998
11050    1600  2101  2183  2963  12367  5653 10511 22196  7012 12366
11051    2526  3518  2814  3517  24853 24854 15265  5178 24855 12305
11052    1723  2221  3064  3763   8540  8543 22536 14131 22107  8542
11053     142  2796  2951  2968  12260 21681 20571 21665 22293  8725
11054    3768  1284  3852  4025  17728 20895 24068 24069 10021  7614
11055    2186   797  2577  3450   5768 22408 19718 20130 20129 23034
11056    2682  2588  3074  3098  16236 12886 13337 13338 11492 13336
11057    2259   280  1123  2843  19425 13654 13651 24083 13652 24856
11058    2858  2590  2941  3244  14889  9590 14426 22725 14427 14888
11059    1420   649   422  3367   7657 16598 23222  7658  7660 16599
11060    2848  2790  3200  3494  19338 22048 20735  7397  8462 24113
11061    2298   649  1963  3222  17946  5671 23879 10361 11814 17944
11062    2599  2662  2721  3185  17167 15683 15681 21461 15680 17166
11063    3188  1395  3799  3895  24307  9090  5973 22291 15709 20620
11064    3064  2728  3763  3932   9571  7328  7331 12169  7332  8540
11065    1063  3094  3108  3760   9764  9767  9032 14921 11332  9009
11066    1720  2461  2915  2983   7006 24660 22582 21972 24658 20168
11067    2713  1492  2737  3553  14726 21040 24857 14731 14727  5552
11068    2863  2744  2907  3156  20980 21736 24858  5344 20981  4915
11069     979  1890  1405  2903  10213 17112 22736 20622 20624 24859
11070    3439  3229  3666  3715  13236 12593  6170 17415 21550 13235
11071     898  3498  3500  3733  21495  6054  6058 21494  4115 24860
11072      35  1779    34  3306  18956 18955 24565 23082 12427  9662
11073    1448   981  3139  3679   4401 13247 13249  7153  7149 24729
11074    2676  3206  3627  3718   5784 17322 12731 12729 11922  9336
11075    2420  3781  3788  4018  20176 16533 19371 16435 17255  6175
11076    3258  2811  3382  3651  24075 13060 23640 21316 24380 17341
11077    2627  2641  2805  2878  15084 15082 21691 15284 21690 15081
11078    1083  2599  2721  3157  12662 12665 24861 17166 17168 12664
11079    3228   456   826  1551  24862 24863 24433 24788 24864 20402
11080    2834   214  3041  3432   9059  9063 17253 21734 17292  9062
11081    3090  1357  3145  3637   4604  4608 12659 16803 11950  4607
11082    3616  2353  3861  3865  18940 12071  5054 13244  6672 13243
11083    3096  3187  3326  3647  16667 10748 13734 14406 15979 22658
11084    1263  1269  2838  2843  19089 24116 24115 24141 19223 24759
11085    1046  2259  1123  2843  19425 21931 21930 24856 13654 24303
11086    2066   302  3125  3588  20137 16632 11671 11669 21411  6506
11087    1706  1399  1523  3044  20849 20848 21271 24865 21270 20847
11088      19   430    18  2677   4722  4720 24866 14383 13861  4719
11089    2815  3034  3231  3944   7565 21918 18729  9828  5894 11792
11090    1783   917  3575  3687   4177  6203 20788  5224 15894 20514
11091    2595  2657  2774  3039  16509  5120 16958 16508 16510 15238
11092    3131   774  3219  3813  14953 10563 24397 22332 23938 21524
11093    3314  3102  3394  3592   9690  7655 13826  9689  9692 14423
11094    2900  3337  3597  3653   5687 13602 15146 19105 15143 18041
11095    1426   417  2154  3139  11872  7151 14879  5748 14876 11874
11096    1310  1313  2694  2855  15056 19651 22312 15055  4273 19652
11097    2262  1644    96  2671  14851  7579 16298 14852  5259  7803
11098    3387  2746  3456  3719   4715 11113 11114  4714  4711 24867
11099    1092  2017   854  3148   7698 11205 11203  7697  7700 16828
11100    2136   350   460  3438  19114  4128 23726 15533 12678 23494
11101    2875    49  3276  3691  12945  6697  6698 16621  4209 12946
11102    2086  1282  2187  2985  22128 12458 17231 14496 11172 24144
11103       8  2700  3185  3288  18620 18621  6883 21679  8513 12810
11104      56  1388  2826  3615   8931  9048  9050 24143  9051 15659
11105    2965  1128  3074  3246  21462 16286 23983 23982 11981 16237
11106     759  1652  2120  3274   4723  5643 24868  5852  5848 24821
11107    3233  2134  2856   118   4053  6901 21313  4052  4057  6900
11108    2034  1755  3134  3541  16224 21541 24869 24705 17879 21540
11109    3149  2636  3663  3802  14848 12035 16124 16537  9247  8068
11110    2720  2859  3255  3606  17421  8172 21925  7431 24766  8700
11111    2486   730   627  3422  15357 13755 13753 24784 13752 15355
11112     492  2580   155  2753  18676 15530 15528 19479 15527 24870
11113      18  2677  3275  3402  23668  5284  4722 13862  7085 14384
11114    3705  3230  3822  3867  18316 15801 14242 20440 15800 24055
11115    2907  2881  3381  3723  21673 10673 11798 15027 21054 10073
11116    3291  2766  3461  3462   9769 10672 10669 12732 10670 21037
11117     770  2556   184  3304   8062 14907 24871  8067  8063 24872
11118    1308  1315  2742  3686  19776 22839 22838 24710  9358 24873
11119    1982    77  2703  3392  20766 10081 10083 23197  5853  6653
11120    1885  2167  3220  3854  17178 12021 12024 19127 12020 23083
11121    1211  3152  3326  3537  12903 12907 14287 16666 14284 12906
11122      85  1784  2414  3477  10575 10447 14070 10580 10576 24012
11123    2015   921  3147  3586   5380  6250 11153 13184 11149 24326
11124    1504  2813  2951  3540  21841 17834 20409  4141 16825  8726
11125    3187  3096  3326  3732  14407  4964 13734 22658 13735 14406
11126    2225  1314  1492  3553  14727 24874  7102 14728 14730 19909
11127    1077  1278  2603  2681  21715 23309  9169 17567 17175 17566
11128    2164  1127  3433  3980  17533 24086 24088 17537 17534 21603
11129    3315  1318  3406  3861   8079 20156 24875  8083  8080 12547
11130    2905  3054  3262  3323  12004 10937 23386 24171 23385 21769
11131    2273     5  2402  3288   4041 13741 24782  4042  4044 15455
11132    3631  3136  3759  3818   8885  8882 10934 13943 10935  8883
11133    1561  1825  3103  3736   9549 21545 21806 18061 18059  4490
11134    2376  1252  3273  3992   6063  8430 21285 21843 11702 24295
11135    1583  1418  3869  3897   6012 13356 20862 23914 20861 12513
11136    2431  1807  1934  3354  19866 11097 19387 19867  5227 23995
11137    2936  2815  3067  3202  14613 16982 15325 18400 10803 16981
11138    1424  2184   413  3291  12650 23280 23205 21119 21039 24497
11139     648   985   375  2890  18946 10817 24876 12127 24571 18944
11140    3110  2162  3837  3853  10702 12080 12083 11578 11580 21851
11141    3007  2528  3006  3396  11210 11207 23719 19946  4107 11208
11142    1047  3253  3811  3975  10133  5496 15766 10138 10134 15346
11143     256  2481  2003  3399  13313 22279 23963 23991 23838 24877
11144    1594  3327  3336  3752  16543 16545 10102 22141 19341 15484
11145    3007   805  3008  3396   7800 11207 24878 20783 19641 24703
11146    2775  2647  3060  3102  21146 18847  4431 23105 11351  5000
11147    1050   118   305  3233  11672 11676 24879 24880  6901 11675
11148    2801    60  1008  2806  18606 18604 14163 24606 19468  6339
11149    1640  1229  2968  3306  23049  7832 24810 23186 24017 23250
11150     368  2015  2442  3710   8447  7536 22810 19124 19125 24881
11151    3054  3078  3132  3188  11134 11132 24882 20042 14562 11131
11152    2869  2818  3355  3391   9257 24549 14346  9262  9258 21112
11153     339  2382  2669  3182  15909 12360 23979 22213 21531 17754
11154    1573    67  3331  3349  20011 17277 24883 24884 24446 17198
11155    1027  3189  3575  3848  11287  4529  4533 21014  4528 21021
11156      84  2343  2903  3321   6877 10212 15987 17643 15988 10211
11157     768  1338  3108  3491  18513 24051 24885 17191 13127 24886
11158     759  1347  1652  3274   5848  5643 24825 24793 13373 24868
11159    2763  2594  2828  2975   8899  8896 11363 17967 11364  8897
11160    2670  3092  3297  3718   8456 10169 15389  8457  8459 13003
11161    3534  3533  3753  3793   4346 24887 18964 18960 23569 18959
11162    1314  2225  1311  3553  16759 14730  7102  7105 24874  7103
11163      37  1756  2686  3608   5349  5346 11317 13805 11318  5347
11164     707  1199  1726  3473  10372  6776 22331 17647 24888 18344
11165     639  1223  2808  3457   6813 16325  7819  5478 13530 15992
11166    2214  1656  1585  3742  10788 17310 24889 10787  8940 24890
11167     699   849  3044  3666  18180 18181 20864 14525 20464 17585
11168    3228  1442  3342  3973  16267 16704 16707 16716 16708 18868
11169    2366  2365  3250  3339  11837 16636 23334 11841 11838 21669
11170     825    98  2794  3766  17578 16558 22647 12196 17579 22648
11171     224   235  2483  3290  16987 22103 24297 23761  5213 22411
11172     948  2543   929  3987   4425 22551 23076  4426  4428 24891
11173    3066  2599  3157  3185  17165 10191  8140 17168 15683 14105
11174    1161  2559  3293  3807  12608 12774 20271 20184 20261 12773
11175    1916   719  3348  3739  13512  8144  8148 12477  8143 12480
11176     680  3506  3505  3493  16312 20642 24892 14471 15391 23505
11177    2900  3088  3267  3386  24033 16932 20543 16200 15872  8731
11178     805  2239  2646  3396  11206 19641 24893 13521 13520 21588
11179    2627  2697  3479  3610  19247 19340 21748 18649 18734 15083
11180      57    58  2826  3739  20339  7964  7967 18439  7963 18437
11181    3086  3259  3719  3894  22701  4326 17564  5001 16777 19880
11182    2719  2796  3540  3558  17894 16302 16300 20569 16299 16823
11183    1629  1337  3157  3185  17165 16116  9757  9759 10192  9756
11184    1095   329  3231  3944   7565  5921  5924  4900  5925 12410
11185    3186    81  3563  3630   9368 23443 23342 20803 22600 17635
11186    2003   390   256  3399  22279 13313 17283 23920 15433 24877
11187    1600  1454  2875  3721  20539  5649 23546 21309 23543  8274
11188    2944  3254  3305  3881   9158  9156 16991 15728 10342  9155
11189    2856  2631  2990  3591  16817 10571 15646 19966 19964 23921
11190     788  1338  2446  3491   9053 14778 23106 13129 13127 24894
11191    1896  2559  1897  3293  20183 23242 24895 20182 20184 22850
11192     926  1774  2735  2792   8652 24896 14204 12667 23176 21099
11193    3166  1487  3769  3813  20133 21617 22214 20134 14954  9666
11194     456  3228   826  4001  20203 19517 24433 20402 13476 24788
11195     444   445  1208  3549  17731  7624 24582 12037 21295 24641
11196    1454    51  2875  3721  20539 23543 21310  9897 11517 21309
11197    1172  2379  3442  3717  21051 17411  6727  6729 21052  6726
11198    2173  2564  3688  3892   7345 24074 22061  7349  7346 22062
11199    3413  1011  3714  3968  12101 23052 23051 20348 16499  7492
11200     328  3514  3513  3037   8363  8364 18711 24897  9641  8366
11201     528  1514  3345  3996  16037 22455 14099 14102 16038 14100
11202     817   226   488  3393  12391 10548 10552 20216 10547 14964
11203    1560  1151  3175  3555  19352  8758  4909  4912  7494  4910
11204    1829  1828  3688  3713  15164  5588 21438 12915 24805  7348
11205      55    56  1179  3615  15657  5831  9052 15658  9048 24306
11206    3047  2605  3514  3515  20260  9604  9607  9638  9608  9637
11207     701  1383  1166  3535  23287 14721 15340 23286 15339 24487
11208     701  1964   889  3535  14722 14721 24489 24540 14261 14725
11209    1685   455  3122  3630   4753 21337 22065  4754  4756 23066
11210    1736  2078  2701  2940  17010 21240 13662 13663 17139 13054
11211     447   915  1808  3608  23847 15190 19532 24514 11482 23850
11212    3624  3407  3714  3968  12101 12104  7615 17044 18900 12103
11213    3008   700  3009  3396   7796  7800 20782 20798  7587  7799
11214    2824  2681  2987  3495   7247 18239 13021 11614 18238  5148
11215    2733  3290  3303  3547  23579 24898 19540  5684 24899 10602
11216    2088  2952  2978  3408  11907 16464 19673 12804 15006 19674
11217    1111  1965  1169  3486   6140 10957 24900 23715 14174 10956
11218    2788  2699  3573  3603   6092  6096 19563 24661 10775  6095
11219    3024  1853  3025  3369  15453 15037 19339 11298 14002 15790
11220    2611  3192  3193  3474  21513  8560 19453 21514  6538 24901
11221    2347  2301  1621  3592   8794  9860 19426 24902 19427 13693
11222    1878  3507  3493  1881  23841 23842 15393 15395 24903 15392
11223    3595  3374  3598  3677  19675 12711  6509 21299 21296 19676
11224    3063  2896  3253  3975  10134 24623 14377 10135 10137 14373
11225    3168  3175  3330  3489   5837 15318 17799  5841  4279 21528
11226     465  1212  1592  3764  20290 20653 16351 19597 20652 21554
11227    2110   444   194  3549   7622 10826 14695  7621  7624  4156
11228    2453  2243  1382  3656   4847  4844  6866 18204  5048  4845
11229    2783  3267  3352  3968  11574 18901  5426  5430 11575  5427
11230    2239   805  3007  3396  11207 13520 24893 24878 19641 13522
11231    1906  1902  3445  4000  17687 13207 18608  9722 17689 20899
11232    3240  2895  3281  3664  12983 15120  7944 16155 16153 23215
11233    1064  1436  3806  3886  14168 23060 10301 19892  8414 20237
11234    2749  1256  2819  3453   9922  4978 24564 20819 20817  9925
11235      41    42   596  3568  15733 18080 24904 15736 13970 20729
11236    1753  2930  3791  3800  21716 24100 14544 12017 19922 22512
11237    2503  3502  3369  3501   7190 24905 21788  7189  7191 15788
11238     447  2153  1030  3608   8500 15190 23849 20101  8958 15191
11239    2959  3224  3835  3843  24006 24906  6623 17701 19735 19030
11240    2122   126  2939  3155   9949 14062 14064 21594 14065 24369
11241     340  2272  3456  3719   4715  5005  5003 14240  5002 23742
11242    2643  3729  3829  4023   5755 11648 20991 11885 19419 24459
11243    2183  2800  3615  3721   9229  9231 20611  8935 20541  8386
11244    1888  3528  2701  2157  24136 24563 23028 14397 11959 23027
11245     756  1885  3923  3951   7069 24387 22547 22546 14279  8290
11246    2623  2958  3147  3909  15090 15092 16754  8264 24907 13640
11247    2623  2617  2958  3909  24907 15092 14891 20756 24908 16754
11248    3045  2795  3349  3881  24321  5250 10344  5792 10343 16490
11249    3188  3132  3882  3895   4732  9090 11134  4731  4734 11130
11250    2649  1223  3260  3457  14319  6814 12807 24909 13530 14995
11251     365  1992  1589  3859  14742 10310 14382 22409 14381 24910
11252    3017   906  3018  3703  24840 17851 18110 24290 18111 24839
11253    3154  3196  3607  3635  14701 10428 10426 21544 10425 16475
11254    2950  2316  3081  3854   8206 19784  5128  9148 19785 15184
11255      45   395  3732  3805   4959 10823 17305 21683 20310 10822
11256    1448  3139  3314  3679   4400 13247 24729  4405  4401 12335
11257     613  1227   453  2748  13494 13493 23989 15320  5156 13492
11258    2040    35   279  3709   8551 13873 15215 18258  9663 17913
11259    3692  2980  3803  3853   5318 17008 18354 14623 14620 17007
11260    1937   581  3747  4014  11312 19961 17289 17250 17248 12117
11261      14  2214  1585  3742  10788 14203 24288 24890 17310 19005
11262    2591  2754  2988  3432   6267 20958  4624 21567  9060 21294
11263    3384  3566  3784  3856  10327  4484  6478 22539  4295  4311
11264    2207  3113  3594  3811  10695 17219 23389 23388 12624 11417
11265     892  1997   940  3898  20323  7230  7228 10459  7227 22681
11266    2657  3039  3177  3749  17853 18306 16510  6128 13963 18307
11267     374  1141  2150  3893   9995 20021 20019  9996  9998 24354
11268    1045    51  1454  3721  23543  9230 11521 21310 11517 23545
11269    2961  2799  3118  3643  24036  9383 22728 19547 16884 19033
11270    1843  1403   672  3591  10574 10572  6154 16448 16450 10573
11271     452  2189   802  3615  22236 22234 22689 23562  5835 22235
11272     319   320   630  3677  12712 21686 10990 12713 12715 24911
11273    2110   194  3144  3549  10828 10826  4156  4159  7622  4157
11274    1183  1013  2056  3944   4334  8602 21924 21565  7566  8606
11275     404  1291  2208  3572  14109 23957 24238 14867 14863 17399
11276     573   843  2991  3154   7651  8611 20581 14473 14474 22623
11277     273  2539  1564  3952  24912 23685 24464 24913 22904 24914
11278     286   110  2808  3211  15535 10014 20507 15540 15536 20508
11279    1611  1609  2423  3711  19768 19957 24736 24915 24364 19985
11280    3493   680  3183  3569   9206 16313 20642 20643  4620 16578
11281    1434  1940  1025  3186  17467  8154 24916 24917 24711 13119
11282    1460  1459  3820  4006  22397 22149 22147 24918 22146 22399
11283    1613  3562  3624  3711  10161 19955 16046 16043 19767 16047
11284     920   429   605  3803   5323 11324 11322 21322 11321 16385
11285    2326   261  3255  3606  17421 11826 11824 24919 11823 22056
11286    2442  2015  1531  3147  13182 15611 19124 24422 24326 18548
11287    3607   290  3614  3900  19969  7154  7157 10643  6858 10642
11288    3140  3385  3389  3810   7755 12890 12888  7760  7756 15370
11289    1098  1947   841  3718  20276 14601 23396 20924 11923 20277
11290     732  1771    63  3613   7879  7876 24920 22984 22985  7877
11291    2964  1499  3243  2452  15839  9816 15296 15297 15838  5786
11292     674  2312   313  3715   4359  9504  9502  4360  4362 18673
11293    2981  3278  3293  3807  12608 23811 24691 12610  5024 22930
11294    2991    83  1948  3756  12189  9849 19561 20058 15609 14265
11295     239   238  3797  3906   9491 16858 13968 13967 16856 10553
11296    2420  3234  3984  3985  15043  6176 24921 23471 18279 22622
11297    2220   148  3781  3788  16435 16439 24557 19372  6177 16438
11298    1077   640  2603  3229   4764  5080  5078  4769  4765 17566
11299    2509  2632  2507  2999  18667 24922 11640 11643 13077 11641
11300    1357  3090  3145  3203  15414 12661 12659  4607  4586 16803
11301     612  1571  1498  3616  18831  5058  5056 18730  5055 23044
11302    1023   123  3863  4020   4304 21069 20812  5267 24923 24924
11303    3404  3697  3986  4032   5357 10908 24274 19083 24273 10907
11304     198  1027  3575  3848  11287 15777 20892 21021  4529  5220
11305    1391   103  3158  3563  16733 23875 21877 18839  4541 15495
11306    3697  3208  3986  4032   5357 24273 22393 18048 13938 19083
11307    3358  3645  3771  3978   5981 24925 23907 14299 19224 19215
11308    3919   931  3926  3986  10909 22721 24926 16551 24927 24928
11309    2445  1285  2969  3744  12502  6585  9107  4550 18607  9108
11310    3302   976  3320  3954  10589 23188 24070 12168  6798 23187
11311    3154  3196  3616  3861  13243  4758 10426 10429 19520 10427
11312    2811  2851  3381  3382  21314 21316 19544 19542 19001 19545
11313    1556   123  3567  3986   5360 14763  5264 20813 16205 15932
11314     482   305   118  3233   6901 11684 24181 24880 11672 23697
11315     406  2291  3550  3941   9707 19580 18418 17697 17693 18417
11316    2549  3482  3698  3941   5723  5727  5732  8374  5728  5726
11317    3165  2921  3253  4011  13979 13983  4663 19175 13142 13982
11318      44  3771  3806  3978   5979  6890 17381  5978  5981 14326
11319    1343   213  1047  3975   5496  5500 24929 12725 24452  5499
11320    3230  3404  3454  4032  15316 15313 13408 24930 10908 15314
11321    3702   931  3919  3986  22721 17229 16550 24926 24927 23509
11322     714  3532  3531  3899  22766  9983  9981 17099  9980 13687
11323    1345  2923  3347  3927   7192 22384 19325 20308 13160 23317
11324    2791  2921  3165  4011  13983 12060  4660  4663 13142  4661
11325    3482  3441  3698  3941   5723  5728 22151 11746 12002  8374
11326    3633  3629  3847  3922  22812 19146  9584  9580  4167  9579
11327    1511  1501  1145  3898  12467 20247 23701 12468 12470 20248
11328    3824  2219  3917  3952  20035 21169 13838 22901 21171  6985
11329    1277  3147  3743  3909  12585 12587 15093  5376 15090  4638
11330    1343  1014   213  3975  24452  5500 24931 23553 24453 24929
11331    2795  2944  3331  3881  15868 10343 19270  4564  9156 22675
11332     267  1782  3856  3888   6476 19555 19553 24657 19552  4297
11333    2164   760  1974  3980  14819 24086 21601 14822 14820 24087
11334    3385  1418  3869  3968   6013  6010 16501 23914 16502  6011
11335     114  1981  1185  3606  16457 21204 24316 22740  5086 23108
11336    2396   479  2395  3962   4650  4647 24932 16626  6454  4648
11337     365  1464  1566  3859   6282 10310 24933 22069 13525 10313
11338     490  2880  3038  3203  18077  4543 20827 20829  4856 20828
11339    1866   566  2881  3723  21054 12448 23290 23289 20272  8155
11340    3087  3499  3610  3733  11650  4117 22289  5982 11696 11653
11341    2419  3574  3890  4002   5131 16242 24085  5136  5132 13730
11342     493   492  2255  3923  18162 18159 15529 20302 20304 18160
11343    1284  3835  3852  4025  17728 10021 10025 17730 10020 24069
11344    3100  3377  3436  3881   8830 19258  9440  4516 23180  6706
11345    2457   472  3591  3927  16526 15010 15606 15602 14690  5545
11346    3454  3404  3926  4032  10905 15316 24930 10906 10908 18424
11347    3165  3811  2921  3881   8831 14020 19176 18172 12394  4663
11348    3542  3559  3808  3924  19345 18750 10607 24819 24591 22747
11349    1610  3173  3814  3977  17529 17528 24277 15830 23037  5151
11350     884  2703  2809  2846   7547 22282 16966  8808  8804 16967
11351    2753  2580  3440  3923  12463  8487 15527 19477 20394 18014
11352    1752  1704  1567  3123  22118 23737 24190 22992 23012 12825
11353    3067  3213  3730  3892   8089  8093 18118  8032 18115  8092
11354     399   101   576  3927  18493 14861 14859 18779 14693 18495
11355    2047   563  3056  3089   4086  4083 17829 22691 17832  4084
11356    2593  2592  2752  2810  13094  5760 12342 12338 13096 12337
11357    1987  3374  3595  3677  12711 16456 18678  6509 21296 23676
11358    1635  1208  3159  3250  11608 14487 12317 13877  7381 21543
11359     133   483  2270  3790  14154 14151 24934 23901  5746 14152
11360     167  2222  1137  3366  19973 13498 17544 20897  7723 24593
11361    3498   895  3500  3735  21496  4116 24269 24935 19399 21494
11362    3220  1885  3899  3951  11067 11071 23083 14282 14279 11070
11363    2656  3170  3407  3741   8322 19831  9315  8321  8323  9316
11364    2773  2696  2952  3120  10029 20567 17616 15005 14941 18049
11365    2499  2501  3530  3694  18130 17122 22470 18911 10796 18128
11366    1016  1345  2687  3744  19323 16809 21424 19324 19326 23666
11367    2492  1886  2082  3763  19810 12172 24936 20554  5883 24279
11368     893   703    13  3425  10712 11002 22702 19058 16721 11006
11369    2434   781  2297  3157  20188 14106 20778 24937  7597 23763
11370     825  2794  2940  3766   4499 16558 22648 17623 17578 10252
11371    1200  2693  3469  3485   8184 13011 13009 13121 13008 13123
11372    3034  1277  3147  3586   5380  6178 13557 15093 13558 13225
11373    3828  1767  3866  3940  20016 24469 24938 20526 15128 16936
11374    3303  3355  3488  3983  22031  5683  5686  9701  5682  9699
11375    2374   442  2351  3621  12385 20902 23193 22543  8107 20295
11376    3144  2747  3399  3469  10113  4154  8186 21529  8187 17158
11377    3068   919  3466  3725   8347  8344  4682 15666 18721  8348
11378    2974  3070  3793  4012   9733  9731 23826 17875 17872  4350
11379    2717  2613  2838  3177  22503  6132  6130 24783  6129 22772
11380    2767  2761  2929  3105   6523  4105 15837 21874 18366  5773
11381    1333   838  2435  3882  20429  9506 22910 21957  7087 24253
11382    3228  2675  3342  4001   4392 13476  4966 10661  8084 18868
11383    3790  2467   417   483   5750  5746  6937 24153 24939  5745
11384    3234  1447  3410  3858   6285 16806 17427  6286  6288 12702
11385       8  1233  2700  3288   8513 18621 19482  8517  8514  6883
11386    2938   944  3271  3581   5295 17075 24090 24089 24940 17074
11387    3406  2832  1694  2840   9628  7851 18396  9129  9626 16343
11388    3566  3372  3671  3888  19137  6479 17947 19141 10540 11668
11389     309   283  3405  3980   6231 24015 24119 16950  4227 23013
11390    3086  3152  3259  3840  16918 17565 16540 19120 19117 17564
11391    1656  2214   424  3742   8937  8940 24889 17314 17310  8939
11392    1145  1511  3377  3467  22043 23383 20248 20249  9781 12471
11393     123  1023  3884  4020  19255 24923 20812 21071 21069  5263
11394    2538  1682  2913  3658  16743 16604 11201 11199 16606  5490
11395    3287  3132  3362  3882  14966  9920 24249 14967  4731 24468
11396    1984   483  2467  3790   6937 19285 23900 24939  5746 19286
11397     125  3607  3636  3900  14615 14618 20999 10966  7154 14617
11398    3049  2442  3147  3710  24941  8443  8446 15611  8447 15498
11399     181   721  3453  3797  16493 10557  5273  5269  7274  5268
11400    2467   229  1984  3268  10330 19287 17448 18200  9263 19286
11401    2797  2976  3088  3819  14981 23872 12091 20904 19694 16201
11402    3086  2976  3537  3840   8229 17565 13230 18455 16921 19829
11403    1425   326   330  3491   9057  9054 24942 17915 24305  9055
11404    1798  2214   622  3742  17120 17313 17311 20085 17310 11805
11405    1133  1990  1103  3422  24707 20376 20374 10681  7527 24706
11406    1596  3410  3669  3647  20714 14737 17803 11347 17800 16591
11407    2942  2366  3159  3777  20755 10263 17150 18807 16635 14850
11408     458   325  3376  3641   5164  5161  8810  9197  8811  5162
11409    3238   220   510  3392  15451 15450 21903 16089 16091  9869
11410    2706  3106  3433  3980  17533 14980  9296 10378  5060  9646
11411    3153  3150  3524  3967   6895 15881  4868 14366 14365 14686
11412     871  1357   275  3145   8018 16804 16802 11948 16803 21712
11413    3922  1373  3924  4029   6366 16771 22584 21505 21501 19143
11414    2154   483   152  3790  16683  5749  5747 24943  5746 24227
11415     881  1018  3268  3429  17332 18100 18102 14569 18103 16283
11416    2485  1815  2569  3969   8279 18736 23833 16996 16994 18737
11417     690  3527  3526  3596   4071  4070 10470 22197 10469  4075
11418     944   709  3271  3581   5295 24940 24042 22338 22340 24089
11419    1650   438  2369  3773  11123 15282 24944  8451 11124 18409
11420     687  3526  3525  3596  16056  4074  4072 17067  4071 16058
11421     889  3609   479  2430   5067 14723 22142  5069  5066 23978
11422    3324  1023  3863  4020   4304  4308 24129 24924 21069  4307
11423     435  3372  3804  3888  11812 17246 17244 11813 10540 19256
11424    3372  3445  3598  3888  19140 10540 17247 21297 17243 19138
11425     189  1395  2535  3799   9682  9681 21377 15712 22291  9686
11426    1870   760   633  3980  24013  6228 14821 24674 14820 24016
11427    2991  2682  3074  3154   8607  7651 13339 13336 21434 13335
11428    3349  3165  3734  3898  18266  9871 10708 12489 18267 12488
11429    2420   850  3340  3985  13954  6176 16531 15044 15046 16532
11430    3405   309  3426  3967  17708 19204 23013 19238 20089  6230
11431     438  1650   784  3773  16404 11124 24944 24211 15282 16402
11432      19    20  2677  2686   4717  4721  9455  9457 17978  4720
11433     753  2372  3079  3101  11467 15645 15643 14918 11089 18520
11434     437  1194  3817  3887   5560  7055 24611 24945 15699  7054
11435    3328  3305  3572  3852  13216 13218 17404 18233 20672  6226
11436    1583  1418  3413  3869  12493 12513 20862 24258 23914 17922
11437    1786   152   133  3790  14151 14049 16682 24946 16683 21555
11438     483   133   152  3790  16683  5746 24934 24946 14151 24943
11439    3572  2865  3871  3780  19593  6222  6224 23405  6225 14110
11440    2102  1355  3143  4012   9095  5089  9992 22865  9991 22471
11441    2313  3357  3912  3950  24145 16470 16474 16628 16469 24947
11442     309  1042  3426  3967  17708 20089 21162 21163 11195 19238
11443    1333   207   164  3882  15575  9506 24213 16334 22324 24416
11444    2935  2706  3433  3980  17533 17536  9650  9646 14980  9645
11445    3205  2668  3470  3881  13045 20659 24619 24554 24393 18809
11446    3262  3441  3482  3941   5728 12003 12007 22151 12002 14947
11447    1167  2105  1568  4012  16542 16541 17938 24948 16060 14042
11448     105  1055  1626  4001   8256 17451 17692 22875  8087 20206
11449    1194  3862  3887  4027  11722 23690 15698 11727 11723 15699
11450    1610  1612  3977  3979  17527  7908  7907 24622  7906 17528
11451    1127  1974  3426  3980   6227 17534 19027  4781 14819 19028
11452    1860  1763  2809  2846   7547 20617 21475  6811 23733 21473
11453    3270  3070  3974  4012  24357  9046 17873 18768 17872 20566
11454    3325  2746  2876  3719   5337  4712  4716  4779  4711  4777
11455    3136  3435  3759  3887  16257 24466 18471 12937 11761 13943
11456    3143  1355  3611  4012   5088  9095 22865  9993  9991  8258
11457    3817  1194  3864  3887  20387  5560 24945 24370 15699 24668
11458    2706  2935  3426  3980   6227 14980  9650 19935 17536 10794
11459    2795  3331  3349  3881  24321 10343 22675 20011 15868  5792
11460    3674   435  3804  3918   8523 24499 24331 19256 24949 13259
11461    2879   577  3209  3630  23442  8633 21630 19359 22555  4953
11462    1381  2906   403  2389  24950 24951 13610 23480  5829 24952
11463    2176  3416  3719  3894  22701 23740 24631 18791  4322 14239
11464    3580  1737  3643  3950   9384 16862 19667 19484 24812 16861
11465    1886  2492   245  3763   5886  5883 24936 12170 12172  5884
11466    3863   123  3884  4020  19255  4304  5267  5263 24923  5262
11467    3029  2941  3125  3928  12133 12135  7663  7666 22664  7664
11468    1703   487  3529  3694  10795 23807  6941 24243 13686 13917
11469    2516  2825  3016  3836  11433 10896 14359 14362 18622 14360
11470    2894  3348  3626  3725  18194 18327 15221 15035 18326  9668
11471    3507  3493  3508  3836  18986 18558 15395 18988  6927 20033
11472    2419   147  3574  4002   5132 16242 16241  5623  4876 24085
11473    2782  2732  2790  3494   8462 11306 15662  8463  8465 23497
11474    3120  3052  3408  3561  12402 11687 11690 14940  9387 14939
11475    3729  3829  4023  4033   5751 19420 11885  5755  5752 19419
11476    2675  2794  3551  3766  17577 15914 15541 12191 17578  8088
11477     101   472   969  3927  10502 14693 14691 24585 14690 18780
11478    1076  2606  3192  3457  15655 19043 18630  6541  6875 24953
11479    3923  1157   756  3951  24387  7069  7072 24388  7073  8290
11480    1589   577   365  3859  10310 14742 14745 24954 14741 24910
11481    1138  1092  3148  3157  14095  5521 18492 11205 18490 14324
11482    3507  2511  3556  3836   6923 18558  5366  5363 16014  5367
11483    1356  2313  3912  3950  24145 23293 18392 24947 16470 15703
11484    3702   618  3965  4008  24618 17727 24955 24643 24632 16549
11485     337  2108  2559  3807  20261  5025  9367 20263  7632 24956
11486     477   283  1714  3767   9955  9959 18708  4228 16951  9958
11487     976  1151  3714  3954   6794  6798 23816  7495 22487  6797
11488    2354   926  2735  3953  18702 22706  6552 21099 24957 22707
11489    1785   244   561  3859   6278 19779 19781  6283  6279  8411
11490     707  3060  3473  3726  22050 11261 22330  4995 22692  6776
11491    3456  3325  2746  3030   4778 23743  4713  4716  4780  4714
11492     501  1466  1677  3446   7541 15629 19019  7540  7543 22448
11493    2298  1963   572  3938  10008 17945 17944 18226 10356  5675
11494    1717  1737  2938  4002  15460  4873 19666 19488 19665 19522
11495    1989  2572  3073  3375  22533 22181 22182 21556 11625 23357
11496    2622  2675  2794  3191  19310  8057 24578 15541 24958 21750
11497    1717  3414  3574  4002   5132  4873 19523  7874  7872  5622
11498    2038   618  3702  4008  17727 16702 12952 24955 24632 24688
11499    3175  1151  3302  3954  23188  4275  4912 14233 22487 14232
11500    1055  2675  3551  3766  17577  7470  8085  8088 15914  8086
11501    1501  2213  3377  3898  12466 12470 23929 17576  5197 12469
11502    3754   662  3835  4025  10020 10024 24353 17703 17700 10023
11503     931  3699  3926  3965  10901 16552 24959 10902 10904 16551
11504     365   577  1464  3859  13525 10310 24954 19362 14741 24933
11505    2713  2784  2921  3881   8831 18171 18348  8832  8834  5553
11506    2735   926  2792  3953  18700 18702 21099 24896 24957  8652
11507    3069  3472  3729  4033  19420 19318 19322  5306 19317 19418
11508    2327   105  3551  3766  17577 17959 13089 13085 17691 12195
11509    2419  3075  3580  3672   6003 13729 18531  6002  6005 22274
11510     354  2045  2812  3632  16615 23644 23645 18058 10235 22175
11511    3267  2783  3407  3968  18900 11575  5426  7619 18901  7617
11512    2099  1020   277  3673  14771 14768 18885 24960 18886 14769
11513    1226  2016  3444  3678   7114 22888 20080 14459 14457 14626
11514     715  1448  3366  3576   5526 15760 15762 12336 12377  7724
11515    1084   498  3269  1048   9819 16512 24824 15774 15776 16514
11516    1020  1036   125  3673  19405 18886 18884 19404  6429 21034
11517    3328  2043  3682  3727  11870 12571 16088 16085 12770 12570
11518    3060  2894  3162  3769  15078 19389  7556  9237  9669 19388
11519    2671  2449  2873  3211   4950 18221 22233 18541 21282 17756
11520    2454  1036  2099  3673  14768 13067 13066 18887  6429  6105
11521    2627  2919  2798  2920   6660  6664 20283 20285 11847  6663
11522    2733  3129  3290  3547  24899 24898 11856 19759 22970 19540
11523    2666  2680  2970  3453   7691 10717 24547 24546  9923 10716
11524    1028  1146  1112  3251   7789 19439 19437 19431  6999 19773
11525     467   103  1391  3563  23875 16736 24260 21877  4541 15493
11526     480  2396  3622  3962  16990 17965 22672 24327  4647 15720
11527    3563    81  1203   467  16735 16736 20803 23343 20804 16734
11528    1521   501  2855  3603  15053 13367 23808 15628 15630 10171
11529     511   490   103  3563   4541 15016 21917  4542  4544 15020
11530      42    41  1971  3568  11944 13970 24904 10353 18080 13974
11531     137  1712  3120  3600  14788 10506 10509  7390 10510 13058
11532    2531  2246  2250  3242  24166  7419 21698 24961 16571 19929
11533    3044  1852  3666  3715  13236 17582 17584 10386 16680 18180
11534    2431  1934  3056  3354  19865 11097 23995 13132 19866 23682
11535    1694  2287   525  2832   7464  9129 22661  7468  7465  9133
11536    2920   682  3610  3883   4412 10777  5413  5410  6299  5409
11537    2362  2363  3331  3962  17077 11066 16075 16073 19497 15386
11538    2942  3149  3663  3802  14848 14246  8071  8068 12035  8072
11539    2718  2760  3160  3632  13957 17023 13090 15692 16912 19629
11540    3410  1596  3669  1174  16588 23022 17803 16591 16590 11347
11541    2140   975  2371  3453  22917 19698 23798 24962  5272 24963
11542     463  2140  2371  3453  22917 19701 19699 24963 19698 22915
11543    1028  2073  3251  3760  19845  9552  9556 19838  9551 19439
11544    1603  1096  2972  3327  16041 18390 18391 17472 17473  5611
11545    2805  2948  3497  3883   7370 10780 12298 12300  4416 12299
11546    2209  2206  3079  3949  12723 22444 24439 23642 24964 20462
11547     216  1658  3122  4021  18725 19130 23549 15626 23550 19844
11548     441   200  2472  3246   9856 11894 24965 19264 19159 13383
11549    2162   233  2554  3853  12553 11580 24966 21771 21773 24708
11550     966   883  2743  3429  17335 17333  7342  5542 18329  7343
11551    3201  3054  3323  3882  14143 14559 21485 23385 11133 14560
11552    3369  2229  3497  3999   7687 19562 15859  9236  9232  7371
11553    1445  1030  2359  3169   9298  9190 24765  8498 12041  9302
11554     193   394  2563  3664  19608 16148 19581 19635 15121 19649
11555     922   383  2393  3394  10848 14424 21797 10849  9478 13935
11556    2647  1930  2934  3102  11105 11351  6984  6980 11106  6979
11557    3109  2920  3280  3292  14983 14112 11849 11939 14984 11938
11558    3841  1583  3869  4013  12512 16483 17319 12513 12515 14179
11559    2678  2706  2890  3627  13820 14652 14654  9647  9297  7208
11560    1256  2371   721  3453   5269 20817 24400 24967 22917 20818
11561    1431    67   735  3349  17276  5889 24448 24968 24446 18898
11562    1204  1060  3186  3620  16164 17484  7583  7580 20823  7584
11563    3372  3384  3566  3784  22539  4314  4312  6478  4311 17947
11564     785  2300  3747  4014  11312 11315 18243 11621 19960 11314
11565    2934   839  3605  3620  15437  9225 16942 10336 18975  8962
11566    2550  3258  3661  3837  10737 16864 19073  7182 13924 14266
11567    1571  2353   573  3154   8611 15470  5059 15817 13245 16947
11568    1505   384  1094  3294   9342  9341 17858 18088 18086  9344
11569    1326  1319  3625  3872  21964 17019 24969 24970 24971 24789
11570    2921  2748  3094  3760  11332 10187 10185 20800  5158 11330
11571    2798  2722  2920  3292  14984 20165  6665  6661 14985  6660
11572    3089  2515  3509  3836  10126  7116 10898 10125 10122 23638
11573    1846  2697  3361  3479  16525 22106 22380 18648 18649 22381
11574    2237   527  2263  3485  24318 12121 19572 20588 19571 24345
11575    2832  3406  1694  3603  15520 11507 18396 16343 12227  9129
11576    2429   120   397  3258  13928 13926 23072 19074 10972 13925
11577    2330   129  3377  3436   4516  4520 23229  8102  6707  4519
11578    3240  2437  1776  2565  23593  8074  5881 18294 15746 18293
11579     827  3458  3585  3995  15374  8369 23145 24111 15412 17670
11580     330   788  2446  3491   9053  9057 24972 24894 14778  9056
11581    1188   599  2385  3997   6410 16182 20207  6415  6411 24458
11582    2260  1408  1946  3600   9881 13291 22621 15467 15469 24740
11583     655   594  2804  3943   8054  9901  9899  6124  8055 16141
11584    1837   478  3186  3630  23443 22554 22557 23843 22558  8152
11585    2386  1846  3361  3479  16525 16524 24833 22381 22106 14498
11586    2071  1218   758  3481  10929 15310 16105 20434  9184 24334
11587    2854  3041  3097  3492  14827 13994  7871 13477 13992 18665
11588    2244  2073  1468  3760   9555 16290 13486  9554  9551 16293
11589    1781  1780   306  3860  20602  7361 24337 24973 24338 23534
11590    2694  2832  2855  3603  15053 15057 21571 10170 11507 15056
11591    1630   994  2949  3552   8530  7812  7816 18027  7811 14223
11592    1549  1686  2924  3443   8138 18618 18743  9352  8843 17838
11593    2106  2120    27  3274  15954  4724  4728 15955  4723 23356
11594       1   623  2884  3729   8165  8384  8382 22857  5310 11273
11595     218  2044  3747  4014  11312 17249 20475 21239 17388  4645
11596     918  1662  3184  3996   4418 11592  4805  4807 10928  4804
11597    2719  2796  2813  3540  16825 16823 16300 21667 20569 16824
11598    2715  2841  3141  3363  20907  8784  8781 24718  8782 22377
11599    2031  2745  2914  3356   9026 19288  7950 18863 10732 21480
11600    2874  3252  3359  3543  12815 21435  7123  7120 12817  7124
11601    2117  2545  2118  3737  21516 21519 24974 22742 19149 21518
11602     703  1093  2665  3418  24264  5705 14515 21251 23552 24263
11603     357   360  3309  3911   4939 22499 10524 10526 19182 10525
11604     260  2558  3602  3930   4406  4410  7063 11562  6831  4409
11605    2841  3110  3141  3837  19493 20696 24179 23378 21851 24718
11606    3159   646  3356  3802  15916 10941 10942 14093  9248 11607
11607    3386  3645  4005  3771   5977  6018 16660 14298 14299 16661
11608    3225  3537  3794  3840  12935  8230  8234  4372  8229 15226
11609     709  3271  3277  3424  14316  8670 22338  5294 12868 22339
11610    2432  1807   497  2906   5229 17129 24975  5228  5231 17128
11611    2406   991  3785  3861  18941 21231 21229 11736 18942 23588
11612    2641  2852  2972  3327  16041  9322 12549 15283 11308  4291
11613    2556   770   771  3304  14904  8063 24871 14905 14907 16310
11614    1885   756   714  3951  14281 14279 22547 24575 24387 14280
11615     200  1206  1128  3074  23982 22416 24976 24977 20550 19265
11616     381  2578   382  3936  20455 21730 24676 23768 20647 21729
11617    2182  3225  3537  3645   4340 21680 15067  8234 24652 12904
11618    2732  2627  2782  2790  23497  8463 15661 15664 20284 15662
11619     671  3213  3713  3730  23973 19999 21946 23972  8032 19169
11620    1200  2263  3282  3485  13007 13011 20589 20587 24318 13010
11621    1928  1344  2638  3752   5392  7995 17302 10421 10423  6451
11622     569  3084  3235  3565  21509 21983  9675 12616  8649 12615
11623    1423  2268  3612  3693  11728 21436 23637 10623  9330 15097
11624    1224  1553  2648  2676   9340  6149 12734 15745 24523 23431
11625     549  1777   548  3782  23461 17574 17572 24978 17571 23459
11626     278  3272  3409  3831  22476 17211 17209 18445 17210 18448
11627     331   909  3067  3892   8093  8090 22874 10292 23894  8091
11628    3248  2605  3276  3654  10037 18132  7924 13328 14061 11147
11629    2681  2685  2739  2770  11516 17982 17419 19447 17981 24419
11630    1157  3923   756  2582  22466 19246  7072  8290 18158 24388
11631    1736   470  1622  2940  10249 21240 24240 21627 21628 22663
11632    3118  2961  3271  3341  14317 18595 19033  6917 24562  7807
11633    1672  1569  2584  3951  13310 13309 22125 24647 18143 10158
11634      87   841  1842  3648  15853 10754 24474 15854 15855 18429
11635    2066  1102   302  3588  21411 16632 16630 21415 11138 11671
11636    1083   534  2728  3157  11406 12665  9213  9216 12663  9214
11637    3265  3368  3465  3746  16426  4242  4240 10570  4239 22204
11638     764   847   106  2930  13481  9954 16055 14902 14898 13483
11639    3271  2961  3277  3341  14318 14317  6917  6029 24562  5294
11640    1730   530  2747  3485   8188 21095 11218  8963  8965  6785
11641    2232  1684  3185  3443  13270 18616 18669 10195 13271 18670
11642    3102  2962  3314  3394  14423  9689 11104  4403 14505 13826
11643     311   693   918  3184   4804  4803 20658 22541  4421  4808
11644     482  2134  1950  3233  11686 11684 23696 19111 21313 11683
11645      60  2801  1008  1739  21813 14167 14163  6339 13793 24606
11646    2123   127  3424  3993   8667 12509 13186 10538 23200 12508
11647    3479  2948  3610  3764  13255 16523  4610  4415 20673 19247
11648    2839  3067  3213  3730   8032  8036 18116 18118  8092  8035
11649    2259  1046  1983  3247   6504  7679 21930 19899  5842  7680
11650    1476  1363  3043  3179   4148  4152 13437  4990 17603  4151
11651    2908  1679  2915  3859  16415 15158  7316 17274  9577 16375
11652    2924  2234  3066  3731   8520  8519 13420 13430 13421  8142
11653    2933  1325  2962  2984   6855  8955 23061 12148 12145  8315
11654     359  1245  1240  2654   5189 15654  4830 24979 15653 24507
11655    2949  2718  3399  3552  14511  8530  8528 18122  6741  8394
11656    2671  2333    66  1517  24511  6387  6390  7356  6388  7355
11657      70  2365  2260  3116   6968 13293 16582  6967  6964 13292
11658    1984   333  1018  3268  14569 10330 18202 14574 14570 24980
11659    2790  2798  2919  3050  17403 17402 20282 20285 24981 12854
11660    1748  3074  3098  3334   8343 21878 12272 16236 20594 10916
11661    2667  2775  2852  2989  21142 14549  8134 11309 11778 22269
11662    2198  1766  1035  3048  10117 14501 14500 24982 10768 10152
11663    2602  2601  2829  3761  13595  5780  6828  6825 19736  6829
11664    1495   737  1494  3482  22154  8377 18913 24983 18912 22152
11665    1411   312  2581  3448  11534  6948 19847 11539 11535 24984
11666    2621  1249  2666  2749  12801  4979 22130 19932 19933 12800
11667    1325  1493  2226  2962  17269 12148 12146 17715  8632 17713
11668    2524  2525  3522  3706  17924 19209 24985 17928 17795 24986
11669    3636  2945  3676  3673  10964 10968 17812 18280  6471 10965
11670    3307  3249  3545  3805   6213 12557  9002 16931 12559 13467
11671     731  1529  3032  3041   8012  5233  5237  8016  5232 11119
11672    1267  2663  3226  3227  19913  5438  5442 15204  5437 19910
11673    1093  2665  3418  3443   8842 14516 21251 24264 19967 23552
11674    1306  1300  2104  3319  10543 20959 24987 19299  9986  9837
11675    2875  2192  2906  3083  13611 17732  9022  5826 15636  9021
11676    2093  2467  2193  3036   6309  8595 17446 24152  6936  8596
11677     263   848  3316  3680  10088 10087 10089 15773  6624  8581
11678    1210  1696  2987  3034   9829 21526 21189  6023  9830 17142
11679     899  3499  3498  3733   4115  6057 11697 22290 11696  6056
11680     982  2355  3639  1674  22018 11912 24324 13905 22461 22019
11681      10  1093  2433  2665  19731 11448 23008 23252 21251 19730
11682      10  1474    11  2665  21252 11448 24988 23538 21156 23007
11683    1471   860  3812  3992   6059  5515  5519  5721  5514 11704
11684    1578   600  3068  3295   8135 13346 13349  4683  5797  8910
11685    1273  1276  2752  2824  16679 13025 13023 24989 13022 16678
11686    2469   240  3284  3836   6924 13361 18296  6395 14597 20355
11687    1193   902  1563  2903   7313  5606 10146  7312  7315 20312
11688    1371   234  2767  3182   4101  4134  7767  5956 22245 13797
11689    2369  2158  1540  3301  11866  8450  8454 16792  8449 21644
11690    2972  2805  3538  3569  14528 17025  5457  5459 21549  5458
11691    1675   761  1627  2949   8763 23306 24990 21375 21373 23114
11692    3499   999  3610  3733  11650 11696  5987  5983 11695  5982
11693    2684  1249  2762  2807  15323 24589 24991 22131 22129 22193
11694     775  1952  2348  3032  22366 11160 14230 22367 14228 23427
11695    2611  2612  2654  3617  15652 23629  8558  8561 23364  8559
11696    1848  1499  3243  3718   5785 11142 17387 15297 15295  5450
11697    1971  1417  3235  3471   7905 10354 24992 24209 20835 11943
11698     327  3014  2789  1412  24535 24993 24798 16685 24994 24741
11699    1559  1462  1089  2806  20523  9019  9017 16695  9016  9160
11700    1263  1269  2637  2759  13825 13823 24115  4524  8335 13822
11701    1272  1279  3743  3909  12585 24995 21609  4635 12586 21608
11702    2167  3220  3440  3923  12463  8291 19127  6576  8483 12464
11703    1357   275  3145  3637   4604 11950 11948  8018 11947 16803
11704     272  2311  3313  3734  10836 22608 12942 10837  8855 12943
11705    1440   593  2906  3083  13611 13608 24996 13660 15388 13609
11706    2696  2695  2773  2952  18049 15005 12526 17617  9189 17616
11707    2350  3252  3408  3589  11547 11551 10227 12403 11772 11550
11708    2810  2592  3263  3773  15940 15941 13096 13655 20530  4744
11709    3249   395  3645  3875  24223 17303  4342  4344 17306  4341
11710     827  2025  3458  3621  15411  8373 18889  9243 18890 23145
11711    1510  1824  2705  3345  14610 15268  4249  4245 14611  4244
11712     362   364  2696  3712  15647  4470  4069 15648  6951 18063
11713    2429   429  3803  3837  10704 13927 14884 11321 14881 20022
11714    2929  2822  3222  3687  10009  6199  4574  4570 21873  4569
11715    1677  1521   501  2855  15628 21075 24536 23808 10171 22448
11716    2606  1265  2661  2774   6461  9039 24997  6460  6463  6540
11717     284  2028   170  3061   6648  8928  8929 15912  6906 23794
11718    3105  2634  3114  3161  24498 16159 23296 14188 11385 19195
11719    3041   731  3539  3564  18069 19877  5233 18092 11120 13993
11720    3413  3460  3555  3981   7704  6915  6912 19397  6913  7496
11721    2649  2813  2951  3099   8990 11058 24745  4141 13668 14992
11722    3055  3481  3657  3816  10868  6420 20681  9179 15309 20822
11723     343  1076  2606  3192   6541 17502 24998 18630 24953 17501
11724    2342   214  1724  3041  10001  9116 24999 21733 21734 25000
11725     457  2373  3084  3565   8649 18793 18794 12412 12414  9672
11726     883  1230  1716  2743   7340  5542  5540 21742  5539  7344
11727     148  2220  3234  3985  18279  6173 24557  9776 17170 25001
11728    3111  3189  3246  3848  12152 11288 21016 11056  4528 19128
11729    2718  2688  2877  3831   6550 23092 12562 12563 21266  5486
11730    1360  2123  1359  2986   9558 14088 12507  9559  9561 11001
11731    2387   979  2816  2892   4522  7732  7730  9193  7729  7916
11732      47   734  3176  3750   9963 12245 23133 21449 21893 12244
11733    1356   385  3581  3880   5292 18394 15704  9620  9617 18393
11734     358   362  2918  3712  18062  4466  4469 18065  4470 24752
11735    2943  2988  3032  3421  12594 11250  6271  8014 11249 17650
11736    2841  3110  3837  3853  10702 14622 24179 21851 12080 20696
11737     553  1065   518  2634   7022 11389 11387  7027  7023 23504
11738    1574  1831  3145  3605   6315 18798 15726 13997 13999 15723
11739     850  3340  3840  4018  20126 16530 15044 20171 16529 20128
11740     306  2252  2570  3073  20603 20601 25002 25003 21560 20600
11741     448    49  1582  2875  12521  8277 23096 16622  6698 12523
11742    2420   148  3234  3985  18279  6176  6174 25001  6173 24921
11743     641  1648  1499  3718  15295 11926 23951 22371 20224 20399
11744    2082   609  2067  2885  16644 19812 19811 24204 10880 24381
11745    1965  1111  1376  3486  14177 14174 24900 24423 10957 14175
11746    2718  2735  3144  3549  10828  6742  5483 24304  6265 17607
11747    2715  2679  2859  2883   7428 10444 18372 19462 18373 13560
11748     168   169   820  3782  24634 25004 25005 25006 17570 25007
11749    2690  2742  2785  2869   9256 18985 25008 21671 19775 22859
11750    1362   966  3268  3429  17332 18328 10332 10334 17333 10331
11751    1304  1479  1301  2829   6826 25009 25010 21537 12371 25011
11752    1493  1325  2934  2984   8961 12147 12146 18925 12145  6983
11753    1200  1847   635  2693  12992 13009 15510 18207 18209 25012
11754    3234  3410  3984  3985  15043 18279 12702 18212 10958 23471
11755    2898  1757  3131  3256  10565  9439  6138 10806 11041 10564
11756    3290  3303  3547  3994  22969 19758  5684 23579 23580 24899
11757    1605  2822  2923  3222  16411  8599  8601  9761  4570 20245
11758    1399   699  3044  3715  17582  7826  7824 17585  7823 21270
11759    3325   340  3456  3719   4715  4712  6571 23742  5005  4713
11760    2842  2934  2984  3605   6319  6316 10840  8961  8962  6317
11761     418  1097  2779  2963  13211  7139 21994  7221 21995 24733
11762    2934  2647  3102  3190  20298  9228  6979 11351  9226 11105
11763    2883  2695  3072  3641   8535  8532 11369 11370 19219  8533
11764    2080  1212  3369  3999  19562 25013 16350 16349 25014 14005
11765    1337  3066  3157  3185  17165 10192 10196 14105 10191  9759
11766    1837  3186  3209  3630  23442 22554  8152  8149 23443  8153
11767      32  2450  1438  3061  24233  4689 24182  6870  6905 21947
11768    3005  3004  3587  3706   8813 13197 17796 15886 15884  5740
11769    2744  2652  2883  3052   5343  5340 22001 22000  6740  5341
11770    1778   824  3415  3779  24287  9289  9292  8823  9288 25015
11771    2588  1323  2933  2967  13275 13274 25016 22580  9041 13273
11772    2704  2707  3088  3738  12074  6770  6769 10609  5299  4893
11773    2706  2670  3297  3627  14408  9297  9295 13003  9294 19858
11774    2546   766   190  3382  25017 22020 24834 25018 13901 12920
11775    3386  4005  3249  3819  15642 15871 16661 15641  4370 16662
11776    2761  2729  2833  2962   9534  9532 11424 11609  4147  5866
11777    2350   524  3408  3561  12402 10228 11549 11552 20521 11550
11778    2641  2620  2931  3761   8857 21410  4288  8861  8858  9321
11779     474   100  2338  3893   5939 15286 24046  5811  5940 15287
11780    1438  1338   927  3108  20480  6871 17192 23107 17191 21639
11781     368  2442   741  3710   8444  7536 24881  8445  8447 25019
11782    2826    58  3243  3739  20338 20339 18439 22576  7963  8241
11783    1510   438   784  2705  16403  4244  7170 16402  7169 19262
11784    1616  1614  3796  3998   5581  8798 19906 19907 21350  8797
11785     221  2118  2545  3698  19148  4511  5096 22742  5095 23791
11786    2179  1981  3606  3612   8169 12690 12688  5086 12687 21202
11787    1204  1091  1060  3620  20823 17484 17483 25020 15336  7583
11788    2760  2831  3072  3419  11493 18719 23613  8698 11494 15691
11789    2674  2604  3146  3297  13604  8713 15228 13605 13606 20049
11790     553  2634  2832  3161  10862 11386 11389 15331 11385  9132
11791    1968   182  3114  3180  19194 24420 21847 21844  9974 13550
11792    1972  1367  3235  3471   7905 24208 24663 20597 17327 20636
11793    1836  3315  3406  3861   8079  8354 12544 12547 20156 12545
11794    3387  2029  3416  3719  18791 11113 20584 20582 19212 16688
11795    3576  2463  3679  3815  11475  6853 12211 12209 14440 12212
11796    1803  2461  2983  3601  16373 21397 21401 24658 21396  9409
11797    1103  1001  2882  2955  10679 10683 22614 10500 12065 10682
11798    2815  3067  3202  3447  10804 10802 18400 14613 19934 10803
11799    3145   861  3239  3637  20661  4604 19133 18967 19134 22655
11800    2942   144  3149  3991  11699 12182  8070  8073  6977  8071
11801    1089  1559  2806  3613  18602  9162  9160  9019  9159 20523
11802    3232  1573  3331  3349  20011 10706 21941 17198 17277 15564
11803    1643   230  2849  2910   4655 15304 19376  4654  4657 15303
11804    1573   735    67  3349  24446 17277 13079 24968 17276 24883
11805     924  2337  3815  3848  11286 19849 14447 14445 13381 14448
11806    1845  2578  3217  3440  15257 15259  4165  4161 20649  4160
11807    1034  1829  2562  3713   5586 19172 24806  5585  5588 19171
11808    3095   424  3137  3742  16656  4281  8941 19189  8937 12054
11809    1999  1968  3161  3180  14196 14199 22072 22071 24420 14198
11810    1500   256  2747  3399  21529 10114 22179 22177 22279 20802
11811    2869  2818  3391  3990   8211 12144 14346  9258 16106 24549
11812    3543  1987  3589  3762  24574 12814 24666 16453 19861 19678
11813    2050   430  3137  3275  16935 21078 10532 10529 13860 10533
11814    2607  2596  2634  2727  16978  7448 10832 15330 10831 21301
11815    2848  2641  2908  2982   8312  5462 21768  8311  8314 19409
11816    2603  2770  3076  3392  16230 18904 17028 18894 18893 21083
11817    1770  2169  2950  3440   6579 18563 22618 23444 20915 17769
11818     710  1729  1184  2907  14982 11694 11692 17743 10676 25021
11819      30   415  2028  3061   6906  9304 23865 15913 15910 10362
11820    2681  2815  3179  3787  24149 14815 14817  7042 14814 19056
11821    1458   397  2550  3837  16864 10741 17935 19076 11973 16863
11822     485  2418  3769  3813  20133  6099 23936  8704 21832 14868
11823    2324  2072   573  2991  22623 14264 21506  8609 22624 25022
11824    3002  2872  1660  3695  24719  7067  7065 15486  7064 15489
11825     639  1076  2606  2844  18629  7821 19044 18630 18632 16324
11826    2835  2901  3217  3322  22203 23867  6778 17441  6403 17440
11827    2594  2687  2828  2857   8898 17968 11426 20710 21044 17967
11828    1437  1803  1720  2983  24660  9405  9408 24659  9409 25023
11829    2331  2242  3045  3444  23243 16097 16100 18937 16096 18935
11830    2503  2504  3024  3369  15037 15788 21789 18685 18579 15789
11831    3259  3133  3410  3340   7162  7161 21500 18214 20172  7164
11832    1016  2687  2857  3744  15454 16809 23666 21044 19323 12787
11833    2540  2293  1003  2913  23537 21723 24255 25024 24254 13759
11834    1979  1886   245  2703   5885 18462 18463  5884  5887 25025
11835    1957   208  1122  3093  15103 15100 24748 21097  5389 15101
11836    1082  2635  2802  2985   7077  8509  6693  6695 12978  6692
11837    2906  1440  1381   403  24952 23480 13609 13612 25026 13610
11838    2470  1444  2727  2832   6596 10865 15771  6601  6597 10864
11839     262  3323  3827  3941   9703 17223 13856  7113 12006 20644
11840     567  2159   197  3138  10920  8205  8202 10919  8203 11810
11841    2884  3729  3792  4011   5369  5373  8165 11887  8481  5372
11842     202  2363  3117  3360  15175 23237 15824 15827 22958 15825
11843    1710  2300  1937  3774  12114 14833 14831 12115 12116 21447
11844     420  3245    86   992  13534 16319 16318 13531 11759 19283
11845    3497   411  3504  3569  18786  5431  5434 18788  5435  8307
11846    1328  1323  2588  2967  13274  9030  6678 25016  9041 22277
11847     787  1116  2567  3484  10176 17431 24763 23340 23338 21962
11848     728  1138   242  3157   5520  7595 18491  5525  5521 22039
11849     450  2548  3258  3651  13060 19472 19474 10969 19475 24361
11850     590   549   548  3241  23460 19814 23366 23459 23365 25027
11851     132  1234  3381  3723  21673 23648 17777 10077 21674 17774
11852    1819   528   269  3816  14636  7764 22454 23970 14101 24445
11853    3049  3147  3403  3710  19123  8443 15498  8267 24941 15499
11854    2218  2539  2219  3952  21171 21170 25028 22900 22904 16487
11855    2284   853  3056  3214  21043 22250 23660 23680 14834 13131
11856     220   846  3076  3238  17721 21903 21902 11986 16944 17103
11857    1437  1720  2915  2983   7006  9405 25023 20168 24660 23379
11858    1276  2734  2824  2987   5148 16822 23512 13779  9629 13022
11859    2984  2965  3098  3246   6800 12283  8953 11489 16286 11488
11860     440   162  2495  3539  18094 16260  4824 14823 16259 20269
11861     513  1834  2971  3128   8593  5640  5638 11460  5637  8591
11862    2800  2183  2963  3721   5648 20541 20611 12367  9231  4217
11863     768  1338  2425  3108   9005 24886 24885 25029 17191 25030
11864    1905  2817  2978  3124  12397 15274 15277 12401  4702 16769
11865    2650  2724  2800  2875   8562  8565 13463 23801 13464  8564
11866     566  2881  3723  3942  22899 16675 23289 21054  9544 20272
11867     353    14   982  3311  11914  6072  6070 11913  6069 22024
11868      14    13  3311  3425  18881 11005 11003 22229 10712  6069
11869    1473  1062  1378  2963   7138  7842 21274 25031  7011 24235
11870     285  2166   329  3231   4900  8803  8801  4899  4896 23151
11871    1041  3004  3003  3587  10066 22420 22418 15885 15886 16332
11872    2625  2673  2678  3106   9011 13242 11300  9014  6921  9175
11873    2063  2435  3420  3444  21920  5913  5917 20427  5915 17910
11874    1143  2154   383  3139   9477 21948 24396 20553 11872 21798
11875    2869  2818  2905  3355   9260 21112 14346  9259  9262 10604
11876    3333  3132  3895  3917   4729  6988  6986  4734  4730 22145
11877    2632  2701  2872  3153   7068  7126 11639 13050 19292 13053
11878    2736  2939  2986  3253  19826  4385  9947 12842 13984 17268
11879    2669  2631  2784  2990  15177  9745 13649 20492 19966 19300
11880    1347  1483  2677  3274  13371 13373 15814 15815 20953  9454
11881    1693  2181  1414  3619   8125 11993 22678 20314 12219 16399
11882    3674  3804  3879  3918   8522 24499 13259  8526  8523  9890
11883    1483  2069  2802   759  18487 18643 18134  6354 23713 18133
11884    2477  2032  1060  3726  20196 12611 12838  7585 11864 23830
11885    1186   806  2935  2240   5633 25032 23403  5632  5635 20873
11886     803  1748  3074  3098  16236 19818 12275 12272 10916 12276
11887     343  3193  3192  1267  17500 14124 14121 21514 14122 17502
11888    2800  2765  2875  2906   9021  7010  7007  8563  7008  8562
11889    2810  2752  2849  3229  21551  4743 13094 22027 16189 20286
11890     830   850  3133  3840  20028 20030 16007 16010 20128 16008
11891    1037   427  2229  2948  14254 25033 24172 25034  4615 25035
11892    2122  2939  2986  3155  11715 14062 24369 12842  9949  9557
11893     164   949  2541  3987  16485  7351 20200 24281 20201 23402
11894     128  2381  1631  3731  13418 21826 23010 22226 12390 24382
11895    2824  2361  3076  3495  18237 18239 15558 15561 22515 15559
11896    1441  1523  1399  3044  21270  5714 22957 24865 20849 25036
11897    1596  3077  3149  3669  14247 16591 20855 20854 21637 14736
11898    1312  1317  2607  2631  23261 19050 21563 18099 13646 23260
11899    2562   671  3713  3892   5583  5587 19173 19169 19997  5586
11900    2115    74  1765  2673   4099  4097 12746 22787  7864  4096
11901    2805  3497  3569  3883   8870 10780 12299  5431  7370 21549
11902    1729   112  1234  3723  21674 10677 10675 23854 10674 23649
11903    1957  1687   675  2649  21323 11063 14880 18331 12258 22251
11904    2950  3081  3220  3854  17178 19784 15184 13853  8206  6578
11905    2723  2882  3297  3486  21755  7294 11028  8981 10495 13006
11906    2740  3266  3268  3429  17332 21900 22255  9267 19645 22256
11907    2085  2449  2671  3211  18221 19940 21284 22233 21282  7578
11908    1076  2663  2844  3226  15203 25037 18631 15208 15204 18632
11909    2512  2509  2632  2701  11639 19202 25038 11640 11642  7129
11910     782  1865  2215  3584  21391 18742 24484 25039 16442 23369
11911    1793   502  2728  2887  12960 17031 11407 11410 12961 11408
11912    2762  2684  2807  2936  15322 15327 22193 24589 22192 15323
11913    2844  2954  3055  3481  20681 17767 22840 20531 22700 15757
11914    1424  1645  3238  3439   6167 20943 20945 16760 18153 23203
11915    3386  3557  3629  3847   9580  9970 15873  9581  9583  9971
11916    2559  1896  1161  3293  12773 20184 24895 25040 23242 20271
11917    1134  1368  2846  3206  17323  4191  8238  8235 21276  8239
11918    2415   413  3461  3462   9769  9773 21118 21120 16394  9772
11919    1851   469  3098  3246   6800 11891 11895  4123  6801 19161
11920    3059  2709  3305  3572  18233 18236 10287 12744 11186 12742
11921    1740  1993   176  3286   6294  6291 24797 13425 13427  6292
11922    1766  1099  3048  3099  10766 10769 17118  4140 11484 10768
11923    2596  2588  2634  2755  13195 23258 24496 13194  9851 15330
11924    1542  1133  3080  3179  14551 14554 24184 22004 22006 14553
11925    2736   793  3253  3346   4382  4386 16890 22878 16889  4385
11926    3550  2138  3827  3941   9703  9707 17695  8039 17696  9706
11927     516   626  1527  2788  13870  6094  6749 13869  6750 19807
11928    1582  2192  2875  3276  12946 12997 12524  9022 15633 12521
11929    2772  1297  2905  3059  10283 23729 24165 10288 10284 17792
11930    2734  2947  3204  3432  17553 19778 14997 22464 12200 13639
11931    2982  1794  3109  3338  15887 10054  9400 20495 13625 11043
11932    1087  3862  3878  4019  24332 23324 23326 23691  7454 25041
11933     729  1005  1004  3583  23560 23331 23329 23559 21650 25042
11934    1621  1026   934  3190  13146  8793 25043 14924 14925 16979
11935    2485  1815  3031  3200  11473 11471 23833 23122 24737 11470
11936    3705  3604  3821  3867  15799 15801 19158  7456 19650 14244
11937     191  1096  3327  3757  17461 19803  7137 17473 14645 12369
11938    2524  3004  2525  3706  17795 19209 25044 17794 15884 24985
11939    3065  1295  3305  3966   6165 18958 22780 22778 24473 12482
11940     622  2214  3275  3742  12674 17120 20085 10476 17310 17119
11941    1318  2888  3315  3406  12547  8083 23374 25045 15928 24875
11942     800  3838  3902  3960  23566 12122 11342 21980 11379  6439
11943     448  1600  1454  2875  21309  8277  8275 23546  8274 21312
11944    1238  3039  3421  3749  13962 10377 12596 12149 13963 12597
11945    3250  1208  3549  3552   6260  6264  7381 17731  7382  6263
11946    1933  2802  3093  3548  10109 10111  6350 18485 19537  5203
11947    2768  3447  3458  3621  15411 23075  4299 15410 15413 14478
11948    1171  1867  1816  2605  11111 17667 21327 14029 14027 17666
11949    2307  2308  3463  3547  22971 23673 23597  7377 24283 23596
11950    2901  2768  2950  3447   4298  7554 14278  4303  4299  6779
11951    1641   793  3253  3578   8397 12332 22876 22878 25046 12331
11952     399  1435  2923  3744  12013 20307 24286  8288 12014 16663
11953    2969  1914  3347  3744  16808 12502 12504 20410 12505 16811
11954    1164  2422   684  3215  13574  4948 23001 21932 21934 22035
11955    1208   445  3077  3149  20854 12040 12037 25047 12038 21638
11956     110  1859  1350  2808  20505 15540 19197 20533 19198 20509
11957    2752  1276  2776  2824  22028 16679 24989 23918 13022 19834
11958    2539  2218  1564  3952  24912 22904 25028 25048 21170 24913
11959    2675  3191  3297  3405  18905 16793 24958 14664 18906 21791
11960    2977  3247  3588  3667  11135 11779 19379 17136 17134 20139
11961    2776  2591  2927  2943   4622 24098 14999  4627  4623  7886
11962    2904  1177  3376  3942  12788 17164  8879  8969 12789 21279
11963    2947   258  3204  3432  17553 12200 12203 18311 12204 22464
11964    2692  2724  2801  2806  18604 17006 10698 10701 17005 10699
11965      82  1781  2570  3860  20599  7847 17602 23535  7361 23605
11966    1058  1728  2312  3076   4361 22161 22159 25049  5962 24343
11967    3407  3170  3904  3963  18113  5149  8321 20483 20485  5301
11968     989  2235  1450  3092  10950 23127 24270 10949 10636 22566
11969      74  2149  1189  2673   5036  7864  7862  5041  5037 21188
11970    2768  2698  2835  2901   6778 14278  4300 24687 14277 24339
11971    3821  3818  3929  4032  16017  7287  7285  4809  7284 14241
11972     688  1329  2840  3114  14190 23407 22612  9939 11367 22611
11973    3420  2242  2109  3444   5909 21920  6044 16099 16096 23069
11974    2695  2720  2760  3474  10940  8754  8757 23614  8753 15690
11975    2822  2761  3222  3687  10009 21873 15835  5869  8643  4570
11976      48   985   648  3276  10818 13000 23231 24876 23232 15939
11977    2371   975   721  3453   5269 22917 24962  5270  5272 24967
11978    1037  3479  3538  3757   5455 15977 19506 25050 10542 11748
11979    3435  2976  3705  3929   4813  4810 18453 18534 14969  4811
11980    2195   430    19  2677   4720 24524 22084 24866 13861 24526
11981    1462  1089  2806  3348  13515 12478 16695 20523 16696  9016
11982    1201  1218   211  3137  11844  6347 20433 11843 11846 22796
11983    1577  1576  1841  3492  24750 14829 20450 25051 20446 24749
11984     562  2046  2825  3015  23441 24817 25052 20371 22676 16029
11985    1573  3223  3232  3331  15564 17198 17201 13746  8419 21941
11986    1835  1723  2221  3064  14131 13812 24294 22536  8542 22457
11987    2331  1226  3444  3678   7114 19722 22530 14626 22888 16097
11988    1976  2493  2963  3236   4214 10592 10596  7142 10591 13210
11989     190  2546  3382  3651  24075 12917 12920 22020 12921 25017
11990    3397  3398  3636  3676  10965 12067  6763 18679 12066 17809
11991    3066  2434  3157  3461   7592 20702 10761 14106  9774 14105
11992    1703  3529  3642  3694   6332 23807 13917  7304 10795  6944
11993    2846  2676  3627  3718   5784 14603  8807  9336 17322 21018
11994    1483  2086  2677  2985   6232 12461 12459 15813 12458 15815
11995    2217  2779  2983  3395   7001  6548 20357 14716 18728 18727
11996    1978   210   440  4017   4820 19962 19963 24509  4463 24829
11997    2911  1921  3057  3346  16888 19688 13716 23622 19690 14118
11998     261   920  2326  3255  22056 24919 25053 22337 16387 11824
11999    2693  2830  3104  3282  12100 13012 22799 24192 11560 15935
12000    1182   113  1380  3204  13892  5021 24462 15233 15232 18692
12001    1186  2164  1127  3433  17537 20871 24168 24088 21603 20872
12002    1103  2257  1133  3080  22004 11126 11129 23882 11125 24706
12003    1166  1964  3535  3895   9093 23288 24488 14261  7773 23287
12004    1094   378  1765  3294   4095  9342  9498 17385  9497 22788
12005    1249  2621  2666  2762  15577 22131 22130 12800 20747 19932
12006    2719  2688  2796  3792  17108 22441 21763  5472 12561 16300
12007    2711  1701  3342  3551   4391  7165 17824 18789 20903 16640
12008    1519  1872  2086  2985  12458 12457 25054 17230  7076 12462
12009    3355  3262  3437  3941   9832  9704 21243 14946 12003  9700
12010    3079  2986  3346  3412  24390 18519 12843 17267 21032  4383
12011    2935  2706  3426  3551  10791  7167  9650 10794 10792 19935
12012     581   218  3224  3747   4643 17250 12967  4642  4645 21379
12013     764   544  2136  2930   4127  9954  9952  4126  4129 23845
12014     234  1371  2856  3182  12358 22245  7767  7766  4134  7215
12015    2018  2019  3662  3696  15919 23130 23128 19038 14403 25055
12016      10   134  1474  2665  21156 11448 23884  9517 21591 24988
12017    2752  2776  2810  2849  20286 22027 19834  7888 22026 13094
12018    3255  2831  2720  3606   8172 17421  8699  8171  8174  8700
12019    2069  1933  2802  3093  18485 22528  6353  6350  5203  6354
12020    2720  2661  2816  3612  14975  8173  8586  6462 11729  8585
12021    1309  1314  2631  2767   4102 23154 21863 15348 15300 19048
12022    1872  1519  2802  2985   7077  7076 25054  6351 12457  5110
12023    2672  3169  3608  2748  10846 10845 18223  5467  5157  8380
12024    1880  1877  3019  3490   4185 24130 25056  4186  4188 24134
12025    2952  2696  2978  3408  11907 15006 15005 12399 14942 12804
12026    2363   202  3300  3360  14077 22958 15824  8421 23237 16095
12027    1322  2226  1325  3689  23409 23590 21136 17713 24849 23062
12028    2232  2417  2433  3185  19729 18670 18668 24517 12809 23999
12029     460  1365   840  3308  10396 15532 24097 22058 19894 21778
12030     946  1541   266  2809  20651 14658 15272 17986  6808 16232
12031    2807  1277  2936  3261  12722 24590 23353 13556 24099 15322
12032    1613  1614  3330  3796  20655 20654 16045 21351 19907 18585
12033    1846   560  3361  3571  22379 15717 22977 25057  7974 22381
12034      56  1388    57  2826  18437 15659  9050 24142 24143 22414
12035    2070  1489  1432  3106   9102 19017 23411 23891 10043 25058
12036    2881  3376  3723  3942  22899  9544 21952 21710 12788 21054
12037     425   437  3887  4027  11722 15617  7053  7055 20081  5557
12038    2848  2790  2919  3200  12853 24113 20735 12854  7397  5461
12039    3365  1360  3412  3424  23765 15013 24602 24601  4986  6205
12040    2622  3167  3297  3417   8708 20630 17816 13603 20047 14665
12041     812   533  2677  2985   6232 23266  7518  6237  6233 10895
12042    2853  2791  3108  3491  18513 14775 14959 14922 21568 12708
12043    1133   535  1542  3080  14553 22004 23881 22104 18047 24184
12044    1548  1190  2804  3943   8054 12645 12643 16961 12642 16960
12045    1653  2456  3476  3767  12249  4076  4079  9600  4080  9599
12046    2542   322  3428  3957  23657 22155 23113 19512 24779 13154
12047     680  2059   669  3569   4616  4620 22092 21003 21515  4619
12048     286  2786  2808  3099  21751 13949 13951  6816  8720 20508
12049    2761  3222  3687  3938  10006  5865  5869 10009  5864  8643
12050    2760  2786  2831  3419  11494 18719 18766 20916 19181 23613
12051     366   464  3210  3406  10581 12226 13410 10586 10582 13411
12052    2685  2681  2739  3179  23143  7044 17419 24419 19056 19447
12053    1604  1095  3034  3944   5894 20117 20125 12409  5921  6181
12054    3908  1480  4022  4028  24649 16772 19745 19741 24329 15368
12055    1265  1262  2606  2661   6540  6460 16538  8640  8641 24997
12056    2520  2521  3011  3047  17751  7406 25059 23948 22395 25060
12057    2877  2889  3901  3831  11836  6550 23304  7335 24467 11834
12058    1908  1907  2817  3124   4702 15276  7792  4701  4704 15275
12059    1144   388  1960  2669   9748  6373  6370 11600  6371 21707
12060    2660  2659  3205  3470  18809 24150 21817 13289 13047 21816
12061    1199   707  3060  3473   4995 24888 22331 22330  6776  6973
12062     979  2637  2816  2892   4522  7729 17114  4527  4523  9193
12063    2167  2950  3220  3854  17178 12020 18142  6578 19784 19127
12064     216  3122  3494  3664  19336 16144 19844  4757 18726 18175
12065      59   828    60  2806  19468 22243 22426 19467  9015 14165
12066    2486  1183   882  3202   5592  7198  7201 24700  7202 23174
12067     698   917  3687  3815   4172 13316 13317 15894 12278 10618
12068     882  2089  3202  3422  10633 10632 21825 18753  7530  5592
12069    3333  3132  3799  3895  24307 22145  6986 23984  4734 21804
12070    3004  2524  3003  3706  10068 15884 25044 19207 19209 15885
12071    2650  2724  3348  3466  14564 18818 13463 16031 16032 16555
12072    3348  1089  3613  3626  15032 15035 16696  9162 20356 15034
12073    1088  1257  2778  3417  23446 12108 17847 17844 23466 17848
12074    1270  1269  2759  2816   8336 19763 19795  8335  4525 24531
12075    1000  1772   261  3606  11823 12158 13376 25061 17422 24267
12076    1522    52  3294  3721  19373 23662 23663 19374 11520 21696
12077     277  1020  1232  3607  10645 16476 24960 19168  7158 23654
12078     962  1132  2897  3996  17309 16040 22905 18185 18182 14444
12079    3060  3162  3190  3726  13145 22692 19388 21145 12603 20787
12080     759   747  2069  3093  22528 18488 21675 22529  5206 23713
12081    2512  3001  2514  3153  14663  7130 20565 24519 20564 14661
12082     318   317  3478  4015  25062 17782 17784  8987 17785 24004
12083    3150  2327  3695  3706   4866  4870 23458 19891 19889  4869
12084    2776  2734  2947  3380  22463 22616 15001 14997 13778 14996
12085    1940  1203  1025  3186  17467 24711 25063 25064 21218 24917
12086     824   210  3564  3779   4461  9288  9291  4462  4464 12819
12087    1594   223   658  3327  10098 10102 19411 20773  9848 10101
12088     620  1926   919  3725  18721 22015 20472 18722 18724 25065
12089     314  3334  2099  3673  14768 14767  6107  6104 16873  6108
12090    1760  2108  1823  3807   5170 11244 11248  9366  7632 22002
12091    1734  2155  3194  3491  18511 23775 23778 18514 18512  8402
12092     366  1694   464  3406  10582 12226 15519 23960 16343 13410
12093    3221  2942  3834  3991  12181  9810 19234 12184 12182 15782
12094    3129  2855  3463  3583  21533 23206 11855 21244 20850 19760
12095    2693  2830  3568  4011  19187 15937 22799 15109 12061 18083
12096    2092   754   187  3854  11192 11189 20392  9150 11380 11190
12097    2346   450  2548  3258  10969 17343 24121 19474 24361 22135
12098    1819   528  3816  3996  20680 22438 22454 14101 22455  7764
12099    1600  2875  2906  3721   5652  5649  8274  9021 20539  5650
12100     652  2352  3851  4024  14026 24043 16901 16902 20073  9079
12101    2215  1865   460  3584  21394 21391 25039 23493 16442 21392
12102     178  1515  3433  3691  13586 24475 18017 18016 24607  6324
12103     666   662  3468  3988  18781 18784 20821 21050 15213 18783
12104    2860  3107  3317  3991  22478 13834 23943 22482 22479  8097
12105    1038  2840  2991  3861   7649  8350 16593 13817 24847 16594
12106    2603  2681  2824  3076  15559 21083 21715 13021 18240 21082
12107    2618  1314  2619  3105  23234 18365  7104 25066 19059 23236
12108    1338   927  3108  3491  18513 13127 23107 20480 14776 17191
12109    2122   457  2373  2939  15768 24369 24791 18794 22217 24368
12110    2685  2674  2739  3197  11513  4787 22594  8710 11515 19447
12111    1361  2943  2947  3421   7957 12424 12426 20635 11250 11975
12112     330   279  3491  3709  18275  8554  8552 24471  8551  9057
12113     777  1455  3048  3099  10766  8724 10440 10770 10436 11007
12114    1980   703  3418  3443   8842  8845  5708  5705 10347  5709
12115    1066  1422  3160  3459  12685 14797 16340 16337 20412 16336
12116     497  1078  2432  3354  17130  5230  8944 19500  8943 17128
12117     887  1667   755  3584  20586 17805 22370 22037 21390 17761
12118    3451  3069  3472  3729   5306  8161  8023 19322 19418 18612
12119    2785  2818  3123  3958   9123 21839 14349  9128  9124 22561
12120     309  1653   179  3405  15953 23013 25067  9602 12251 20088
12121    3722  3794  3842  3851  14709 12476 12474 17196 12473 13766
12122    1929  2713  2737  3795   5551 25068 25069  5552  5554  7748
12123    1602   646  2914  3356   9026 14094  9249 21481 14093 21631
12124     165  2067  2094  2885  18650 17032 24404 23986 16644 14431
12125    2774  3039  3316  3997  11276 23796 16509 15377 15378 13098
12126     868  1172  2907  3561   9389 12536 15582 10925  6722 23063
12127    1387  2886  3106  3308   6918 13895 21026  5063 23285 14733
12128    2781  2894  3166  3769   9666 21862  9242  9667  9669 23371
12129    2657  1269  2774  3680   7107 19222 19220  7108  7109 16508
12130    2332   920   605  3321  18861 15985 24760 16385 21866 10494
12131    1967  1098  3092  3718   8459 20221 23208 10755 14601 14367
12132     997  2822  2929  3233  24520 11673 15219  4574 15216  5774
12133     309  1661  1042  3967  11195 20089 20087 25070  6898 21162
12134     917  3575  3687  3815   4172 12278  5224  4177  4173 15894
12135    2778  2777  1088  3417  12108 23446 23447 12112 12109 17848
12136    3842  3722  3925  4027  15613 13763 13766 12453 13767 13321
12137    2972  1617  3327  3336  22141 20452 20772 10099 15481 16041
12138     934   565  2030  3726  12356 13148 25071 12355 12353 20198
12139    2701  2078  2794  2940  17623 17010 13663 23940 17139 17622
12140    2520  3515  3047  3514   9637 20326 25072  9604 20260  7406
12141    1026   804   565  3726  12353 14923 19241 12602 11265 25073
12142    3445  2893  3804  3825  19952 17690 19490 24330 19491 19257
12143      42  1834    47  2971  10106 11679 18276 12411 11460 11678
12144     215  1915  3748  3903   7323 20321 13014  7324  7326 20322
12145     565   934  1026  3726  14923 12353 25071 14924 13148 25073
12146    1832   994    70  2949  18026 14226 23255 16583 18027 25074
12147    2043  2395  3682  3727  11870 12770 12808 11871 10255 16085
12148    3267  3629  3633  3922  19146  4170  4168  9584  4167 19514
12149    1339   837  2037  3582  22341 16789 16787 22342 11782 25075
12150     933  1360  3365  3424  15013  4988  4985 24602  4986  6209
12151     324  2332    84  3321  10212 20363 20366 15989 15985 18547
12152    1418  1011  3869  3968   6013 16502 16500 23053 16499 23914
12153    1961  2045  2451  2812  18165 21235 25076 18164 18058 19070
12154    1646  1545   552  3397   6766  7521  7525  6765  6768 15161
12155    2794  3191  3405  3967  19204 15882 19310 18906 21084 19206
12156    1575  2481  2448  3399  10116 20225 23864 23962 23838 20226
12157    2782  2880  3122  3563   9372  9370 23115 23885 17637  9369
12158    2746  3299  3387  3456  24867  4714 21062 11615 25077 11114
12159    2155   768  3108  3491  18513 18512 24052 24886 24051 17424
12160     134  1474  2665  3429  21155  9515  9517 21156  9518 21591
12161    2650  3053  3248  3541  11148 18151  7717 18552 24197 13462
12162    2927  2943  3039  3421  12149 12151  4622 17651 11250  5119
12163    1188  2424  3316  3997  11276 16182 16185 11281 11277 23263
12164    2876  2636  3149  2745  22598 14584 11529 16124  7946 10271
12165    1563  1838  1562  3667  21006 14974 14973 25078 14972 21004
12166    2915  1785  3383  3859  16413 16415  7003 15061 19779 16414
12167    2813  1035  3048  3329  15651 12310 10121 10117 10149  4137
12168    1653   309   283  3405  16950 12251 25067 24119 23013 18709
12169    1266  2859  2903  3623  20328 19460 12539  9142 19459 10487
12170     972  1506   961  3363  23753 18336 25079 24761 13472 21325
12171    2748  2672  3061  3704   6643  6647 10845 13149  8379  6646
12172    3158  1091  1831  1524  21463 15491 17479 17480 24362 13998
12173    1615  1608  3173  3814  15830  5582 21684 24278 24276 25080
12174    2783  3335  3352  3465   5428  5429 11055 24311  5172  5427
12175     280  1983   443  3029  19853 13653 23085 20937  7681 20781
12176     604   269  3345  3816   6417  4038 11082 11078 14636  6760
12177    3164  2942  3669  3834  11343  7604 14706 14245 12184 14702
12178    3258  2305   601  3363  18025 18024 23071 21328 14420 18023
12179    2765  2650  2875  3276  12946 10040  8046  8565 19082  8563
12180    1412  3015  3014  2789  16685 24535 24534 16684 16687 24994
12181    2883  2881  3376  3381   5163 18566 21831 21952 15027 19683
12182     939  2267  1002  3138   6111  6110 14160 25081 18525  6115
12183    2271  1763  2002  2809   6189 18421 21474  6809  6811 22120
12184     340  2272  3259  3894  16777 23869  5003  5006 23739  5004
12185    1439  1361  2947  3421   7957  7955 11977 11975 12424  7954
12186    2106  1537  3274  3289  10316  8572  4725  4727  7018  4724
12187    1549  2924  3066  3443   8137 18618 17838  8142  8138 11414
12188    2736  3253  3451  4011   8482 12541  4385  8401 13979 12540
12189    2939  3079  3165  3232   8650 12841 12845 15565 12840 13981
12190    3908  2026  4029  4030  19450 21281 19743 24543 22321 16773
12191     154   216  1658  3122  15626 16389 25082 23549 19844 25083
12192     601  1506  1637  3363  20720 18025 21329 20719 13472 22189
12193     557  2472  3246  3848  12152  4532  9859  9856 13380  9855
12194    2700  3131  2887  3288  15070  8513 10649 17900 10647 10139
12195    1616  1614  3318  3624  14314 19908 19906 17485 16044 20305
12196    2895  2732  3122  3494   4757  8461  8464 11658  8465 16755
12197    1537  3093  3274  3289  10316  7018  5386 20954  7017  4727
12198    1072  2548  1625  3258  13064  7187 22542 23149 10969 13062
12199    3020  3019  3490  3556  14370 10517  4189  4185 16013  4184
12200    2641  2805  2878  3757  14577  4287 15284 15084  5456 21690
12201     211  3095   424  3137  19189 11844 17126  8941 12054 22797
12202    2322   588  1759  3769  25084  5802  5806 23651  5801 12896
12203    1666  1005   729  3463  23330  7373 25085 23329 23332 25086
12204    2977  2903  3247  3667  17134 11779 11780  5601  7279 19379
12205    2152   539  2397  3289   7021 13989 13987 12011 12008 25087
12206    1393   971  3424  3707  12865  4369 17264 12870 12866 18435
12207     489  1742  2972  3284   5937  5935 18833 18832 20453  5934
12208    2904  1675  2949  3477  21872  7714  7712 23306  7711 14351
12209    2998  1702  2156  3143  11929 11928 17110 25088 17109 11933
12210    3018   906  3490  3703  13363 24840 24290 24133 18111 14781
12211    2679  2837  3623  2702  25089 22165 22164 21857 22167 19463
12212      26  1220   915  3274  11481  5851 24656 20017 20018 19531
12213    2898  1771  3166  3613  15036 22983 19103 21618 22985 23370
12214    3054  2709  3078  3188  14562 11132 21486 20621 11184 24882
12215    1834    47  2971  3128   8593  5637 12411 10106 10108 11460
12216     560  2151  3361  3571  22379  7974  7977 24300  7978 25057
12217    2422   433   617  3211  21576 22310 23000 21578 14378 22309
12218    3196  3119  3607  3614  10642 25090 24104 12240 23665 21544
12219    2911  2736  3128  3155   8589 11716 14117 11829  9946 14116
12220     144   953   955  3991   9808  6977 17262 23057 17261 22792
12221    2886  2070  1387  3106  14733  5063 10048 24568 19017 21026
12222    2961   295  3337  3597  19105 23912 13393 16377 18811 15145
12223    2774  2661  2873  3693   4352 13097  6461  7670 11730 20488
12224     504   458  3376  3723  21710 22191  9598  5162 21711 17632
12225    2690  2733  2742  2869  19775 18985 18984 19774 10603 25008
12226    2650  2765  2963  3354  14606  8048  8046  7009  8045 13915
12227    1344  2111  2902  3752   5395 10423 18386 18383 20122 10422
12228    2521  2522  3010  3047  17888 22395  7368 23574 22394 23946
12229    2425  2155   768  3108  24886  9005 21458 24052 17424 25030
12230    2708  3159  3250  3339  11837 12753  7095 11608 18803 14147
12231    1187  3090  3334  3637   8338 23655  6431  8625  4608 18135
12232    3493  2972  3556  3569  14527 16313 21178  5933 17025  6926
12233    1184   988   710  2907  11694 14982 22306 19525 10922 25021
12234    2625  2678  2706  3433   9646 13784  9175 14654 13783 14653
12235     233  2162  2161  3853  12081 21773 24966 12082 11580 25091
12236    1808  2686  3269  3608   5463 23847 20000 16511  5349 18402
12237     736  2166   285  3495   8800 18996 22817  8801  8802 23213
12238     201  1573    67  3331  24884 15382 19527 24883 17198 25092
12239    1246  1244  3593  3668   8181 15401 25093 24191 17548 15400
12240    3209    73  1398  3473  15729  9345  9348 15730  9349 23616
12241    2737  1314  2784  3553  19958 14726 14729 19959 14730 20754
12242     928   549  3397  3782   5171 23774 25094 25095 17574  5813
12243    1164   684  2873  3215   4951  4948 22035 22032 13574  4949
12244    3374  1782  3595  3888  19551  7515 20027 19556 19552  6509
12245    1981   654  3606  3612   8169 12687  5085  5082  4709  5086
12246    2786  2760  3048  3419  18717 19181 18766 18716 18719 19180
12247     692   928   549  3397  25095 11902 24275 25094  5813 23367
12248    1705   210   209  4017  13031 23730 24510 13032  4463 25096
12249    2208   404  3572  3873  14111 14108 17399 23957 17400 14109
12250    1858  1623  3647  3798  10743 21033 18981 14734 18196 18980
12251     664   663  2868  3101  11085 14079 16536 11090 11086 23183
12252    1204  1025  1203  3186  21218  7584 25097 25064 17467 16021
12253     368   741  2478  3710   7532  7536 25019 16845  8444  7535
12254    3029  2348  3177  3564  11584 19989 24024 22386 22385  7475
12255    2678  1113  2875  3691   6697  7205 20626 17395 10224  7206
12256    1434  1837  1940  3186  24711  8154  8151 24714  8152 24916
12257     842  1070  1956  3716   5948  5947 24746 25098 18506  5952
12258    1663  1498  1232  3635  14700 17089 21402 18732 18149 17088
12259    2739  2685  3179  3422   7040 14740 19447  7044  6464 23143
12260    1048   980  3269  3347   9591  7625  7628  9821  7629  9819
12261    1787  2337  1148  3815  12279 12758 14449 20438 14445 25099
12262    2760  2813  3048  3329  15651 15064 15066  4137 12310 18716
12263    2106  2152  2397  3289   7021  8572 14761 25087 13989  8573
12264    2830  3084  3235  3885  12614 15108  9624 12616  9671  7902
12265     318  1986  2532  3762  10484 22322 24080 24077  6720 17786
12266    1618  2542  2178  3957  23658 22157 22156 13158 22155 25100
12267    1814   195  2793  3159   9143 11992 11990  9147  7098 25101
12268    3919   984  3986  4007  15896 22722 23712 15900 15897 22721
12269     126   457  3084  3885   9671 21596 22216  9672  9674 21595
12270     665   664  3622  3708  10051 13801 22759  6246 10790 13800
12271    2737  2928  2990  3591  16817 16004 13881 15222 16003 19965
12272    1805  2294  2540  2913  21723  5494  5492 24256  5491 21722
12273      68   485  2418  3769   8704  8701 14869 23936 14868  8702
12274    2942  2366  3777  3834  15781 12184 17150 16635 13691 10263
12275    2517  2518  3014  3943  16686 10058 12064 25102  9866 19443
12276    2791  2853  3104  3709  12097 12062 14959 15875 19077 18706
12277     680  3506  3493  1878  15392 20641 24892 15391 15396 20642
12278     662   660  3224  4025  17702 17700 21049 12198 24126 15211
12279    3042  3168  3330  3998  21352 17475  8574 21528 15828 25103
12280    1220    20  2686  3274   5348 20018 23595 17978 13372  4924
12281    1262  1265  2606  2774   9039 15240 16538 24997  6463  8640
12282      73  2931  3209  3726  11861 20351  9347  9350 20352  9348
12283      88   916  2919  3659  22937 21626 12029 18205 23220 18878
12284    2559   336   337  3807   5025 20261 20270  5026  5028 24956
12285    3697  3919  3926  3986  10909 19083 23540 24928 22721 25104
12286    1446   202  3560  3959  11381 11383 20856 20257 21227  4945
12287    3568  2830  3885  4011  19825 19187 15109 15108 12061 15107
12288    3053  2650  3134  3541  16224 24197  7717 13238 18151 13237
12289    1619  2403  2542  3957  22155 11455 11453 25105 11452 22158
12290     991    72   225  3861  20966 18942 21232 24120 20159  6674
12291    2518  3013  3014  3943  16686  9866 24093 23923 16204 25102
12292    1997  2148  3349  3898   9871  7227  7231  9872  7226 10457
12293    3310  1318  3315  3861  20156 21001 23695 24875  8080 24048
12294    2148   683  1558  3898   8889  7226 24827  8888  5200 15503
12295     241  1647  2306  3990   6956 15671 23839 25106  8537  5050
12296    2648  2604  2674  2676   6146  9340 18974 15228 15229 23432
12297    3465  3908  4029  4030  19450 19452 13295 16773 21281 19451
12298    2236   193  2561  4021  15448 20942 23698 25107 19129 25108
12299    1309  1312  2631  3958  13645 25109 19047 19050 21562 19048
12300    2211  2204  1288  3572  23394 19602 23606 23542 14866 13171
12301    2166   252  2292  3495   7248  8802 24774  7249  7251 21079
12302    2482   292  3734  3898  18266 22758 22732 20675 23437 14754
12303    2048  2463  1787  3815  12758 11478 14441 20353 14440 20349
12304      73  2180  3473  3726  22050 20351 15731  6774 25110  9349
12305    2631  2607  3105  3182   4100  4104 23261 23259 20477  4103
12306    1700  2191  3090  3203   4586 12658 18319  4591  4587 12431
12307    3134  3053  3248  3973  16269 18772 13237 18552 19293 16227
12308    1704  1567  3123  3990   8212 22994 22992 22118  6953 23012
12309    1342  3560  3707  3959   4364  4368 11384 15674 11381  4367
12310     699   345  1852  3715  16680  7823  7827  6499  7822 17583
12311    2631  2784  3470  3958  18815 13645 20492 13049 18816 20493
12312    1897  2236  2561  4021  15448 15445 23641 25108 20942 15446
12313    2306  1647   795  3990   6952  6956 25106 25111  8537  6955
12314     526  1110  2551  3487  16360 22110 24685 15688 11737 25112
12315    3857  3862  3878  4027  15614 21836 20957 23691 11723 25113
12316    2921  3169  3251  3795  19709  5550 10186 22486 18222 13880
12317    1647  2113   795  3990   6952  8537 23167  7912  7910 25111
12318    2397  1122  3093  3289   7017  7021 22413 15103 19863  7020
12319    1593  2113  3391  3990   8211 19622 22987 20151  7910 19621
12320    2403   322  2542  3957  22155 11452 21573 23113 24779 25105
12321    1309  2631  3470  3958  18815 25109 19048 20493 13645 20491
12322     676  1387  1470  3308   9100 12680 13894 21248 13895 23090
12323    1758   393  3118  3562  15786 15784 19926 19927 19770  9464
12324    2964  1967  3092  3718   8459  5788  9424 14367 20221 19045
12325    1559  2806    61   828  19470  9018  9019 19469  9015 15069
12326    1199  1726  3473  3725  20860 17644 17647 10372 17648 24888
12327     744   807  2936  3730  15923 16216 10270  5896 22350 24271
12328    1914  1488  3347  3744  16808 12505 18978 16192 16304 20410
12329    1177  2904  3376  3459   8966  8970  8879 21279  7713  8969
12330     387  2271  3080  3648  15440 17974 16714 11237 18423 16710
12331    2453  2669  2764  3123  15843  4848 13357  6368  9126 12995
12332    3867  1767  3939  4026  15023 20110 20109 16011 15129  4381
12333    1409  1583  3841  4016  20396 25114 21421 17319 20397 21420
12334      73   296  2180  3726  25110 20351 25115 17240 11262 15731
12335    3758  3665  3832  3976  14271 22734  4328 14276 14272 10435
12336    3323  3391  3678  3827   4598  7113  9801 20807  9799  7112
12337    2053  1031   236  3641   5820  5819 20383 17053 11057  5824
12338    2522  3517  2814  3516   7367  7366 25116 24853 25117  7363
12339    2984  2967  3145  3239  22655  5528 13272  4609 22656  6318
12340    2385  2158   438  3997  14295  6410  6413  8452  6414 16428
12341    1861  1060  3620  3726  13144 23312 25118 20823 20196 15333
12342    2591  2943  2947  3432  12200 20958  4623 20635  6266 15000
12343    3084  3235  3313  3582   9913  9621 12616 18866  7901  9914
12344      61  1835  1008  3613  18603 13300 13298 21020 13297 24605
12345     707   804  3060  3726  22692 11261 11264 20078 11265 22330
12346    3391  2113  3827  3990  12631  8211 20151 20148  7910  9799
12347    3167  1909  3146  3417  20048 20047 10853 15962  8570  9787
12348    2443   776  3248  3973  16269 16268 23710  9696 23700 15971
12349    2735  2719  3144  3792  11936  5485 24073 18123 22441 24304
12350    3186  2931  3620  3726  13144 11862 16167 16165 20352 16164
12351    1787   698  1624  3815   4882 12758 25119 10622 13316 12759
12352    1238  1879  3177  3749  17853 10377 17951  4680 17870 10871
12353    2210  2206  2944  4031   9157 24616  7676  5627 24427  7677
12354    3213  2839  3430  3892  15162 18115  8035 22299 18117 25120
12355     700  2711  2814  3396  12304  7587  7591  5183  7586 11881
12356    2527  3519  2530  3379   4109  7770 25121 25122  4557  7769
12357    2139   140  3551  4001   4388 17454 20204  4393  4389 17453
12358    2962  2933  2984  3111   8950  4142  8315  8955  8951  6855
12359    2552  2041  3110  3661  21853 10742 14575 18660 11240 21852
12360     891  2025   442  3621   8107  8104 19603 18888 18890  8105
12361    1008  1835  3064  3613  13810 18603 21020 13812 13297 15902
12362     892  2482   683  3898   5200  7230 23438 18410 22758 24828
12363    2194   346  1089  3626  20356 12530 25123 13269 23327 16694
12364     520  3006  2646  1154  21289 25124 13975 11209 21291  5742
12365    1811   682  1854  3610  12381  4632  5411  6302  5410 21370
12366    1173   568  3316  3749   8737  8741 15811 15809  8771  8740
12367     884  1763  1368  2846   8235 22282 21613 23735 23733 23036
12368    1442   532  2443  3973  16268 16708 24000 19664 19660 19723
12369     360   357  3809  3911  22498 19182 10524 22502 22499 24572
12370    2076  3038  3122  3807  23810 11247 14388 11655 10867 14389
12371    1464   577  2879  3859  13523 13525 19362 21630 14741  4958
12372    2044  2396  3727  3783   6682 17390 12771 10256 22670 12767
12373     819   716  2947  3380  22463 20142 19613 11226  8435 12205
12374      94  1736  2632  2701  11639 12835 21856 13052 13054 12834
12375    1148   698  1787  3815  12758 12279 13318 25119 13316 25099
12376      85   390  2275  3477   4256 10447 24011  4261  4257 24673
12377    3091  2600  3275  3742  12674 10974 10977 14416 10978 15849
12378    2497  1668  2992  3874  17372 13394 22596 24372 22595 19653
12379     769  1104   517  3402   5281 18752  8111 24799  9539 24803
12380    3524  1042  1661  3967   6898  6895 11196 25070 11195  6896
12381     772  2917  3176  3750   9963  9967 10653 14712 19184  9966
12382    2770  1633  2809  3043  16976  4153 10071  6192 10072 14655
12383    1011  2444  3413  3714   7492 20348 19617 25125  9412 23051
12384     351  2800  3466  3739   5927  5930  8933 18537 22042  4062
12385    1140  3190   934  3620  13147 15338 10991 13146  9224 16980
12386    1641   213  3253  3346   4382 22877 23554 15767 22880 12331
12387    1892   498  3269  1820   8959 22845 25126 15774 18403 17104
12388    1330  1971  1417  3235  24209 11945 11942 24992 11943 24481
12389     529  3776  3810  4022  16869 22201 23953 16872 16870 22200
12390    2830  2693  3104  4011  15934 12061 22799 15935 15937 24192
12391    2197   425  3842  4027  13763 19615 19614  5561 15617 12435
12392    2939  2736  2971  4011  24060 13980  9947  9950 12541  9948
12393    2672  3104  3792  4011   5369  7462 15876 15938 15934  7461
12394    1469   620   919  3725  18721 23464 25127 25065 22015  4685
12395    3818  3817  3864  3887  20387 20386  8881 24668  5560 20385
12396    3794  3851  3972  4024  14023 17508 12473 14024 14026  4480
12397    2053   972  1821  3641  13583  5819  9377 13584  9378 24560
12398     620  1469  1726  3725  17648 22015 25127 10371 23464 25128
12399     330  1339   304  3582  13526  8553 17914 24570 16789 13528
12400     692   549  3241  3397   6314 11902 23367 23365 25095 19813
12401    3091  3275  3311  3742  12673 10974 15849 12676 12674 15243
12402      67   307  3331  3349  20011 24446 24447 15383 14932 24884
12403     411   865  3497  3503  10599 25129  5433  5436 10600  5434
12404    3745  3368  3746  3846  16973 14667  8052  4239 10567  8050
12405    3810  3389  3908  4022  15368 16869  7755 15373 15369 20083
12406    1775  2855  3129  3290  19759 23035  6345 11855 19541 21245
12407     761  1675  2275  2949  23717 21373 24990 23738 23306  4259
12408    1447   821  2953  3834   7607  6287  9887 13019  9888  7605
12409    1585   893  3425  3742  13708 10788 19004 11002 14976 19003
12410    2938  3271  3643  3880   9635 17076 17074  9636  5296 19483
12411    1726  1433   620  3725  22015 17648 17646 20470 17645 25128
12412    1167  1670  1669  3874  17538 14043 14041 17539 14040 25130
12413    2743   938  3131  3288  10647 10648  5073  5075  9208  5072
12414     303   298  1352  2928  22802 14132 19455 22801  7484 24724
12415    1579  1964  1166  3895  23288  7776  7774 24488  7773 25131
12416    1113    51  2678  2875   7206 17395 10222 22066  9897 20626
12417    1127  2240  1186  2935  20873 17535 22239 25032  5633 20872
12418      24   700  2814  3009  19151 17516  6442 11881 20798 11880
12419    3413  2444  3681  3714   6799  7492 25125  9416  9412 23757
12420    2847  3280  3434  3610   4628 11654 19879  4633  4629 23125
12421    2735  3144  3549  3792  17208  5485 24304 10828 11936  6265
12422    2961  3118  3271  3643   9636  9383 19033  7807 24036  6917
12423    2207  3205  3811  4031  12395 24603 21207 13287 20660 17219
12424    2739  2770  3043  3179   4148 23143 11516  4153  4149 19218
12425     370  2142  3808  3903  19685 15521 21105 19350 19686 20264
12426     235   241  3290  3990  23937  8539 20770 20768 15671  5213
12427     931  3702  3926  3986  10909 24927 16550 16553 17229 16551
12428    1383  1579  1166  3895  23288 23192 23190 25131  7776 23286
12429    2843  2838  3029  3177   7475 18284 19089 19090 22503 13650
12430     935  1329  2131  3114   4673 19656 16429 11365 11367 17458
12431    2029  2176  3416  3719  18791 19212 19210 24631 14239 20582
12432    1149  3567  3919  3986  22721 14766 15933 23510  5360 23711
12433    2613  3029  3177  3564  11584 11586  7478  7475 19989  6129
12434    1962   235  3290  3990  23937  8536  5210  5213  8539  5211
12435    1360  2986  3223  3412  20306 24601 14088 13747 21032 10996
12436    3060  1199  3473  3725  20860 18195  6973 24888 17644  4995
12437    1767  3939  3945  3965  23491 24767 16011 15025 10900 24841
12438    2762  2956  3067  3621  12383 21091 20558 17842 12498 18401
12439     329  1696  3034  3231   9828  4900  4898  9830  4897 13948
12440     374   685   141  3893   9309 20021 24148 12180 12178 20020
12441     213  3079  3346  3949  20061 12724 12728  4383 12723 22880
12442    2209  2207  3811  4031  12395 20463 20112 17219 24603 20111
12443    3230  3178  3705  3822  24055 20440 24802  9485 16118 14242
12444     665   668  3622  3913   6243  8360  8358 18125  8357 13800
12445    3290   241  3656  3990  12141 23937 20768  5049 15671 16985
12446    3235  1971  3471  3568  18079 11940 11943 10354 11944  7905
12447    1548  2804  3089  3943   6159 12645 16960 12579  8054 19334
12448     818     8     7  3288  18560  9207 19480 16868 18621 25132
12449    1769  2747  3477  3540  12253  6783  6787  5312  6782 12256
12450    2713  2896  3171  3811   7295  7299 18426 10634 10136  7298
12451    3113  3171  3594  3811  10695 12624 12626 24808  7295 23388
12452    1915  1139  3877  3903   7322  7326 21858 25133 15524  7325
12453    2837  2903  3321  3623  20327 21857  6880  6877 20328  6881
12454     218   217  3328  3727  12571  6683 12964 12966 20465 12963
12455     732   844  1771  3613  22985  7876 11269 21561 11268 24920
12456    3604  3705  3822  3867  18316 19650 19158 24055 15801 16117
12457    2083  1067  3235  3313  18866 18864 22914 22638 12940 14413
12458    2846  1947  3206  3718  11922 14603 20923 11927 11923 17323
12459    1314  1311  2618  2619  23236 25066  7103  7100 25134  7104
12460     934  1060  1861  3726  23312 13148 20197 25118 20196 23311
12461     292   892  3734  3898  18266 23437 22711 22682  7230 20675
12462      61  1008  2806  3613  18602 13300 24605 18606 18603 19469
12463    2667  2650  2899  3068   8345  9137  8131  8133 13916  8130
12464    1614  1613  3624  3796  19905 19907 16045 16047 20654 16044
12465    1567  1593  3285  3391  21368 19623 12826 12823 19621 12827
12466     648  3518  2814   806   5181 18947 25135  5178  5182 10816
12467    3060   804  3162  3726  12603 22692 20078 12607 11265 19388
12468    1155  2240  3379  3519   4557  4555 14950  5630 25136  4554
12469     353   769  3115  2143   9085 18179 17896 17898 24022  7445
12470    3340  2420  3788  4018  20176 16529 16532  6175 16533 14337
12471    2868   965  3365  3412   6205 18168 18167 15367 15365 16178
12472    3136  3759  3840  4018  20126 13941 13943 12939 13940 16919
12473    2605  1762  3037  3514   9641  9638 20258 18710 18712  9639
12474    1590  1199  1683  3626   6971  7257 11909  6972  6974  5511
12475    1984  1018  1362  3268  10331 10330 24980 23945 14569 10335
12476    2667  2852  2983  3383  23230 11591 22269 22375 21143  8974
12477     749   458  3381  3641   5160 19978  9596  5165  5161  9597
12478     705   185   799  2816   7913 17886 25137  7917  4397 20727
12479    1829  2374  2562  3892   5587  5584 24071 24107 20296  5585
12480     588  2490  2317  3162  16175 24722 24721 24709 12605 23652
12481    1168   167  3239  3366   5529  7727 17545 13496 13498 14191
12482    2815  2936  3034  3944   5894 21918 15325  5899  5895 18729
12483    1425  1338   768  3491  24051  9054 13128 24885 13127 24053
12484    2708  2773  2952  3116  16528  4838  4842 18049  4837  9188
12485     279   788   330  3491   9057 24471 18257 24972 14778  8552
12486    2672  2748  2853  3108  12708 23333 10845 12709 12710 14960
12487    2882  3092  3297  3486  21755 10495 21341  8457 14173  8981
12488    1833   512  2971  3885  16601 22535 11462 11464  8715 11461
12489    2151  2386   560  3361  25057 24300 25138 25139 14498  7977
12490    1846   196  3319  3479  10544 22106 24813  9985 22108 22105
12491    1784  1961  2812  3477  10446 10576 14072 21235 14069 21783
12492    2649  2633  2802  3093  18485 18203 18499  7919 18486  6691
12493    3011  3010    24  3047  17889 17751 23947 17512 17888 24341
12494    2547  2118  3698  3737  11741 17238  5098  5095 21516  5094
12495    2820  2917  3277  3341  14318 16587 13039 10650 16586 18379
12496    3249  2900  3386  3819  15871 15642 16930 16932 23871 16662
12497    2774  2606  2862  2873  17755 20488  9039  5874  7668  9037
12498    2984  3111  3246  3848  12152 14126  8950 19128 11288 12283
12499    1342  1446  3414  3707  15461  4367 11382 15879 15880 18186
12500    2926  3307  3545  3805   6213 13490 12308 13467 12557 13469
12501     837   326  1425  3491   9054 23924 16790 24942 24305 23925
12502    2125  1993  1740  3494  16253 20209 24664 24797 13424 20211
12503    1204  2032  1025  3186  17467  7584  7582 13120  7581 25097
12504    1544   347  3681  3890  19901 15866 15864 19904 15863  9414
12505    2539   274  3917  3952  20035 22904 23144 20038 20036 22760
12506      81  1837   478  3186  23843 23342 24713 22557  8152 22625
12507    2926  2961  3277  3880   5293 13491  6026  6029  6916  6027
12508    2727  2631  2607  1317  18099 18097 15907 23261 13646  7448
12509     627   730  3179  3422   7040 15357 24784 24395 13752 15356
12510    2734  2776  2824  2849  22025 22921 15001 22028 22026 13779
12511      38   635  1847  3282  15509 18229 24282 18207 18208 21761
12512     100   374  3462  3893   5938  5940 20725 20722 20021  5808
12513    2524  3522  3523  3706  20964 19209 24986 13250 17924 21383
12514     429   657   961  3803  20025 11321 11325 16836 11320 20023
12515     403  2101  2389  2906   5829 23480 24843 22374 10512 24950
12516    1866  1184   566  3723  20272 12448 12446 20273 12445 23290
12517    1609  2423  3711  3915  19385  8442 24915 19768 25140 24364
12518     774   500  3219  3813  14953 23938 22346 22344  8949 22332
12519    2346  2360  2546  3382  22020 17344 15516 22023 17342 24122
12520    1303  1846   196  3319   9985  9989 15716 24813 22105  9988
12521    2191  2468  1700  3090  12431  4591  4588 12432  4589 18319
12522    1398  2989  3209  3473   9345 15729 17818 17827 11776 23616
12523    2519  3514  2520  3037  20325 11013 25141 20326  9641  7404
12524     913  2105  3070  3906  18770 12762 12766 19793 12761 18769
12525     307  1159   855  3619  20256 14933 20320 20255 11994 23870
12526    2950  1628  3121  3684  11035 11036 12364 17630 12351  7555
12527    2558   771  3304  3930   9328  6831  6834 14904  6835 11164
12528    3363  2429  3803  3837  10704 21168 14417 20022 13927  8779
12529    2689  3259  3410  3991   7159 21459 19118  7164  7160 19015
12530    2782  3038  2732  3122  11658  9369 24019 10513 11655 15662
12531    2709  3328  3572  3780   6222 17706 11185  6226  6223 11186
12532    2317   588  3162  3961  15079 20490 23652 24722 23650 16175
12533    2206  2209  3079  4031  12392 24427 24439 20462 20463 23642
12534    3039  2416  3749  3997   8769 15378 13964 10373 13306 13963
12535    1058   252   993  3495  11601 11604 22516 24773  7251 11603
12536     345   674    79  3715  12591  7822 19687 17455  9504 14987
12537     961   657  3363  3803   8779 20025 16836 16296 11320 23753
12538    3713   671  3730  3892   8089  5583 19169 19999 19997 23973
12539    3303  3488  3547  3983  23581  5683  9699 23781 22031 23579
12540    2329  2386  2151  3361  24300 23517 21979 25138 14498 24301
12541    2636  1602  3663  3802  14848  9247  9250 20381  9251 16537
12542    2818  3123  3391  3990   8211 16106  9128  8216  8212  9258
12543    2364  1482  2813  2951   4141 22710 24409 21695 21605 10119
12544    1053   923  1605  2822   8601  6485 23391 20244  6806  8600
12545    1714   283   136  3980  10046  4230  4228 24670  4227 15967
12546    1962   816   852  3983  22694  5212 22170 24434 22171 21385
12547     879   852  2555  3983  22757 23904 24112 24435 22694 23967
12548    2306  3123  3656  3990  12141  6956  7926  4843  8212  5052
12549    3213  3430  3713  3892   5583 18115 25120 15165 15162 23972
12550    3808  3559  3877  3903   7322 19685 24819 11890 11888 20265
12551    1915   215  3886  3903  18425  7326 13014 13017 20321 13015
12552    1139   370  3877  3903   7322 15524 15522 20266 15521 25133
12553    1647  1962  3827  3990  12631  8537  8041  8038  8536  8042
12554    3607  3614  3636  3900  14615  7154 10642 23664 19969 10966
12555    2876  1856  3077  3628  24615 10883 12418 16875 20077 16874
12556    1375  3864  3887  3891  20384 21953 24066 20387 17061 15696
12557     642   643  2363  3962  19497  6457 12405 22041 12406 19498
12558     714  1100  1885  3899  14282  9983 23721 14536 23639 14280
12559    1150   596  2693  3471  18082 21201 23631 20730 20728 21200
12560    1890   979  2892  2903  20131 20624 22736  7729 17112 20623
12561    3580  3163  3643  4002  16883  4872 14059 16886 14060 16861
12562    2734  2987  3204  3380   5018 13778  9629 13224  5143 13639
12563    1036  1187  1700  3090  12431  6433  6430 24830  6431 22109
12564    2650  2638  3423  3752   5391 21306 11791  5396  5392 16658
12565     615   518  1329  2840   9939  6638 12648 22613 12649  9937
12566    1672  1569  3670  3753   7885 21092 22125 18144 20790 10159
12567     135   466  1489  3106  10043 10382 10380 14926 10381 23412
12568     513   712  3155  3885  21335 16603 18735 15350 22781  8592
12569    1200   635   595  2693  12989 13009 25012 12990 12992 13122
12570    2744  2851  2907  3381  10073 19543 19546 13281 19542  5344
12571    1624   968  3427  3687  14032 10617 10620 16560 10621  4881
12572    2098  2849  2947  3380  22463  5712 14526 20287 22615 18459
12573    1841  1955  1956  3716   5948 20501 25142  5949  5951 20502
12574    3279   181  3797  3906   9491  9494 15362 10557 15363  9493
12575    2919  3050  3483  3659  20948 22937 17403 21943 22936 18875
12576    2801  2724  3627  3718   5784 11141 10701 10697 15990 10696
12577    1395  2535  3799  3895  24307 15709 15712  9682 15708 22291
12578      53  1522    52  3294  19374 16575 23040 23663 21696 20220
12579    2195   430  2677  2985   6232 22086 22084 13861 13863 24524
12580    2726  2740  2763  2845   9827  9824 15429 21883 15428  9825
12581    2630  2608  2688  3260  14322 18247 16127 14321 14323  5471
12582    1834   512   513  2971   8591 11460 11463 16602 11464  5638
12583    3404  3697  3926  3986  10909 10907 24274 25104 19083 10906
12584     296    73  2477  3726  12611 11262 25115 20350 20351 12613
12585    3060  2894  3626  3725  18194 18195  7556  9668 18327  6970
12586    1931  1518  2928  3100   4934 11567 11570 14547 11571  8195
12587    3566   267  3856  3888   6476  6479  4294  4297 19555  4295
12588    2311  1067  3313  3565  10839 10838 12944 12940 19229 10837
12589     185   705   263  2816   4399  4397 25137 10090 17886  4396
12590    2319  1593   746  3285   4051 14895 14897 21366 12823 25143
12591    1103  1990  2882  3422  12224 24707 10681 10684  7527 10682
12592    1080  2871  2877  4023   5754  6630 23054  6788 11645  6629
12593    1099  2951  3048  3099  10766 11484  4139  4136  8990  4140
12594     252  2361  2824  3495  18239  7251 22518 15558 22515 24027
12595    1487  2867  3102  3219  14075 14956 12085 14074 14076 20918
12596     223  2638  3327  3752  19341  7993  7996  5042  5392  9848
12597    2628  2726  2845  2962  21871  8316  7411  9824 14508 20487
12598     648   985  2890  3276  10814 10818 24876 24571 23232 10817
12599     490  2238   103  3203   4545  4543 11155 18837 11154  4542
12600    1690   654  3612  1708  19088 19080  4707  4709 23779  4706
12601    2798  2919  3050  3450  21942 20166 20285 17403 20979 24981
12602    1706  2824  3044  3380   5711  5147  5145 20831  5144 20848
12603    3167   950  3417  3992  21767 17815 10852 23601  8431 20047
12604    1962   852  3355  3983   5682  5212 21385 21387 22694 12632
12605    1277  3586  3640  3743   4634  4638 13558 23212  5375  4637
12606    2699  1315  3480  3728  25144  4272 21305 21304  9356 15186
12607    2449   433  2873  3211   4950 21282 18540 14380 14378 18541
12608    2432   403  1807  2906   5231 17129 24842 23481 23480 24975
12609     400   682  1811  3109   4771  4770 16879  5411 16880  4775
12610    3094  2068  3436  3599  15062 11331  8221  9877 13946 13882
12611    2078   825  2794  2940  17623 17139 17137 22648 10252 23940
12612    2785  2764  1310  1316   7450 21365 21362 13432 13431 22313
12613    2938  1393  3414  3707  15461 15459 17265 18187  4369 15458
12614    1367  1339  2083  3582  18865 16161 24569 25145 16789 20596
12615    2467  2845  3036  3268   9264 19287  6935  6938 13543  6936
12616    3290  2869  3355  3990  12633 23937 19539 21112 12144  5685
12617     191  1299  2712  2829  17463 12373  7134  7136 25146  7133
12618    2534  3478  3717  3762  11435 20291  8984 11440 11436 21059
12619    1987  3252  3589  3762  24574 19861 18475 11772  5563 16453
12620    2797  2658  2976  3870  13231 13229 12096 12092 15249 12091
12621    1265  1270  2661  2816   6462  6459 19764 24530 19763  6460
12622     368  1397  1876  3452  20516 15640 23415 24195 23414 20519
12623     808   854   510  3392  15451  4539 11256  9868 11255 16657
12624    2989  2931  3209  3473   9345 11776 11777  9350  9346 17827
12625    2634   553  2832  2840   9626 14187 11389  9132  9627 15331
12626    3528  2701  2157  3642   9374 11957 14397 24136  7301 11959
12627    1978  2348  2103  3564  12822 11117 23426 24026 22385 24695
12628    2697  2644  3361  3764   9521 18647 18733  9522  9524 18648
12629    1786  1839   550  3394  10847 13782  7574 14629 13781 19728
12630    1996   519  3263  3666  10413 20279 20281 10412  4181 21905
12631    1394  3161  1719  3182   4131 24320 15149 23908 16160 23911
12632     410  3022  3411  3999  24699 23024 23026 20451 18999 18663
12633     374  2150  3462  3893   5938 20021 24354 16393  9995 20722
12634    3828  1970  3940  4026  15126 23886 23887 15130 13908 24469
12635    1480  2026  3745  3746   8050 23158 19742 25147 23857 25148
12636    3379  2528  3396  3706  13930  4665  4111  4107 13198  4106
12637     162  1722  1577  3492  14829 18324 25149 20447 20449 14824
12638     445  2745  3077  3149  20854 12038 17202 24385 22598 25047
12639    2606  2808  2897  3211  18220  7669 12805  5475 15535 14684
12640    2884  2971  2973  3464  13641 13277 17599 17601 10107  5371
12641    2473  1037  2229  3538  14253 11375 11749 25035 11748  9233
12642    3772  3748  3806  3886  14168  8413  8416 18260  8417 14290
12643    2899  2667  3068  3295   8135  8467  8130  9137  9134  8345
12644     718  1794  2982  3338  10054 13622 13624  9400 13625 15764
12645    2751  2684  2936  3261  12722 12720 23488 22192 24588 12719
12646    2991  2840  3406  3861   8079  7649 13817  7851 24847 13815
12647    1959  1543   129  3100   6711  6709 25150 14713 18714  6708
12648    2471   399  1435  2923   8288 13323 14860 24286 16663 21726
12649     591  2428   582  2673   5034  5031 22304 23922 22303  5032
12650    2435   282  3420   838  22560 21957 23987 22534 22686 20427
12651    3352  3335  3634  3810  19233  7759 24311 24662 18138 21542
12652     402  2425  1338  3108  17191 11212 11214 25029  9005 17193
12653    1187  2454  3334  3673  16873  6432 13065  6109 13067 18135
12654    2737  1345  2864  3347   7195 23257 21287 21425 23317 16005
12655    2659  2713  2784  3553  19958 17291  7297 18348 21040 13046
12656    2922  3063  3253  3451   8401  8890 14375 14373 24457 14376
12657    1840   258  3204  3380   5018  6991 14750 18311 14751 21963
12658    2880  2782  3186  3563  17635 17637 23115 17736  9370  4853
12659    1050   997  2767  3233  11555 11676 11674  5778 11673 20874
12660    2666  3071  3220  3447   9071 15579 20114  9736  9734 16348
12661     863   471  2831  3606   8174 12159 23708 20926  5083 12042
12662    1825  2031  2914  3935   5998 25151  7948 21480 23678 18060
12663    2210  2944  3305  4031   6161 24616  7677  9155  9157 22240
12664    2731  3042  3175  3330   5841  5839  6668  6670 25103  5838
12665     660  3042  3224  3783   4644 12199 18989 18991  6667 12198
12666    3371  3604  3822  3866  16939 16937 16120 16117 22173 16121
12667    2525  2529  3521  3706  17927 17795 24735 13265 13201 17925
12668    2445   380  1104  2969   9538  9108  9106  9537  9105 13152
12669     421  1561  2746  3103   7932  4492  4489  7933  4490  6931
12670    1356  3545  3880  3950  14666 23293 15707  6214 23533 18394
12671     346  2194   624  3626   7260 23327 25123 12532 12530 13568
12672    2396   480   479  3962   6454  4647 22672 24360 17965 24932
12673    3315  2406  3785  3861  18941 20156 23586 23588 21231 23585
12674    2849  3044  3666  3715  13236 21552 14522 18180 17582 15302
12675    2987  2815  1281  1280   9631  9633 11793 11794 21256  9630
12676     193   739  2561  4021  15448 19129 19648 17364 17365 25107
12677    2501  2996  3694  4012  10164 22469  7562 19354  9096 10796
12678    3150  2327  3153  3695   4871  4869 23458 19097 19891  4868
12679    3224  2959  3390  3843  17348 19735  6623 19848 24906 15214
12680    3221  2655  3350  3777  18273  9436 18920  7790  8660 14800
12681    1758  3118  3341  3675  17179  9460  9464 18595  9459 18593
12682    1341  1506   551  3641   9375  5823 24029 13475 13471 21944
12683    2739  3043  3080  3179  14551 23143 19218 11233  4148  8982
12684    2413   909  3202  3944  14612  8605 14791 14614  4338 22383
12685     536  1921  2911  3237  22435 22433 23623 13716 16180 22432
12686    2796  2688  2951  3289  14994  5469  5472 21666  5473 21665
12687    1733  1732  3216  3659  22935 23218 13417 13413 22748 13412
12688     634  1951  3269  3347   9591 12636 20367  9593  7197  9818
12689    1403  1843  2990  3591  16817 16450  6154  6151 10572  6155
12690    3133  3259  3410  2689  19015 19014 21500  7164 19118 18214
12691     563  3056  3089  3770   7119 21661 22691  4086  5676 17832
12692    2639  1318  3085  3861  19521  4759 18170 23694  8080 22883
12693    1387  1714  2886   232  16899 22833 21027  4229 16900 21026
12694    1483  2633  2677  3274  13371 20953 17040  6235  5642 15815
12695    2589  2614  2725  2821  13329 25152 15052 13334 13330 10776
12696    1639    99  1022  3586  11152 10269 19627 24583  6179 20145
12697    2148  1511  1390  3467   9780  9873 25153  9783  9781 12291
12698    2807  1274  2815  2936  15325 15322 23352 20167 14855 15326
12699     806  2711  2814  2890  10819 18943  5180  5183 16639  5181
12700    3200  3031  3216  3401  17084 11498 11473 21955 23121 21954
12701    1172  2534  3717  3762  11435  6721 20293 21059 20291 17411
12702     876  3101  3360  3365  24023  6207 23238 14078 23716 23239
12703    1093   703  2665  3425  21157 16722 14515 24263 16721 21251
12704     187  2489  2167  2950  18142 19786 22696 18141  5125 12023
12705      23    25  3248  3541  11148 16226 18378  9693 16850 14809
12706     815  1000  2831  3072   8698 24552 12044  9222  9223 12045
12707     261  1981   863  3606  12159 11823 22739 24315  5086 24266
12708    1754  1944  3451  3472  18612 23514 23112  8166 18613  8027
12709    1320  1323  2842  2984   6317 17236 22578  6679 22577 10842
12710      70  1136  1832  2949  14226 18026 21150 21997 14466 25074
12711    2854  2750  2946  3041  11441  7871 24398 11445 11442 18664
12712    1162  2855  3290  3656  16985 19464  6341 19541 20563 21882
12713     858   267  3566  3671  11668 11666 16270  4294 20419 11665
12714    1861  1060  1091  3620  15336 15333 25118 25020 20823 15337
12715    2903  2866  3033  3035  10756  7282  6882 22485  7280 21469
12716    2880  3158  3203  3563   4540 17637 17636 18836 16733  4856
12717    1741  1015  2111  2902  18383 16368 18635 18387 18384 22406
12718    2757  2723  2930  2955   5425  5423 11027 12018  7291  5422
12719    1621  2301  3190  3592   8790  8794 24902 21760 19427  8793
12720    2105   713  1568  4012  16542 16060 16062 23216 16063 24948
12721    1283  3207  3809  3911  22498 23930 23932 24573 13191 25154
12722     401  2315  1574  3145  15723 15417 25155 18802  8017 15725
12723    2842  2934  3605  3620  15437 13541 10840  8962  9225  6316
12724      97   705   910  3680   6588  6587  6626 24624  6625  6592
12725     914  2258  2388  3056  23525 21041 24555 23524  5679 12271
12726    2839  2751  2936  3058  15925  8034 23489 12719 14436 15924
12727    1211  2182  3326  3931  18549 18551 12905 12908 24592 12906
12728      32  1129  2968  3306  23049  7829  7833 15946  7828  4693
12729    2936  2815  3202  3944  14612  5895 15325 10803 21918 16982
12730     720    38  3282  3471  20700  8664 23020 18229 16781 23589
12731    2743   966  3268  3786  16289 19312  7343 10334 18345 17334
12732     307   201    67  3331  24884 15383 15387 25092 15382 24447
12733     859  1883   877  2990   6152 20189 25156 25157 16820 24646
12734    3544  1023  3567  3781  16610 16609 19832 20811 16440  5359
12735    3229  3291  3439  3844  12589 11019  6169  6166 11018  6170
12736       0  2645  2797  3088  16201 16103  6489  6486 14015  6490
12737    3201  3188  3254  3305  15728 12741 14936 17405 17406 13590
12738     457  2373  2939  3084  15769  9672 18794 15768 12412 22217
12739    1388   351  2826  3615   8931  9051 22684  8936  8932 24143
12740     836   300  1565  3121  19166 13619 23246 22017 17631 22525
12741    2696  2695  2952  3712   9187 15647 12526  9189  5245 15005
12742    2065   270   938  2867   5074 21192 24359 20106  7572 10944
12743    1855  2110  3144  2440  10827 21419 17362  4157 10829 12782
12744    3497   865  3569  3883   8870  7370  5436  5432  8871  5431
12745    2883  3255  3363  3641  13474  8532  7429  7426  8531  7430
12746     891  3332  3458  3621  15411  8104  5735  5738 18289  5736
12747    3081  2757  3191  4004  13213  4592 15246  8060 15119 19121
12748    3745  1480  3746  3970   6367 15632 25148 23158 23155  8050
12749     858   857  3671  3916  11664 11667 20441 20443 25158 11666
12750    2400  1706  2824  3044  20831 20830 21272  5145 20848 16467
12751    1031   257  1422  3160  16337  8118  8121 16338  8122 20413
12752    1942  2052  1040  3928  18627 17011 17014 18626 17015 23454
12753    1492  1929  2713  2737   5552 14731 17991 25069  7748 24857
12754    2711  2605  2814  2890  10819 16639  7923  9606 19753  5183
12755    2368  2401  1584  2964  22059  9813  9817 17790  9812 14604
12756     401   275  2315  3145   8017 15417 21713  8022  8018 25155
12757    1892   498   634  3269   9818 17104 25126 15775 15774 17105
12758    2675  2622  2794  2940  17623 20476 24578 21750 12056 15541
12759      98   825  3153  3695   4871 25159 22647 22649 24730 19098
12760     443  1942  3660  3928  17560 17012 17016 17094 17011 19681
12761    1752  1567  2870  3123   8213 23737 12825 13351 22118 19872
12762     864  2080  3369  3999  19562 24159 15039 14005 25013 15040
12763    2627  2782  2848  2920  23276  6664 15664 22047 24680 20734
12764     656  1913  2096  2990  22210 15562 20190 23005  9746 11821
12765    1756  2035  2686  3608   5349 11318 24418 10891 22972 13805
12766    2145  1918  3657  3816  10868  7761  7765 20881  4035 17543
12767    2818  2669  2870  3123   8213  9128  9125  9961  9126  5252
12768    2687  2618  2729  2761  11424 11428  6746 20094 15836 11427
12769    2769  2650  3423  3752   5391 19343 13995 16658 21306 21765
12770     300   836  2950  3121   7555 17631 23246 13621 13619 12361
12771    3045  2331  3444  3678   7114  7144 18935 16097 19722 23243
12772    3038  2932  3278  3397   8696  8694  6405 23423  6312  8693
12773    2824  2849  3229  3715  21550 15560 22025 21551 21552 13613
12774    3697  3544  3758  3789  11166 19084 24044 11170 11167 22391
12775     670   671  3213  3713  23972 21161 21159 21946 19169 13034
12776    3479  2948  3538  3757   5455 10542  4610 12297 13939 25050
12777     927    33  2853  3306  19078  9475  9473  9563  9472  9565
12778    1862  2382  2304  2764   5195  5193  6257 21532  6256  5192
12779     288   385  3545  3880   6214  6211  9618 15705  9617  6212
12780    1372  1443   743  2929  17629 13633 23401 17628  5777 21938
12781     507   503   824  3415   8823  8820 22297 24728 22294  8821
12782    2348   873  3029  3177   7475 22386 24025  8269 12581 24024
12783    3272  2889  3831  3901  11836  7338  7336 24467  7335 17210
12784     604  1029  3393  3773   8407  6761 13457 10551 12076  4037
12785    3045  3377  3881  3898  23862 16491 21213 23180 12466  5250
12786     798   153  3194  3649   5532  7550  7551 22964  6605 18713
12787    1587  1872  1519  2802   6351 10658 10656 25054  5110 24537
12788     115   199   166  3466  11457 15996 17499 17093  4059 10561
12789    3091  2585  3311  3639  15242 15244 10911 20175 20688 15243
12790    2737  1345  3347  3927   7192 13162 21287 23317 22384 23257
12791    2165  1229   142  3558  19712 23185 23184 19713  6533 23530
12792    1607  1612  3963  3979   4220 24621 21471  7909  7906 21470
12793     824   210  1978  3564  11117 12819  9291 19963  4462 24696
12794    1814  1602  2735  3159   7094 11992 24532 22284 10943 11991
12795    3159  2366  3339  3777   9253 20755 18807 16636 16635 18803
12796    2608  2688  2889  3831  24467 21267 14321 23393 21266 23392
12797    3222  2828  3367  3938   6045  5864 15104  6048  6046 11815
12798    2669  1317  2785  3958  21839  9127 13647 25160 13648 21363
12799    3404  3230  3929  4032  16017 10908 13408 13404 15313 13403
12800    2037  3582  2083  1339  25145 25075 22341 18865 16789 24062
12801     391   295  3675  3868  11014 11532 13391 18687 13390 15656
12802    1071  1024  3419  3632  18411 18575 22940  4798 18412 18574
12803    1141  1119  1586  3844  14641 16033 17391 18846  6497 12651
12804    1194   437  3878  4027  15614 23690 24611 20082 20081 23689
12805    3729  2643  3792  4011   5369  8481 20991 11647 15601 11887
12806    3410  3234  3858  4020   4305 17923 12702 16806  9775  6285
12807    1777   169   168  3782  25004 17571 17575 25005 17570 25161
12808    3195  2960  3670  3951  13308  7070 21488 24522 11068 25162
12809    1591   821  3324  3858   4306  4498 16326 16807  9889 17983
12810    3136  3759  3818  3887  20386 24466 13943  8885 16257 10935
12811    3080  1965  1169   387  24018 16710 21125 23715 24436  6145
12812    2642  3042  3168  3747  20750 18407  8577  8574 14207  8578
12813    3264  2860  3384  3879  10541  5970  5241 20212 15798 21085
12814    1213  2026  4022  4030  21280 16972 23856 19744 22321 24491
12815    2419   347  3140  3672  12889 13729 24084 25163 15867 18532
12816    3384  2860  3758  3879  15797 10541 20212  5242 15798 11169
12817     354  2812  3459  3632  14795 23644 22175 16617 16615 17379
12818    3509  2513  3508  3836  18986 10126 10124 25164 10123 24485
12819    2723  2930  3438  3767  18845 14302 12018  4124  4694 12019
12820    2208  2204  3172  3852  16521  7612 14865 17258 17259 25165
12821    1860  1842  2846  3648   7544 17971 17975 15856 15853 20617
12822    1595   514  3678  2016  14457 22873 12928  6848 22889 12927
12823    3604  3857  3862  3878  23691 24333 19157 20957 25113  7457
12824    1515   375  2119  3691   4208 24607 24609 12126 12123 24617
12825    2692  2898  3064  3932   7328 17892 23373 10399 11967 17893
12826    3810   800  3838  3902  21980 21981 11339 11342  6439 11340
12827    3897  1583  4010  4013  17862 19305 13356 24826 12515 25166
12828    2664     0  2976  3088  20904  4895 19875 15650 16103 14971
12829    1326  1319  3872  3955  21652 21653 24969 24971 25167 17019
12830    1597  2058    93  4004   4596  4593 20136 25168  6117  4594
12831     667  3172  3622  3852   5992  5989 19052 13802 16521  5990
12832    1400   897  3026  3027  17057  8475  8478 24291  8479 17056
12833     928  1823   549  3782  17574 23774 23773 24610  5169 25094
12834    3576   924  3815  3848  11286 14125  9737 14448 19849  6853
12835    3702  3567  3845  4008  16698 17727 17725 24002 17726 24689
12836    1375  1087  3862  3878  23691 24059 24063 23326 25041 15700
12837    1237  2286  2693  3469  13121 17131 17132 12988  7647 15556
12838    2511  3508  2513  3836  10123 16014 25169 25164 18986 24406
12839    2613  2927  2943  3032  17650 11585  9421  4622 14928  9422
12840    1784   925  1453  3540  12254 18529 18527 24538 15407 10577
12841    1610  3904  3956  3963  19507  5152  5304 20486 18113 19508
12842    2433  2232  3185  3443  13270 19968 23999 18670 18616 19729
12843    2627  1296  2732  2878  15663 15082 23345 11525 22933 15661
12844    2728  2721  2887  3157  12959 11406 13555 13551 12662 12960
12845     586  1913  2669  3123   9126  7929 23006  9750 23003 11599
12846     413  2150  3291  3462  10672 16394 16397  9999 16393 12650
12847     833   925   412  3540   6686 19529 24539 17835 15407 23941
12848    3299  2029  3387  3456  24867 25077 22795 20584 19211 11615
12849    2302  2575  1939  3659  20949 15807 15805 20950 15804 25170
12850      48  3517  2814   648  10816 15939 25171 24853 25172 14873
12851    3544  1023  3788  4020  17169 21070 19832 16436 21069 19214
12852    2110  2147   177  3469  12174  4158 17059 24580 17058 24542
12853    2962  2761  3111  3815   4176  6854  9532  8642  8644  4142
12854    3445  3589  3638  3677  25173 21298  9723 18382 16454 18381
12855    2513  3017  3018  3836  14782 10123 17443 24839 11430 24407
12856    2648  2676  2703  3932   9572 18046  9340  8805  9574 15740
12857     853  2431  3056  3354  19865 11094 11096 23682 11097 23680
12858     748  1681   496  2828   7838  7837 25174 20963  5138  7841
12859    1822  1502  1173  3749   8741  8738 17855 18250 17854  8739
12860    2242  3467   432  1481  14682 18936  6039  6043 14683  6042
12861    2630  2609  2672  3792   7461 12163 12161  6608  7463 16923
12862    2664  2640  3208  3929  10434 13407 14970 24480 14581 18031
12863    3926  3702  4008  4032   7283 10905 16553 17727 17228  4380
12864    3003  1041  3587  3695  10069 10067 16332 22420 16333 10066
12865    3821  1354  3891  4008  21745  7286 16196 22316 16699 21746
12866    2511  3018  3019  3836  14779 16014 24408 14780 14782 16015
12867    2226  1493  2647  3689   5781 24849 17715  6982 19715 17712
12868     662  3754  3835  3843  24006 17347 24353 10023 10295 17703
12869    3045  3285  3377  3678  21212  7144 14308  8100  4046 21213
12870    1811  1411  2581  3448  11534  4816 12160 24984  6948 25175
12871    2728  2703  3763  3932   9571  7332 18105  5882  9572 12169
12872    1423  2387   185  2816   4397 14532 14535  7914  7916 24587
12873    3857  3878  3925  4027  15613 21836 25113 15618 15614 21835
12874     654  2831  3606  3612   8169  4709 23093  8174  8170  5082
12875     810  3069  4023  4033   5751 19321 19319 19421 19318 24247
12876    1395  3188  3799  4003  16361  5975  5973 20620  5972 22291
12877     801   369  1532  3599  13944  7788 24822 24477 22604 24454
12878    2834  1547  3049  3823  14630  8777 16049 15505 18571 16050
12879     446  1449   575  3585   6074 17671 24694 23829  7601 24628
12880    2649  2633  3093  3289   7017 14991 18499 18486 10318 18203
12881    2676  2691  2692  3932  17892  9574  9337 13103 22830 16207
12882    3607  3196  3614  3635  14699 14701 21544 25090 10425 10642
12883    3040  2642  3312  3747  11623 13030 22563 21236 18407 22265
12884    3508  2511  3507  3836  18558 18986 25169  5366 16014 20033
12885    2720  2695  2760  3072  15691  8697  8757 15690 11370 23614
12886    3087  2500  3499  3735  18452  4113 16371 18451 16370 22289
12887     247  1628   773  3684  12348  9391 24626 12349 12351 13955
12888    1599   943  3393  3773   8407 12079 24035 11505 21762 12078
12889    2735  2718  2877  3831   6550 22708  5483  5486 23092  5484
12890    3327  2647  2931  2775   9323  9319 12089  8860  4431  9318
12891    2754  2943  2988  3032   8014 19791  4626  6271 17650 21567
12892    1106  3195  3670  3951  13308 24777 25176 25162  7070 10156
12893    2613  2754  3082  3564  13177 11586  9420 24308 23091 24309
12894     477  2886  3438  3767  18845  9959  9957 15223  9956 23102
12895    2038  3866  3867  4019  16195 24654 12953 12950 24577 12954
12896    3869  3142  3897  3968   6009  6013 16104 24785 18902  6012
12897    2650  2769  2775  3752  19342 21306 13995 13738 19343  8132
12898     347  1544  3140  3672  12889 15867 15864 17903 15865 25163
12899    2604  3053  3342  3627  10659 11354 11357 19116 11353 18869
12900    2327    98  3153  3695   4871 19891 12193 19098 25159 19097
12901    1424    79  3439  3844  12589 14640 14643 12590 12592 20943
12902    1987  2350  3252  3762   5563 19861 18474 10227 13814 18475
12903    3789   984  3856  4006  10324  9657  7176  7172  9655  4486
12904     142  1799  3540  3558  17894 19712  6688  6685 19711  6689
12905    2571  1732   578  3216  17720 13416 13414 25177 13413 17718
12906    2123  2911  2986  3412  21032 23766 11717 11719 13718  9561
12907    2782  2879  3186  3630  23443  9371 23041 19797  8633 17736
12908      93  2058  1849  4004  17205  4596 25168  9393  6117 24772
12909    1232   277  3607  3635  14701 14700 23654 16476 23653 10645
12910     977   149    69  3763  12924 20572 20573 20424 12697 19152
12911    2728  2703  3148  3763  23835 12169 18105 20741  5882 14096
12912    3104  2719  3485  3558  12119 11048 16301 21433 16302 12120
12913    1225  1121  3669  3834  11343 11346 12704 22867 17285 11345
12914    2758  3133  3798  3931  22657 22632 11961 11963  7997 11960
12915    3225  1889  3840  4018  20126 24653 17471 17470 23792  8230
12916    2537  3333  3917  3952  20035 12857 12861  6988 12856  7209
12917    1374  1005  3463  3583  21533 15480 24548 23332 21650 21534
12918    3122  1658  3807  4021  20941 18725 15626  7635 23550 23810
12919    2606  2671  2862  2873  17755  7668  5873  5870 17756  5874
12920     472  1950  3591  3927  16526 14690 15603 15605 11682 15602
12921    3672  3385  3810  3968  19654 11573 12891  7756  6010 12887
12922     968  3427  3687  3938  10006 10986 16560 14032 16559 10621
12923     182   409  3114  3180  19194  9974 21848 21845 23299 21844
12924      37  2677  2686  2716  10893 13804 14537  4717 20613  5347
12925    3142  3352  3897  3968   6009 18902 24630 19327 11574 24785
12926    1374  1775  2855  3463  21244 21534  6343  6345 21246  6342
12927    3304  3033  3602  3930   4406  9328  9326 10759  9325 24848
12928     106  2058   334  4004   9794 23503 23502 24492  6117 13484
12929    2443   776  1917  3248  15973 15971 23710 20107  9696 15970
12930    3867  3939  3965  4008  24618  4377  4381 10900  4376 24642
12931    1048  2686  2969  3269  16999  9819 16515 10890 16511  9751
12932    3352  3672  3810  3968  19654 11574 11576 12887 11573  7759
12933    2860  3544  3788  4020  17169 10463 12132 19214 21070 14338
12934    3037  2804  3083  3654  10038  6122  6125 12580  6126  6187
12935    1808   915  2686  3608   5349 23847 24514 11480 11482 20000
12936    3104  2693  3144  3792  11936 15938 15935 15551 15936 21993
12937     239   181   794  3906  12765 16858 10556 17197 15363 16857
12938     820   169   337  3782  21300 24634 25006 19788 17570 14773
12939    3147  2958  3743  3909  12585 15090  8264  8266 24907  5376
12940     575   556  2202  3585   6075  6074 23484 17160 17162  6079
12941    1538  2141  1963  3938  10356 10360 19526 18227 18224 10359
12942     320  1987  3543  3762  12814 10486 20865 24666 19861 17429
12943    1079   311   653  3184   5108 13286 20656 18248  4803 23818
12944    3187  2926  3307  3387  11921 15502 18686 12308 11616 12560
12945    2101  2432  1078  2963   7015  7012 24237 19500 19501  7013
12946    2219  2245  3824  3917   6985 22901 13837 13840  4735 13838
12947    2925  1902  3589  3700   9720 18443 18028  9725  9721 12740
12948    2944  2206  3079  4031  12392  9157  5627 23642 24427  4565
12949    2882  1990  2955  3422  12222 12224 10684 10680  7527 10679
12950    1583  3751  3897  4010  25166 24826 17989 17987 25178 13356
12951    3771  3557  3847  3886  17569 11786 19335  9583 14171 11334
12952    1760   490  3038  3203  18077 11175 11174 20828  4543 22003
12953    2131  3114  3189  3756   5612  5615  4673  4670 14186  4674
12954    2886  2706  3297  3405  18905 14303 14979 19858 16794 13002
12955    2546   449   450  3651  19472 12921 12919 19476 12918 24123
12956    1414  2063   282  3420  22534  8129 17912 23988 17910 18633
12957    2639  2682  2991  3154   7651  4763 16109 13339 21434  7650
12958     240  1548  2769  3836  14598 14597 18300 10203 18299  6394
12959    3038   963  3203  3397  15965  8694 24058 10455  5814 18077
12960    3119  1324  3676  3872  20121 17018 12239 19417 17021 14589
12961    2316   187  3081  3854   8206 19785  9153  9149 11192  9148
12962    2019  1639  3586  3696  15920 14403 19109 10269 19110 23284
12963     635    40  1150  3471  21201 21198 23181 23632 10351 21199
12964    3567  3818  4008  4032   7283  5361 13539  7288  7284 17726
12965    2912  3051  3496  3668  17033  8903  5446  5443  8901  5447
12966    2688  2760  2813  3048   4137 13670  5288 15066 18716 13669
12967    2632  1887  2998  2999  18666 13077 23853 23851 25179 11931
12968    2859  2892  3255  3606  17421 24766 21754 22055 11822  7431
12969    3652  3846  3910  3960  24845 14454 14456 22628 11376 22631
12970    2824  2849  3044  3380   5711  5144 22025 14522 22615 20831
12971     573  2991  3074  3154   8607  8611 22623 13335  7651  8610
12972     767  2360  2544  3382  13898 13897 22021  4237 17342 13902
12973    2036  2867  3219  3131  21524 14680 12088 14076  5071 14955
12974     540   197   173  3401  10416 16150 19445 10417 10419 22136
12975     954  3833  3879  3933  22260  7502 15049 22263 22261  8525
12976    3183   680  1878   908  24558  5660 20643 20641  4618 20640
12977    2334   406  2553  3487  14038 14036 21175 18420 19870 14035
12978    2925  3589  3638  3700  18380 18443 12740 18382  9720 20825
12979    2070   135  3106  3433  10378 22467 22468 10382 10379 19017
12980    2122  2373  1353  3232   6520 19557 24368 20977 12413 24028
12981    2755  2840  2991  3756   9849  9853 13816 13817  9935  9852
12982    2787  2665  3418  3425  14978 13712 19422 24264 21157 15399
12983    3071  2140  3279  3611   5091 10685 10688 13268 10689  8470
12984    3079  3101  3223  3412  20306 18519 11467 21122 18166 13748
12985    1543  1959  1496  3100  20842 18714 25150 24792  6709 20840
12986    2464  1013  3231  3944   7565  6006 21564  7570  7566 16517
12987    1321  2945  2967  3090   4606 13442 11026 11422 13441 11423
12988    2941  3029  3244  3660  23294 22665  7663 14887 19851 14889
12989     652  1428  3842  3889  13320 10630  9080 13319 10628 14708
12990     875   201  3223  3331   8419 17200 19528 16222 15382  4203
12991    2509  3000  2512  2632   7129 11640 25180  7128  7131 25038
12992     258  2947  3204  3380   5018 14751 12203 22464 22463 18311
12993    2663  2671  2897  3055  17072 18825  5875  7577 17073 14685
12994    1731  1002  2267  3138  18525 11292 25181 25081  6111 22704
12995    1903  2708  2952  3339   8620 13571 17352  9188 12753 22908
12996    3622  2396  3727  3962  19920 16990 24327 10256  4647  5991
12997    3045  2795  3201  3420  17382 21589 10344 13589 21958 17518
12998    1914   695  2969  3347  16811 20410 14637  4547  7626 12504
12999    2165   142  2968  3558  23047 23185 23530 21681 19712 15943
13000    1317  1316  2669  2785  21363 25160 18098 21364 21365 13647
13001     261  1772  3255  3606  17421 11823 25061 13377 17422 24919
13002    1620  2407  2831  3419  11494  4801  7970  7972 21388  7969
13003     122  1662  3137  3184  14364 18277  5408  5404  4807  5403
13004    2379  1172  2534  3717  21059 21052  6727 20293 17411 21061
13005    1106  2584  3195  3951   7070 24777 10160 23473 13310 25176
13006     965   753  3346  3412  24390 15365 18538 23661 18521 19689
13007    2045   608   546  3329  14502 10239 10236 23490 10237 24335
13008    3332  1332  3646  3920  25182 18290 22831  5352 21635  5734
13009    2688  2786  3048  3099  10766 13671 20799 19180  8720 13670
13010    2827  2926  3176  3299  11618 21194 13387 11617 11620  8850
13011    2943  2947  3421  3914   7952 20633 20635  7957  7953 11250
13012    1938  1165  2253  3432  12671 14807 22751  7892 12672 23771
13013    3348  1926  3626  3725  18194 18326 20834 20468 18724 15035
13014     463  2749  3071  3453   4977 19701 12874  4982  4978 19700
13015    2621  2666  3071  3453   4977  4981 12800 20114 10717  4980
13016    2522  2814  3009  3010  17511 23574  7363 19151 17890 24769
13017     700   647  3008  3009   7799 20798 24176 24299 24175 20782
13018    3351  3052  3252  3156   7125 21735  9390 15256 15255 18657
13019    1442   826  3228  3342  18868 16716 16719 20402 16715 16707
13020    2509  3000  2632  2999  13077 24922 25180  7131 13073 11640
13021    2907  2863  2913  3370  15198 15196  4915  4918 25183  4916
13022     753  3079  3346  3412  24390 18521 18520  4383 18519 23661
13023     933  1360  3223  3412  20306  6206  4985 10996 24601  4202
13024    2769  2804  2909  3770  12601 16611 16614 19897 16612 13739
13025    2455  1857  3895  3917   4729  4738  7033 12267 12265 11143
13026    2606   639  2844  3055  15757 22881 16324  7821 22724 18629
13027     827   574   442  3621   8107  8373  8370 22544  8371 18891
13028     466  2164   178  3433   6324  6323 21785 24170 21603  6328
13029    3564  3539  3779  4017   4460  4465 18069 18066 16258  4461
13030    2701  2794  3153  3596  14659 19201 17622 15883 19311 19292
13031     996  2290  3400  3823   8774 15795 22892  8778  8775 15794
13032     907  1881  3493  3507  15395 20034 22364 23841 24903 16577
13033     159   463  2749  3071   4982  5722 12878 12874 19700 12873
13034    2238  2282  3158  3203  18836 11154 21089 19174 15415 18838
13035     684  2269  1215  3215  13577 13574 25184 22715  5700 13575
13036    2617  2750  2834  2946  13479 25185 18636 18637 11445 14893
13037    1548   428  2769  2804  16614 16960 10208 10204 16963 10203
13038    2635  2844  2897  3055  17072 15759 15756  7817 15757  5476
13039    2076  1760  3038  3807  10867 11247 11245 22003 11244 14388
13040     916  1733  3216  3659  22935 23220 23148 13412 23218 13581
13041    2787  2599  2861  2924  13844 15398 21530 15922  8139 17558
13042    2319   746   291  3285   4049 14895 25143  4048  4051 19982
13043     108  1990  3422  3585  15376  9431  7531  7527  9429  7526
13044    2386   462   465  3764  20653  4458  4456 14579  4455 21553
13045    2699  1313  2855  3603  15053 10775  4270  4273 15054  4271
13046    2748   170  3608  3704   6700  6647  6645 16280  6644 10846
13047    2744  2863  2907  3370  15196 23754 24858  4915 25183  5344
13048    1360  2123  2986  3412  21032 24601 12507  9561 23766 14088
13049    2036  2651  2743  3131   5072 14680 24140  6378 10805 12087
13050    2688  2649  2786  3099   8720 13671 20625  6815 11058 20799
13051     188  2535  1810  3799  21805  9685  9683  8841  9682 25186
13052    3306  1229  1779  1640  12428  7832 24017  6534 24810 12427
13053    1099  1035  1766  3048  10768  4140 22953 24982 10117 17118
13054    3589  3638  3677  3765  16451 16455 18382 25173 21193 16454
13055    3490  3018  3703  3836  13360 13364 14781 24840 14782 13363
13056     441  1851   200  3246  19159 11894 11892 19160 11891 24965
13057    3169   610  3251  3269  19708  5466  9301 19601 16111 22486
13058    1668  2497  3533  3793  23569 23173 22596 24678 23070 25187
13059    1402   629   314  3334   6107 13920 16915 23823 16914 13921
13060    3165  3245  3313  3565  10839  8646 10707 17860 17861 17994
13061     261  1772   920  3255  16387 24919 25061 22089 13377 25053
13062      48  3517  3516  2814   7367 14873 25171 25117 24853 14875
13063    3491  2791  3582  3709   8550 18275 21568  9622 12062 18274
13064    2153  1808  3269  3608   5463  8958 23848 18402 23847  8957
13065     427  1212  2229  2948  14254  4615 19595 21828 19596 25034
13066    1924  2260   204  3120  13792  7394  7392  6966  7391  8744
13067     509  2461  2233  3601  21400 18056 24375 21399 21396 22653
13068     391   538  3653  3868  13397 11532  5689  5691 11530  5688
13069     322  2403  2907  3957  13280 24779 21573 10078 11452 21574
13070    2800  2724  2826  2875  20542  8562 23801 16535 13464  8934
13071     606   116  3436  3649   8995  8998 18545  9880 17232  8997
13072    2787  2599  2924  3443   8138 15397 21530  8139  8141 15398
13073    1898  1181  3476  1659  10981 24322 19302  9796 17917 19301
13074    3201  3045  3444  3678   7114 20809 17518 23243  7144 14561
13075    3445  3374  3589  3677  16454 21298 12911 12909 21296  9723
13076    2852  2805  3493  3569  16313 18591 15285 21179 21549 12778
13077    2830  3104  3282  3709  11390 11559 24192 12100 12097 11560
13078     211  1218  3095  3481   9182 11845 11843  9181  9184 17126
13079    3023   864  3369  3999  19562  7684 19454 15040 24159 18578
13080    2887  1629  3157  3185  17165 16112 16115  9756 16116 12959
13081    2704  2707  3705  3857   9480  9484  6769 19035 19036  9483
13082    1795  3176  3628  3750  21891 22174  6567 18106  9963 23384
13083    2605   700  2711  2814   5183  9606  6444  7591 11881  7923
13084    2663  2606  2844  3055  15757 18825  5872 18629 22881 15208
13085     894  1851  1126  3098   4121 10913 23997 20604 19161  4583
13086    2039  1681   748  2828   7837  8289 25188 25174  5138 22832
13087     639  2606  2897  3055  17072 22724 16324 14684 22881  7818
13088     973   950  2940  3766   4499  7473 10855  4504  4500 14450
13089    2296   197  2159  3401  10918 10415 10418 10919 10419 18010
13090    2760  2688  2786  3048  19180 18716  5288 20799 13670 18766
13091    1049  2198  1071  3419  18574  4579  4577 18573  4576 22939
13092    2939  2122  2986  3232  12844 12841 24369  9557 19557 12842
13093    2115  1584  2625  2826   9176  9930 17423 14251  8244 13192
13094    2105   913  3070  3974  18768 24358 12766 18769 10720 19793
13095    1959   369  1496  3436  21104  6710  8682 24225  8681 24792
13096     186  1750  1420  3367  16598 16833 22358 23223 18922 24442
13097     830  2758  3133  3984  16006 16009 21976 11961 18213 16008
13098    1849  2058  3684  4004   6116 17205  9393  6121  6117  9394
13099      58  2336  2826  3243   8241 22576 22574  9490  9488 18439
13100      45  2172  3249  3805  12559 10823 10821 20195 10820 17307
13101    1507    90   537  3043  16977  4989 14698 21810 11238 25189
13102    2599  3066  3157  3461   7592 20703  8140 14105 20702 17168
13103     753   965  2868  3101  11085 15645 18538 18167 18169 15644
13104    1206    91  1128  3074  23982 20550 22824 11980 22822 24977
13105    3087  2500  3218  3369  13509 13257 16371 11102 13510 16372
13106    3038   511  3122  3563   9372 20826 14390 14386 15016 11655
13107     245   808  1979  2703  18462  5885 19750  6298 20765 25025
13108    3152  3187  3249  3307   9002 15435 15978 12558 12560 15434
13109    2522  3517  2526  2814  12305  7363 25116 24854 24853 24768
13110    2500  3501  2503  3369  15788 13510 19733 24905  7190 19183
13111     648  3518  3517  2814  24853 10816 25135 24855  5178 25172
13112    3183   669  3338  3569   8873  9206  8752  8749  4616  8748
13113     369  1496  3436  3599  15062 22604 24225 21104 21103  8681
13114    1883   298   396  2990  24832 16820 24078 23210 22800 18343
13115    2545  2117  2377  3737  20524 19149 24974 25190 21519 16728
13116    1666  1374  1005  3463  23332  7373 23741 24548 21534 25085
13117     793  1054  3253  3578   8397 25046 18044  8398  8400 22878
13118    2773  2881  3052  3120  11690 20567  9542 11689 11691 17615
13119    1150   596  1237  2693  15556 21200 23631 14596 20730 25191
13120    2470  1394   745  3161  18269 10866 23910 21657 15149 24194
13121    3116  1691  3250  3552   6264  8527 17556 13706  7815 11839
13122    2521  2814  3047  3515   9604 25192  7364  9609  9605 22395
13123     848  1822  1173  3316   8740 15773 15772  8739  8742 23199
13124    2654  2626  3272  3474  10939  8556 21672  5247  8756 15819
13125    2891  1120  3414  3574   7874  5133 13721 13722 23635  7873
13126    2008   416  3644  3797   7273  7276 22860 24614 10554  7275
13127    3427  2962  3679  3815  11475  4878  9531  4404  6854 11476
13128     543  1664  3277  3581   5297 22390 13724 10651 25193 22389
13129    2086  2195  2677  2985   6232 12458 22085 24524 22086 15813
13130    2423  3711  3915  3934  19383 21147 19768 19385  7805 25140
13131     254  3152  3537  3840   8229  8233 14286 14284 19117  8232
13132     971  2938  3271  3707  12869 12866 17266 17074 15459 12867
13133    1690  2873  3215  3612  19086  4706 22033  4951 11731 19079
13134    1224  1553  2676  2703   8805 23992 12734 24523 15741  6149
13135    3147  2442  3403  3710  19123 24941 15611 19126  8447  8267
13136    1917   751  1396  2711   7589 17683 20108 18368  7925 17684
13137    3086  3364  3416  3653  13598 17530  4324  4327 10232  4325
13138    2704    43  2707  3857  19036  9484 24757 11752 24756  6769
13139    2830  3235  3471  3568  18079 15109  7902  7905 11940  7903
13140    3478  3359  3762  4015  10481 25062 15360 12816 25194 11436
13141    2703  2676  2846  3206  17323 12925  8805  8807 12731  8804
13142    3527  1888  2701  3596  19201 10469 10471 23027 10468 12900
13143     312  2074  2075  3448  11538 11535 25195 21809 21807 11536
13144    1089   346  3166  3626   9670 20356 13269 13564 23327 18310
13145    3104  1779  3306  3558  23046 11048 21727 12427  6536 20512
13146    2450  1438  3061  3108  12707  6867  6870 24233  6871  6905
13147     544   477  3438  3767  18845  9953 18367 23102  9959  4125
13148    2827     4  3103  3128  11966  5636  6929 22248 16249 16278
13149    1120  1746  2891  3560   5417  4942 23770 17787 17788 13721
13150    3173  1615  3814  3998   5577 15831 25080  5582  5578 15830
13151     537  2002  2809  3043  16976 16977  6193  6189 22119  6188
13152    3208  3544  3697  3986  19083 18048 13937 24044  5362 22393
13153    2791  2921  3094  3194   5537  4662  4660 11330  4659 14920
13154     307  3331  3349  3609  14930 21359 15383 20011 17079 14932
13155    3088  2645  3267  3465   5173 16424 14015  5174  5176 16200
13156     147  2419  3075  3580   6002  4875 16241 18531 22274 25196
13157    2961  3277  3341  3675  17179  6025  6029 14318  6024 24562
13158    2312  1358   313  3076   4363  4361 25197 25198 10402  4360
13159    2521  3516  2814  3515   9605 25192  7365  7367 14872  7364
13160     806  2711  3379  3518   8031  5182  5180  7168  5179  5631
13161    2507  2701  3527  3528  23029 22965 11638 12900 14397 12902
13162    2614  2596  2694  2832  21571 18397  7853 10834 15332 21570
13163    3290   816  3983  3994  21345 19758 22101 22171 22102  5208
13164    2527  3519  3379  3518   8031  8030 25121  4557 25199  7770
13165    3490  3284  3556  3836   6923 13364 20317  5932  6924 14370
13166    2676  2604  3297  3627  14408  9336 15229 13606 11354 15227
13167    2721  2887  3157  3185  17165 17167 13551 12959 16112 12662
13168    2926  3277  3805  3880   6210 13491  6027 14557  5293 13490
13169    2520  3515  2521  3047  22395  7406 25072 25192  9604 25059
13170    1345  2737  2864  3795  21423 21426 21287 16005  5551 21425
13171    2192  1381  2906  3083  13611 15636 23539 13610 13607  5826
13172    1083  1553  2599  3157  17168 12665 15742 20857 20858 24861
13173     418  1378  1062  2963   7011  7139  7143 25031  7138  7487
13174    2835  2698  3217  3440  15257  6777 24687 18015  6577 17440
13175     806  3519  3379  2240   5630  5635 25200  4557 25136  5631
13176     521  3522  3150  2005  17710  9643 25201 13254 21114 20551
13177    1544  3672  3714  3968  12101 22401 15865 12105 11573  9415
13178    1332  1331  3646  3920  25182 21635  5353  5355 14843  5352
13179    2804  3423  2765  3654  10041  6126 20401 23425 13772 18707
13180     337  3278  3782  3807   5166  5025  5029  8692  5024 21300
13181    1982   977    69  2703   6649  6653 25202 19152 19153  6650
13182    3224  3042  3468  3747  13827  4643 18991 18408 14207 13829
13183    1794  1813  3109  3338  15887 13625 20015 17326 17324 20495
13184    2828  1809  2857  3744  15454 12015 20962  8789 14784  8898
13185    1856  2055  3103  3464   9548  6719 12415 12417  7046 10734
13186    2827   513  2917  3128  15701  5636  5639 21333  5640 13038
13187    2701  3526  3527  3596  10469 19201 19203 22197  4071 12900
13188      96  2262  2671  2897   7577  7802  7803  7579  4972 14851
13189    3194   837  3491  3582  18274 10166  8405 23924 11782 18511
13190    3570  2640  3665  3832  14276 14274 25203 14583 23074 14273
13191    1954  1340  2283  2951  21837 12264 20967 25204 20743 23088
13192    2970  2710  3453  3590   7694  7692 10718 10714  5008  7691
13193    2976  3086  3537  3794   4372 19697 13230 19829 19695 18455
13194     513   712  2917  3128  15701  5640 18735 12864 17979 21333
13195    2342   214  3041  3097  13477 25205 24999 21734 17254  9116
13196    1084  1048  2686  2969  10890 18933 16512 16515  9751 16513
13197     202   876  3360  3365  24023 21226 16223 23239  6207 23237
13198    2626  2679  2695  2720   8757  8755 21875 21876 24038  5246
13199     351  1388   452  2800  22237  8933 22684 22687 22685 22242
13200     962    96  2671  2897   7577 14444 14853 14851  7802  7941
13201    2627  2641  2782  2920  24680  6664 21691 21692 22973 15664
13202    1063   453  1085  3108   9768  9009  9007 11566  9006  9766
13203    2294  1682  2293  2913  24254  5491 11200 25206 11199 24257
13204    2919  2798  2920  3109  11849 11046 20285  6660 20164 11847
13205    2295  2747  3399  3477  13311 12450 11216 21529  5312 15432
13206    2934   255  3366  3605   8960  8962 23675 14087 10340  7656
13207    1238  3032  3039  3177   6128 10871 12595 12598 11587 12596
13208     562  3017  3016  2825  14362 16029 16026 11432 16027 24818
13209    1387  3106  2070  1432  25058 14732 14733 19017  9102 24568
13210     588   585  3162  3769  15078  5801 23572 16671  5509 24722
13211    1274  1280  2815  3034  18729 14856 18654 21256 21257 20167
13212    1608  1615  3407  3814   5153 24276 21684 14157  5582  5305
13213    2852  2641  2879  2989  17826 21142 12549 12552 22743 12550
13214     806  3519  3518  3379   8031  5631 25200 25199  4557  5182
13215     328  1413  3037  3512   8367  8365 23506  6185  5765  8364
13216    2663  2671  2705  2862  13833  5871  5875 10465  5870 13831
13217     650  1816  3541  3654  18131 15957 18156 16847 17665 21353
13218    3045  2795  3420  3467   6040 16492 10344 21958  5793 21589
13219     867   921  3147  3204  13179 13886 13888 13184 13180 14092
13220      91  2375  2965  3074  16237 22822 14220 14222 18848 14221
13221    3818  3821  3862  3891  20390 15463  7285  7459 21746 20389
13222    2908  2915  2983  3383  23230 16416 16375  7006 16414 16376
13223     513  1834  2827  2917  13038 21333  5638  5641 19186  5639
13224    1237  2286  1150  2693  21200 15556 17132 21752 12988 25191
13225    2729  2628  2833  2962   9534  4147 23227  7412  8316 11609
13226    2901  1770  3217  3322  22203  6403  6824 18564  6822 17441
13227    2607  1310  2694  2727  10830  7448  7451 19652  7452 10833
13228     318  3478  3762  4015  10481 17782 24004 11436 25062 22322
13229    2965  3111  3114  3189   4670 16101  8954 19196 21016 19357
13230    1208  1207  3549  3552   6260  7382  7380 18096  7379 17731
13231    1345  1929  2737  3795   5551 21426 21288  7748 25068 21287
13232    2515  3510  3089  3509  23638 10125 25207 20340 24009 10898
13233     742  1006  2917  3128  15701 21130 21128 13042  8193 14140
13234    2518  3513  3037  3512   8367  9865 12025  8363  8362  9864
13235    2515  3510  2516  3089  10899 10898 25207 20341 20340 10897
13236     664   663  3300  3708  10052 10790 16536 15253 17605  6245
13237    3497  3023  2506  2505   8308  8304  7685  7688 18581  7686
13238     712  2911  2917  3128  15701 17979 12863 10539 14116 12864
13239    1026  1621  2301  3190  21760 14925 25043 24902  8793 16176
13240    3604  3705  3821  3862   7459  7457 19158 14244 11724  7456
13241    2612  2654  3272  3474  10939  8557  8561 15819  8556 19177
13242    2634  2588  3105  3114  19195 14188 13194 19358 19355 23296
13243     521  3522  3521  3150  18690 20551 25201 17926 13254  7936
13244    1577   214  2342  3097  25205 14828 25208 24999 17254  9119
13245    2380   251  1813  3109  17326 15892 20759 20496 20497 17325
13246    2790  2895  3200  3494  19338  8462  7398  7400  8461  7397
13247    1087  1375  3862  3891  20390 24065 24063 15700 21953 23326
13248    1744  2064  2061  3210  18091 10584 23707 22402 22404 20585
13249    1970  1767  3828  3940  24469 15130 15127 24938 15128 23887
13250    1327  2880  2967  3203  20632  4858  4317 23760  4856  9027
13251    1764  2988  1361   243  23949 16238  6268 17674 15998 24161
13252    2530  2528  3379  3519   4557 25122  4108  4111 22267  4109
13253     128   869  1580  3095  19275 19273 22144 20815 17123 19272
13254    1360  2123  3412  3424  23765  4986 12507 23766 12508 24601
13255    2864  2737  3251  3795  19709 21423 16005 13879  5551 15550
13256    1680  1456  3295  3383  11589  9653 19536  7674 14789 13854
13257    3150  2524  3153  3523  14687 13251 20691 19208 21383  4868
13258    1082  1552  2635  3481  14363 17183 11988 11989 17181  6693
13259     361  1243   358  3712   4466 10183 10182 22423 10181 24846
13260    1757  2898  3131  3813  10563 14679  6138 10564  9437 10806
13261    2512  2509  2701  3526  19203 17068 25038 11642 22198 19202
13262    3497   411  3503  3504  25209  8307  5434 25129 18788 10599
13263    2505  3504  3497  3503  10599 21361  8305  8307 25209  8304
13264    1255  1471   860  3812   5721  7742 23031  5519 11704  7741
13265    2297   781   728  3157   7595 20188 24937  7594  7597 22040
13266    1871  1792  2840  1038  16593 15610 23433  6641 13260 16358
13267    2900  3088  3386  3819  15871 23871 20543 15872 14981 16932
13268    1156  1106  1157  3195   7071 22137 25210 25211 25176 22139
13269    2801  2692  2806  3613  18602 18605 10699 17006 20595 18604
13270    2691    54  2898  3932  11967 22830 25212 21013 21011  6135
13271    2799  2780  3337  3562  15783 19549 23147 19107 23582 19548
13272    3476  3191  3577  3596  19308 20329 13214 13215 19309  6556
13273    3359  3543  3762  4015  10481 25194 12815 12814 17428 12816
13274    3705  3818  3821  3862   7459 11724  4812  7285 20389 14244
13275    1930  1346  2647  2741   4435 18253 19295 11350 11352  6984
13276    2641  2848  2879  3630   8633 23420 21768 19408 22046 12552
13277    2810  3039  3301  3421   7749 12150  5123 18835 12149 14391
13278    2600  2677  2716  3275  15852 14416 14415 20613 13862 15850
13279    3263  3229  3291  3893   9994 17493  4740  6169 17172 11020
13280    1547   468  2834  3147  16051 15612 15679 23292 15676 16049
13281     265  2479  2574  3375  10281 18639 12794 23283  6402 18642
13282    2899  1469  3068  3725   8344  8349 20859  4686 23464  8345
13283    2818  2668  3305  3881   9158  5254 21702  6162 24393 24665
13284     586  2306  1704  3123  23012  7929  7927 22993  7926 23137
13285    2232  1205  1684  3443  13271 18616 18619 16906 16903 18669
13286    1807   697  1934  3056  13132 10245 10243 13304  7958 19867
13287    2793  2942  3159  3777  20755  8657 10264 14850 10263  9143
13288    3135  3147  3403  3743   8263  5379  5377  8267  5376 11293
13289    1291  3449  3455  3572  21065 14863  7243  7246 17707  7244
13290    1440  1381   328  3083  18515 13608 13612 18518 13607 25213
13291       6   818     7  3288  18560 13744 13742 25132  9207 18562
13292    1033  1367  2083  3235  14413 14410 24850 20596 20597 14411
13293    2692  2691  2781  2898   6134 23373 13103  6139  6135 23372
13294    3066  2434  3461  3462   9769  8330 10761  9774  9770 20702
13295    2669  1843  2856  2990  23921  9745  8228  8224  6151  8223
13296    2747  2719  3144  3399  17158 21529  5317 18123 18121  8186
13297    2735  2708  3250  3552   6264  6261  7099 14147 17220  6262
13298    1224  1553  3148  3461  16126 12736 12734 20742 12733 16125
13299    2393   922  3394  3592   9690 11769 13935 14424  6273 10848
13300    1449   575  3585  3800   7598  7602 23829  6074 23483  7601
13301    3254   479  3682  3609  18489 15995 15994 22509  5069  9272
13302    2149  1489  2673  3106   6921 23307 22348 10045 10043  5037
13303     491  2936  3067  3944  13379  4335 22228 16981  5895 10294
13304    2827   734  3103  3176  16277  8850 23351 21451 21449 16278
13305    1002  1731  2296  3138  11291  6111 25181 11290 11292 18012
13306     935  1329  3114  3756  14186 15087 16429 11367  9936 19656
13307    3037  1413  3089  3512   5762  8367  6185  5763  5765  6184
13308    2747  2718  3399  3477  13311  5312  5315 18122  5316 21529
13309    2528  3521  3379  3520   4553 22266 13264  7939 24796  4111
13310     916    88  2919  3401   4835 12028 12029 18878  7778 18205
13311    3090  2967  3145  3203  15414  4586  4606  4609 20632  4607
13312     360  2163  3373  3668   8183 12032 22278  6380 23519 10523
13313    2637  1266  2903  3247   5601  9743 12538 10487  4863  9140
13314     731   440  3539  4017  16258 20140 20268 16260  4820 18092
13315    1314  1309  2784  3470  13049 17147 21863 20494 20491 19959
13316    2044   218  3747  3783   4640 17390 20475  4645  4641 21239
13317    1760  1823  3038  3807  10867 11244 22002 19054  5170 22003
13318    2776  2591  2943  2947  20635 14996 14999  4623 15000 24098
13319    2389  2192  1381  2906  13610  5829  5827 23539  5826 24951
13320    2709  3078  3328  3780   6223 17706 20621  5329  8679 11185
13321     248   815  2831  3072   8698 10308 24551 12045 24552 17284
13322     977  1982   884  2703  16966 19153 25202 16965  6653 21181
13323     170  1445  2748  3169   5157 16279 24764  9192  9190  6645
13324     687    76  3476  3967  20330 11405 19948 20934 19949 10980
13325     785  2300  3555  3747  11316 11314 18243 11624 11621  8761
13326    1386   669  3183   908   5660  5661 23820  8752  4621  5663
13327     572  1057  2929  3687   6199 10007 21950  6204  6200  4572
13328    3148  1553  3157  3461   7592 16126 20742 20858 12733 14095
13329    1026  2301  3162  3190  21145 14925 16176 16172 21760 16171
13330     856  2278  2277  3049  14632 21262 24472 14631 14634 25214
13331    2736  2884  2971  4011  24060 12541 11830 17599  5373  9950
13332     217  3188  3328  3682  12570 16087 20051 11187  9094 12966
13333    3771  3557  3806  3819  17634 19859 19335 14170 15870  5978
13334    1274  1277  2623  3147  13640 18656 14854 15091 15093 18655
13335    2811  2883  3141  3258  19494 23640 10441 20906 20908 24218
13336    2780  3267  3318  3624  14314 23583  8735 20794  7618 20797
13337    2779  1578  3068  3295   8135  9136  6080  8910 13346  8908
13338     995   432  3420  3619   8124  8128 20315  6041  8677  8127
13339    3079  2939  3165  3253  13982  4387 12845 13981 13984 15565
13340     342  2778  1088  1254  17846 25215 24450 17848 17845 12111
13341      77  1541  1763  2809   6811  8303  5855  6810  6808 24363
13342    1834    47  2827  3750  12242 19185 12411 12243 12245  5641
13343    3521  2529  3379  3706   4665 17927 13265 13263 13201  7939
13344    2960  2974  3670  3899   7882 11072 24682  7883  7884 24522
13345    1318  2614  2888  3406  15928  8083  8081 13331  7421 23374
13346    2635  2985  3137  3184  14364 12441 12978 12976  7075 12979
13347    2808  2635  2897  3548  12440 20532  5480  5476 12442  5475
13348    2952  2708  3116  3339  11840  8620  9188  4838 12753 16528
13349    2492  2067  2728  2885   7330 24280 23877 16647 16644 12171
13350    3042  3168  3175  3330   5841 25103  8574 17799 21528  6670
13351    1825  2031  2745  2914  18863 18060  7948  7950 21480  7947
13352    3738  3772  3806  3889   6594  4509  5966 14290 14288 14172
13353    2701  1888  3577  3596  19308 19201 23027  6557 10468 14068
13354    3080  1965   387  3648  17974 15440 21125 24436 12968 16710
13355    1006  2146  2827  3128   5636  8193  8191 19882  8190 13041
13356    1633  1507   537  3043  16977 10072 22436 25189  4989  6191
13357    2791  2830  3582  3709   8550 12062  9623  7904 11559  9622
13358    1373  3922  4028  4029  16770 21501 22584 16774 16771 24444
13359     383  2340  3394  3790   5903  9479 19100 14050 14047  9478
13360    2945  2932  3397  3872  15597 15600 11092  6312 21965 11091
13361     988  1370  1805  2907  14588 10922 10926 22353 10921 19524
13362    2900  2797  3086  3364   4324 17532  8736 13232 22458 17531
13363    2054   596   733  2973  17997 13644 14594 25216 14593 18369
13364    2971  2884  3128  3464  10104 10107 17599 11831 13277  8593
13365    1783  1057  2929  3575  15905 20514  6201  6204 15903  6202
13366    2901    82  3073  3458  22253  6962 22962 22252  7848 17439
13367    2910  1996  3263  3666  10413 15301 21908 21905 20279  4741
13368    2230  2231  3696  3730  16215  9203  9202 20347  9205 23014
13369    3505  3504  3497  3556   9941 14467 17280  8307 17278 16934
13370    2663  2592  2810  3773  15941 18827 15205 13096 20530  5759
13371    3411  3022  3556  3999   9940 24699 20451 16839 18999 16926
13372    3238  3229  1224  3291  21047  6171  6168  4768  6169 15441
13373    1753   268   847  2930  14898 14544 14542 25217 14541 24412
13374    1116  1235  1236  3484  21035 23338 25218 17157 21919 23339
13375    1415  3094  3436  3649   8995 17233  8217 13882  5533  9876
13376    3172  2208  3852  4025  17728 19053 25165  7612 20894 16521
13377     979  1405  1452  2903   5604 17112 24859 25219 10213 12628
13378    2019  1977  2018  3662  25055 19038 19042 25220 19037 23128
13379    1840   476  1673  3380   8436  6991  6994 17781  6990 14752
13380     218  2044  3727  3783   6682  4641 20475 12767 17390  6683
13381     277  1020  3607  3673   6470 14771 24960  7158 18886 16476
13382     299   672   339  2856   7310  8227 18745  7307  4056 20764
13383    2734  1280  3147  3204  13179 13639  9632 17953 15993 13638
13384      54  1757  2691  2898   6135 21013 10807  6136  6138 25212
13385    2461  2915  2983  3601  16373 21396 21972  7006 16374 24658
13386    2880  2945  3038  3203  18077  4856  4859 11093  4855 20829
13387    3257  2740  3429  3639  18119 20697 20698 21900 20686 21899
13388    3162  3102  3190  3592   8790 21759 12236 20298  9692 21145
13389    2669  1317  2727  2764  11557  6368 13647 18097 23783 15908
13390    2946  2834  3344  3400  17521 17520 13479 16498  8776 25221
13391     395  2279  3249  3537   4345  4343 19588 18852 18854  4342
13392    2886  2706  3405  3980   6231  4226 14979 16794 14980 14303
13393    2911   742  2917  3128  15701 14116 22754 14140 21130 10539
13394    2618  2586  2761  3105  18366 18365 20092 20093  5620 15836
13395    1471   950   964  3992  20990  5515  8432  4501  8431 22372
13396     372   481  1220  2686   4924  4927 24501 24443 20536  4926
13397    1302  1707  1096  2712   7132 17590 17593 14648 17594 17699
13398    2588  2634  2965  3114  19357 19355 13194 13196 14188 11490
13399    1504   142  2796  2951  21665  8726  8730 20571  8725 20570
13400    2044  2396  3175  4014   4907 17388 12771 21703 21705 17389
13401    2723  2930  2955  3791   7293  7290 12018  5425 12017  7291
13402    1274  1280  3034  3147  13225 18656 18654 21257 17953 14856
13403     484  1200  3469  3485   8184 16129 16132 13123 13011  9465
13404     170  1227   284  2748  23795  6645 25222 23990  5156 23794
13405    1347  2086  2195  2677  24524  9454 15816 22085 15813 24525
13406    1605  3222  2039  1053  17222  8600  8599 16412  5674 23315
13407     889  1964  2043  3682  16085 22143 24540 19276 14262 24831
13408     162  3492  3539  4017  16258  4819 18324 13990 18322 16259
13409    3076  2824  3229  3439   6170 11982 15559 13613 20520 21081
13410    2834  2617  2946  3344  25221 16498 14893 25185 20278 13479
13411    3208  3650  3758  3832  10435 10433 22392 16409 21929 10432
13412    2012  1163  2401  2964   9812  9423 21833 11714 15590 22912
13413    2708  2696  2918  2952  23179  9188 21455 18064 15005 17349
13414    2402   774  3131  3813  10563 12496 23939 24397 23938 15456
13415    3114  3105  3161  3180  14196 19194 19195 16159  6524 24498
13416    1749     7  3185  3288  18620 15073 16867 16865 18560 16113
13417    2029  3387  3456  3719   4715 19212 20584 24867 11113 19211
13418    2598  1486  2857  2969  11223  5693  5696 12784  5697 12783
13419    1309  1314  2767  3105   4105 19049 21863 15300 19059 23154
13420    2761  2687  2822  2828  18577 18576 11428  6743 20710 15835
13421    1924   204  2952  3120  10029  7394  8744  8746 13792  8743
13422    1271  2754  3041  3082  19876 14104 17663  9064 24308  7869
13423    3277  1664  3296  3581  20592  5297 10651 15623 25193 14555
13424     507   506  3415  3660  20931  4263  4267 22296  4262  8820
13425    3071  3081  3577  3642  14066  8469 13852 10217 13851 14067
13426      41   596  2693  3568  18083 18080 20729 20730 15733 18081
13427    3030  2876  3149  3325  10272  4780  4776 10271  4777 20059
13428    2771  2682  3154  3607  16475  8301  8298 21434  8299  4761
13429    2621  2807  3422  3447  10801 16036 19227 19226 18693  6468
13430     428  2427  2769  2804  16614 16963 17003 21764 16140 10204
13431    3101  2868  3360  3365  24023 23716 11085 23182 16178 14078
13432    1543   947  2116  3100  15983 18714 24781 23164 22896 14714
13433    2936  3058  3586  3730  16217 15923 15925 14439  8033 12617
13434    2386  1846   560  3361  25057 14498 24833 22977 22381 25139
13435    1037   427  2948  3479   4610 19506 24172  4615  4611 25033
13436    3156  3252  3351  3359  15359  7121  7125 18657  7120 21735
13437    2606  1267  2663  3226  15204 24193 17503  5442 19910  5872
13438    2926  3277  3296  3805   4963 13490  6027 14555 14557 17662
13439    3162  3102  3219  3769  11637 15078 12236 14075 20917 15077
13440     721  2819  3453  3644   7690  7277  5113  9922 18907  5269
13441    2125   542  3200  3494  19338 20209 20210 19954 16251 13545
13442    2973    42   596   733  25216 17997 15734 15736 17996 14593
13443    2229  1037  2948  3538  12297 14253 25035 25033 11748 14254
13444     277  1571  3607  3635  14701 23653 16477 16478 15471 16476
13445    1815  3031  3216  3969  17716 16994 23122 21955 18072 13579
13446    1316  1317  2669  2764   6368 13431 18098 13647 23783 21364
13447    3135  3452  3586  3662  14434 24638 16910  6249 22811  5378
13448    1811   999  2583  3434  19798  4631 17000 24698 17001 20792
13449    2634  2596  2755  2840  13816 14187 15330 23258  7855 13195
13450    2320  1002  1160  3138  10363  6114  6112 23337  6111 10367
13451    2039   748  2298  3222   5671 16412 22832 23880 15106 17221
13452    1097  1135  2779  2963  13211 21995  7222  7224 15619  7221
13453    2276   547  1821  3072  10305 10304 21197 24559  9569 10309
13454    1742  1603  2972  3336  20452 16354 16352  5611 15482 18832
13455     406   526  2551  3487  16360 19870 22112 25112 22110 19579
13456    2652  3052  3156  3475  10961  5569  6740 15255 18085 10963
13457      92   881   587  3429   4440  4437 18104 14531 18100  4438
13458    2948  1037  3479  3538  25050 12297 25033 19506 11748  4610
13459    2707  2704  3705  3722  18533  5298  6769  9483  4894 19035
13460    2767   997  2929  3233  24520 11555  5778  5774 11673  5773
13461     580  2247  2531  3242   7419  7417 13188 21699 13189  7416
13462    2315   167   206  3605  14086 18799 23824 21766 13495 24715
13463    2323   556   888  3791   9278  9275 17413 21718 17412  9276
13464    2026  1213  3745  3746   8050 23857 23856 22387 16970 25147
13465     540  2121  3286  1740   6291 25223 24786  6290  6295 16152
13466    2022  1057   743  2929  17629  6804 21949 23313  6204 18993
13467    1157  1106  2584  3195  23473  7071 25211 10160 25176 23472
13468    2800  3068  3236  3466  11456 18537 13914  8906  8348  4218
13469    2780  2799  2900  3267   8731  8735 23147 12325 12327  8734
13470     259   260  1175  3602  11563 23272 23273 11564  4409 25224
13471    2839  2762  2956  3067  17842 18116 22194 20558 18401 22298
13472    2682  3154  3607  3673   6470 13466 21434 16475 20063  8299
13473    2608  2630  2688  3792  12561 14801 16127  5471 12163 14321
13474    1602  1814  2793  3159   9143 10943 24532 25101 11992 20380
13475    3069     3  3451  3472  18612 19322  8028  8024 23513  8023
13476    1869   780   943  2910  21907 10387 10390 22425 10391 24639
13477    2696  1904  2978  3124  12397 12400 18039 16767 23528 12399
13478    1882  2093  3036  3427   6195 11542  8598  8595 11107  8594
13479     581  3328  3655  3727  13516 21380 12962 13519 12571 16068
13480    2688  2718  3272  3831  17210 21266 12562 13091 23092  5289
13481    2868  3117  3365  3915  15573 21439 21441 21228  8440 16178
13482    2309  1748  3098  3334   8343  8341 10914 10916 21878  8340
13483    2898  2692  3064  3613  13810 22983 23373 17893 20595 10399
13484     430  2985  3137  3275  16935 13860 13863 12976 13859 10529
13485    3161  2470  1719  3182   4131 16160 10866 23909 23813 23908
13486     952   954  3758  3879  15797 18218 23104 22733  8525 18217
13487    2757  3121  3447  3585  23693  7987  7986  7553  7603  9072
13488     452  2493   407  3236  10595 16261 24347 10594 10591 24061
13489    1479  2224  2829  3327  12368 12372 17589 20845 17586 12371
13490    1563  2903  3035  3667   7278 14974  7313  7282  7279  7314
13491     685   226  3263  3393   8495 21117 16797 11506 10547 16795
13492    3092  3080  1965  3486  14174 14173 21124 21125  6141 10640
13493    1565  1407  3121  3684  11035 19575 19394 19392 19365 19166
13494    1398  2458  2989  3383  14790 17819 23617 22928 16272 17818
13495    3174  3386  3629  3683   9972 14218 19067  9971  6017 14217
13496    1404   139  1578  3236   8907  8424 22765  6085 21668 21897
13497     672   118    71  2856   6903  4056  4054  6902  4053  7309
13498    2191   963  2468  3203   4590  4587 25225 15966 10455  4588
13499    2794  2701  3577  3596  19308 19311 17622 14068 19201 17621
13500    1098  2846   841  3648  15855 10752 14602  8236  7544 20277
13501     403  1440   593  2906  13660 23480 25026 24996 13609 23482
13502     477   232   544  2886  21076  9957 16898 15115 16899 18367
13503    1305  2392   560  3571   7974 15714 20008 22096 22094 22976
13504    3237  2917  3341  3424  14315 17749 14137 16586  8672 16585
13505    2300  3413  3555  3981   7704 14832 18244  7496  6915 11624
13506    1223  1552  2649  3260  14995 24909 23683 11987 25226 12807
13507      81  3186  1203  1940  25063 24712 23342 21218 24711 23343
13508     777   636  2786  3419  19181 16481 23576 23241 20877  8723
13509     832  2458  3383  3859  16413 18849 23915 16272 13524 19535
13510    2925  1283  3207  3546  25227 18442 23931 23932 25228 12739
13511     533  1082  2802  2985   7077  6233  8510  6692  8509  7918
13512    1076   343  2606  3226  24193 25037 24998 17501 19911 18630
13513    1504  1789  2813  3540  16825 17834 17856 20407 15404 20409
13514    1857  1383  3535  3895   9093 12267 23191 15339 23192  7029
13515    1976   418  2779  2963  13211 13210 23511 24733  7139 13209
13516    2206   661  3079  3949  12723 24964  5626  8474 18255 23642
13517    2864  2737  2928  3251  13878 15550 16005 13881 13879 15549
13518    2397  1340  1122  2951  17841 21838 25229 20746 20743 22413
13519    2879  2848  3286  3630  22714  8633 19408 19410 22046 19407
13520     233  2161  2980  3853  14620 21773 25091 20173 12081 21772
13521     240  2462  1512  3336  16546  6396 21629 18695 23305 24317
13522    2129   409  3180  3575  22168  5221 21217 23299 21023 23298
13523     581  2249  1937  3775  13677 17288 16069 16750 16747 17289
13524    2811  2883  3258  3381  17791 19545 10441 20908 18566 23640
13525     689  1887  2632  2999  13077 13075 25230 23853 25179 13074
13526    3323   262  1966  3698  23268 17038 13856 13858  4514 13857
13527    2190   180  1768  2764   6255  8506  8504 22617  8503 16316
13528    1146  1217  2864  3251  15550  6999 15569 15028 15568 17546
13529    2908  2848  2982  3138   4836  8617 19409  5462 14952  8312
13530    1717   147  3075  3580   6002  4877  4874 25196  4875 21991
13531    1903  2793  3159  3339  18803 13571  9145  9143 13569  9146
13532    3220  2666  3279  3453   8471 22270 16348 16346 10717 16345
13533     613   284  2748  3061   6646  6908  8930 23795  8928 13493
13534    2914  2745  3103  3356  10731  9026 18863 10736 10732 16235
13535    2936   491  3067  3730   8092 15923 22228 10294 10291 16981
13536    2695  2859  2883  3255   7429 11368 24037  7428  7431 11369
13537    1569  1672  3670  3951  13308 18143 22125 10159 13309 18144
13538    2678  2826  2875  3721  20539 20844  9178 20542 20540  7206
13539     815  2407   248  2831  17284 12045 20928 20537  7972 24551
13540    2900  3086  3307  3416   9000 13601 17531  9004  4325 13600
13541     480  3175  3320  3913  19619 15719 22671 23189 12408 22777
13542    2679  2695  2859  2883   7428 18373 21876 24037 11369 19462
13543    1102  1193  1563  3667  14974 11139 24455 20312 18872 19915
13544     214  1994  3041  3432   9059 17292 17295 10004 11706 21734
13545    3358  3771  3907  3978   6446 24925 19215  6015  5981 19216
13546    2661  2786  3211  3215   4947  9373  6876 13952  5699  7667
13547    1764  2988  2943  1361  12426 24161  6268  6271 17674  6269
13548     528  3345  3816  3996  20680 22455 14100  6417 16037 14101
13549    2693  2830  3471  3568  18079 18083 22799  7903 15109 18082
13550    3723  1153   566  3942  16675 22899 22842 16677 16676 20272
13551    2904  2773  3116  3600  13290 14465 10063  4837  9545 21936
13552    3368  2803  3652  3745  24348  8052 18951 25231 24693 14455
13553    2719  2812  3477  3540  12253 16823 19942 10446 21416  5313
13554    1698   987  3181  3266   7088 21286 21916  7093  7089 21913
13555     129   522  1959  3436   6710  6707 23228 23994  4517  6708
13556    1322  2586  2587  2933  20971 21135 21138  5619  8318 25232
13557    1552  1082  2649  3260  14995 25226 11988  6696 22637 11987
13558    1526  2258   563  3056  22691  5681  5678 23897  5679 21660
13559    2024   903  3096  3187  13734 18278 10885 23175  6566 10745
13560    2519  3514  3037  3513   8363 12026 25141  9641 24897 11013
13561     847   704  2930   268  14541 25217 14899 14901 11039 14898
13562    2860  2658  3107  3259  11896 16997  8096 19720 15248 23943
13563      66  2862  2873  3693   4352  4356  7353 17755 11335  4355
13564    3187  3387  3416  3719  18791 10409 15502 16688 11113 16199
13565    2978  2793  3339  3777   9253 16764 13572 13569  8657 12802
13566     831   945  2097  3538  11747  8006  8009 19703  8010 19951
13567    2000   408  3121  2370  17658 24096 19441 19163 23980 18480
13568    2603  3076  3229  3439   6170 21834 21083 21081 11982  4764
13569    2757  2622  2882  3422  12224 12223  8058  8061  6465  8059
13570    2823  2855  3446  3728   8689 15842 11858  8691  4268 20851
13571      24  1867  3011  3047  17751 17889 16887 21468 18428 24341
13572    3012  2789  3013  3047  16203  7402 10130 16202 10131 21546
13573    2534   318  3478  3762  11436 20291 24005 24004 22322  8984
13574     401   871  3145  3203  15414 15418 21714 16804 14910 15417
13575     236  1031  3376  3641   5164  5820 17053 17051 11057 17054
13576    2882  2723  2955  3486   7292 10495 11028  7291  7294 10679
13577    1574  1509  2318  3605  19369 18798 18801 19368 10337 24844
13578    1403   877  1883  2990  16820  6155  6153 25157  6152 16819
13579    2710  2960  3220  3899  11070 17367 23341 11069 11072 16347
13580    3104  2853  3306  3709  18954 12097 15875 19078 19077 20512
13581    2928   396  2990  3591  16817 16003 16566 24832 18340 15222
13582    1227   170  1445  2748   9192  5156 25222 24764  6645  9191
13583    2748  2672  2791  3108  14922 12710 10845 13143 23333 23821
13584    1407   986  3121  3684  11035 19365 19395 18482 17955 19392
13585    2604  2675  3167  3297  13603 13606  4967  4970 21791  4968
13586     214  2834  3041  3097  13477 17254 17253  9062 13478 21734
13587    2217  1891  1180  2779   7220 20357 24200 18614 13340 20358
13588    1081   826  1551  3228  24863 16709 25233 24862 20402 25234
13589    1436  1064  3771  3886  11786  8414 10301  6447 23060 10302
13590    2804  3037  3089  3943   6159  8054  6125  6184  8053 12579
13591     711   457   126  3885  21596  8714 24521 22216  9674 15352
13592    2685  2681  3179  3787  24149 17417 17419 19056 14815  7044
13593    2928  1790  3251  3599   7784  4930  8198  6996 24424 13878
13594     603   988  1401  2907  13934 11796 24544 22307 10922 13932
13595    2363  3300  3331  3962  17077 19497 16095  4563 18638 16073
13596    1785   702  2144  3395  12971  7005 11180 23361 11179 12969
13597    1212  2229  3369  3999  19562 25014 21828 15859  9232 16349
13598    1549  1686  1631  2924  13422 17838 18743 24383  9352 17840
13599    1056   419  1177  3459   8970 20403 24082  8878  9286 23084
13600    1638  2544  2851  3382  19001 22218 10668  4232 13898 10664
13601    1258  2008   175  2819  14341  5117  5115 21854  5114 14344
13602     324    84  2892  3321  10782 20363 18547 10784 10212 12047
13603    1435  1649  2828  3744  12015 12014  5140  5137 14783  5141
13604    2698  2835  2901  2950   6779  4301 24687  6778  6781 14277
13605    2188  1811  2581  3448  11534  4818  4772 25175  4816 24449
13606    3908  1480  4028  4029  16770 16773 19745 24329 23430 16772
13607    2626  2714  3272  3712   5244  5248  7736 17814  7735  5247
13608     564    86  2311  3565  10838 18950 18948 11076 11073  8853
13609    1280  2807  2815  3787  14814 21790 24787 15326 24518 21256
13610    2620  2641  2878  3757  14577  4290  4288 21690  4287 20965
13611    2775  2667  2852  2909  11311 11310  8134 22269 17952 11309
13612    2631  2669  2856  2990  23921 19966 13649  8223  9745 15646
13613    2251  2252   306  3073  20601 23360 24236 25002 21560 25235
13614    3506  3505  3493  3556   6926 14468 14471 16312 14467 15391
13615    3312  3747  3774  3775  13675 22264 11623 12113 13676 17321
13616    2915  1160  2320  2299  22083  6034 10364 10367 23478 10365
13617     549  3241  3397  3782   5171 17574 23365  6314  6310 25095
13618    2757  3081  3684  4004   6116 15119 15246 12347  4592  5424
13619    2719  2796  3104  3792  15938 22441 16300 15878 17108 16301
13620    2719  2747  3485  3558  12119 16302  5317  8188 17895 21433
13621    1399   699  1441  3044   5714 21270  7824 22907 17585 25036
13622    3159  3663  2942  2793  10264  9143 14849  8072  8661 14850
13623    1001   556  2323  2955  17414 12065 17939 17413 17161 21779
13624     722  2577   723  3450  16137  5771  5769 16136  5768 23117
13625    1851  1748   200  3098  19162 19161 23996 19819 10916 19160
13626    2520  3011  3012  3047   7402  7406 25060 17753 17751  7405
13627    2441   445  2745  3077  24385 16877 24203 17202 25047 23793
13628    2718  2688  2760  3329  15064 19941 12562  5288 15065 13090
13629    1442   826  1081  3228  16709 16707 16719 25233 20402 16706
13630    1571  3154  3607  3635  14701 15471 15470 16475 10428 16478
13631    2100  1013  3202  3944  14612  7569  7567 21923  7566  7199
13632     628  2576  3322  3936  21869 23927 22259 11635 20454 22257
13633    2553   879  3488  3983  22031 22030 23934 23902 23904 14034
13634    2688  2649  2813  2951   4141 21666 20625 24745 14992 13669
13635    2926  2961  3307  3868  12309 11015  6026 13470 13389 12308
13636    3319  2624  3431  3571  19331 15379 13454 25236 15381 19332
13637    1968  3114   688  3161  22806 22071 13550 23407 24498 22807
13638    3056  2909  3183  3214   7899 21043 12599 17492 17489 21042
13639     385   288  3545  3912  15702 15706  9618  6212 24216 15705
13640     214   996  3400  3716  22527 21008 17296 15794 23832 17252
13641    1379  1968  1999  3180  14199  9977 24421 22072 24420 14197
13642    2750  1271  2754  2854  17664 24398 25237 17663  7868 11443
13643      70  2949  3116  3600  13290 13294 18026  8529 14462 13293
13644    2681  2603  2770  3076  18894 18240 21715 17028 21083 17982
13645    3622   668  3783  3913  12407  6243 18125 24114  8357 15721
13646    3045  3349  3898  3881  23862  5250 16490  9871 24321 16491
13647    2622  2675  3191  3297  14664 14665 24578 24958 21791  8057
13648    2676  2739  2846  3297  19104 15227 16314  7549  8711  8807
13649    2685  2622  2739  3297   8711 20631  6469 14739 14665 19447
13650    3200  2848  3286  3401  14649 11498 24113 19410  5460 14650
13651    1841  1956  1577  3097  14828 20504 20502 25238 20503 24749
13652     214  1577  1956  3097  20503 17254 25208 25238 14828 21007
13653     580  3212  3242  3328   6632 16799  6037  6636  6633  7417
13654     456  1222  1551  3228  24863 24433 19987 25239  9786 24864
13655    1016  2857  2969  3744  12502 16809 12787 11223 15454 16810
13656    2027   827  3458  3585  24111 20876 23578 23145 17670 21009
13657      42  1833  2971  3568  17598 13970 13972 11461 13973 11679
13658    2846  3297  3648  3718   8455 14603 19104  8460  8456  7544
13659    2371  1253  2749  3453   4978 22917 24402 19328 24399 22916
13660     763  1079  3184  3548  12439 15156 19060 13286 13282 15155
13661    2252   752  2570  3073  20603 21560 21558 23611 21557 25003
13662     706   249  1476  3495   4561  4559 22396  6496  6492  4560
13663    3087  2500  3369  3499  19732 22289 16371 13510 18451 13257
13664     954   956  3833  3933  22261  7502 15048 14257  8251 15049
13665    1228   484  3469  3485   8184 16130 16133  9465 16129 18000
13666      43  2704  2707  3265  11755 11753 24757  6769 14013 11752
13667     191  1479  1304  2829  25009 12373 12370 25010 12371 25240
13668    2669  2631  2856  3182  12358 15909 13649 15646  4104  8223
13669     201   202  3223  3331   8419 15382 16221  8420  8422 16222
13670    2054  1998  1237  2973  14592 13644 14128 15553 14127 14595
13671    1352  1883   859  2990  20189 22803 24079 25156 16820 25241
13672    2650  2765  2769  3423  21765 16658  8046 23424 23425 13995
13673     162   161  1722  3492  20449 18324 22635 25242 22636 25149
13674    1720  2144  1437  2915  23379 20168 23254 19755 20299 25023
13675    2045  1961   354  2812  22175 18058 25076 23722 21235 23645
13676     813  2728  2885  3932   7329 11970 13553  7330  7332 13848
13677     985   375  2890  3691   7204 12124 12127 18946 12123 24571
13678    2495  2342  1724  3041  10001  9117  9121 25000  9116 21102
13679    1764  1361  2943  2947  20635 22076 24161 12426 11975  6269
13680    1340  2397  2283  2951  21837 20743 25229 12010 21838 25204
13681    2396   480  3175  3302  14232 21704 22672 22671 23762 21703
13682      93  1849  3081  4004   4592  4596 24772 17204 17205  4595
13683    2324   573   843  2991  14473 14264 25022 20581 22623 23913
13684    3105  2607  3161  3182  16160  4100 23259 20478 20477 16159
13685    2638  2629  2650  2902  16659  5393 11790  7718 14719 11791
13686    2914  2973  3464  3829  21437  5997 24021 13641 11934 16094
13687    1068  1926  1462  3348  12478 14567 18723 20832 20834 22091
13688     900   352  1680  3395   8409 11543 23563 22163 11178 11544
13689    1265  1262  2661  3474   6539 20416 16538  8641  8639  6460
13690     216   154   455  3122   4754 19844 25082 23532 16389 18174
13691    1285   695   481  2969   9754  4550  4548  9753  4547 23906
13692    3084  2830  3235  3582   7901  9621  9624  7902  7904 12616
13693    3501   999  1854  3610  12381  5986  5984 21371  5983 12379
13694    1968  3114  3161  3180  14196 24420 13550 24498 19194 22071
13695    2675  2794  3191  3405  18906 16793 15541 19310 19206 24958
13696    2078   825  2872  3153   7068 20674 17137 24731 22649 13661
13697    2289  2209  3811  3949  16482 24202 20113 20111 22444 10693
13698     809  2174  3259  3325  15942  6568  6712 11899  6426 11897
13699     996  1956  1070  3716  18506 23832 23831 25098  5948 15793
13700     522   606   116  3436   9880  4517 13842 18545  8997 13055
13701    2100  2464  1013  3231   7570  7568 16518 21564 16517  7567
13702    1099  1482  2364  2951  22710  4139 21780 24409 21605 16925
13703     803  1206   200  3074  22416 12276 20547 24976 20550 19820
13704     963  2191  1472  3203  10452 10455 25225 23150  4587 10454
13705     836  2901   631  1923  17523 23247 13620 17525 17522 18399
13706    3086  2900  3249  3819  15642 19696 17531 16930 23871  9001
13707    1635  1174  3164  3669  14702 12319 20721 20713 16588 24506
13708    1252  2376  3273  3417  13697 23468 21285 24295 23498 21843
13709     474  3393  3731   488  12387 20218 20215 12386 12391 15289
13710    1792  2840  1038  3406  13262 12218  6641 16593  7851 13260
13711    2919  2848  3200  3401  11498  4835  5461 24113  5460 12853
13712    3138   197  3286  3401  14649  4831 10920 15183 10419  6654
13713    2981  3038  3278  3807   5024 23811 11659  8693 10867 24691
13714    2709  3059  3449  3572  17707 11186 10287 21861 18236 17705
13715    2799  2891  3643  4002  16883 16885 11401 18599  5135 16884
13716    1152  1784  3329  3540  15403 18526 18528 19069 18529 24349
13717    2269   684  2171  3215  10013  5700 25184 21935 13574 24486
13718    2973  2914  3549  3829  17207 11934 24021  9024  5997 12780
13719    2851  2360  3381  3382  21314 19001  4233 12287 17342 19542
13720    2499  2501  3694  4012  10164  9929 22470 10796 22469 17122
13721     772    46  3187  3296   4961 15624  9965 15949 22855 15948
13722    3219   485  3769  3813  20133 14953 21487 14868  6099 11637
13723    3114   409  3189  3575  21014 21015 21845 19670 21023  4670
13724    2180   296  3473  3726  22050 25110 17240 17239 11262  6774
13725    3170  2783  3407  3904   5301 20483 15059  7619 13168  8321
13726    2623  2591  2734  2834  19777 14890 18740 14998 18739 13637
13727    1122   323   494  2951   8991 17841 20745 16066 16067 15102
13728    3394  1786  3786  3790  14150  5903 13782 14938 14049 14937
13729    2986  1359  3223  3232  13746 12844  9558 10997 19558 13747
13730     462  1655  3218  3388  15583 21676 18645 15588 15584 17396
13731    2786  2649  2808  3099  21751  8720  6815  6818 11058  6816
13732    2290  1547   468  2834  23292  7890 18570 15679 16049 24125
13733    1096  1603  2972  3757   4286 14645 18391  5611  5607 17472
13734    1229  2968  3306  3558  23046  6533 23186 23049 23047 24017
13735    3264  2860  3317  3991  22478  9807  5241  8097 13834 24081
13736    3046  3224  3378  3655   6356 23347  6621  6618 13518  6622
13737     958   957  3264  3317  24081  8472  8827  8829 22966  5243
13738     926  2735  2877  3831   6550  6554 21099  5484 22708  6553
13739    1102  1953  3588  3667  11135 11139 14209 14211 19914 11138
13740     742   536  2911  3424  10535 22523 23508 22432 22434 22754
13741    1452  1405  1193  2903   5606  5604 25219 25243 10213  5603
13742    2468  2945  3090  3203   4586  4590 19032 13441  4855  4589
13743    1315  1308  3480  3728  25144  9356 22838 25244 22837 21304
13744    2773  2695  2881  2883  21831 20749 17617 20103 11369  9542
13745     678  1737  3580  3950  16862 16473 19485 19667 24812 22494
13746     462  1773  3388  3720  22879  4459 17497 21678 17496 21676
13747    1050    71   118  3233   6901 11676 18375  6902  6904 24879
13748     729  1665  1666  3463   7373 23330 25245 23745 23747 25086
13749    1358   846   313  3076   4363 10402 24723 11984 11986 25198
13750    3683  3771  3847  3946  15846 15125  6020 11334 11787  9969
13751    3187  3152  3249  3805  12559  4960 15978 15434 17227 12558
13752     398  2919  3109  3450  20163 16134 21583 11046 20979  4196
13753    2678    51  1522  3721  23662 20844 22066 22067 11517  7240
13754     556  2955  3585  3800   7598 21717 17161 17159 14250 17162
13755    2592  3227  3226  2663  15204 15205 18030 19913  5437 15207
13756     451   673  3072  3632  13958 18414 17145 13959 13961 11496
13757    1971    41  3471  3568  18079 11944 10353 10350 18080 10354
13758     257   237  3160  3632  13957  8544  8547 19002  8548  8122
13759     792  1193  1405  2903  10213 10145 10147 25243  5606 18210
13760    2279   395  3249  3326  18855 18853 19588  4342 21682 18852
13761    2728   813  2885  3256  13436 13434 13553 13848 22098  7330
13762    2934  2962  2984  3314  21799  7654  8630  6855  4403  8961
13763       2  3307  3416  3653  13598 20936 11916  9000 13599 16691
13764    1902  2925  3207  3546  25227 18444 18028 12739 18442 18029
13765     252  2824  2987  3495   7247  7251 24027  5148 18239  7250
13766    1522   384  2678  3294   9174 21696  7239  7236 18086  7240
13767    2390  3235   569  2013  23487 25246 21511 12615 14052 21984
13768     511   154  1658  3122  15626 14386 16388 25083 16389 15625
13769    2888  3315  3406  3536  12542 22520 25045 12547 12543 15928
13770    3598  3595  3671  3888  19137 19140 19676 20418 19551 19139
13771    2466  2085  2897  3211  18220 22300  4974  4971 19940  4975
13772    1511  2148  1558  3467  15504  9781 25153 15503  9873 22744
13773    2578   102  3217  3936  20648 20647 22052 22051 24675  4161
13774     540   542  1740  3286   6291 16152 24804 16252 16254 25223
13775    2987  2681  3231  3495   8799  7247 11614 11611 18238  6021
13776     305   101  2471  3233  13324 11672 24180 14862 21233 13322
13777    2753  2698  3220  3440   6576 18014  8485  6580  6577  8486
13778    3841  1108  4013  4016  23784 20396 17320 17317 20398 16483
13779    3132  3188  3799  3895  24307  4734 11134 20620  9090 23984
13780    3282  2040  3471  3582   7900 11561 13872  8666  8662 20700
13781    3403  2015  3452  3710  15638 19123  6251  6254 19125  6252
13782    2485  1815  3200  3401  11498 11501 23833 24737 13503 11471
13783    2196  1976  2779  3236   8909 11660 13502 13209 10592 13499
13784    1270  1265  2661  2759   8587 24531 19764  6460 20417 24530
13785    1577  2342  3041  3097  13477 14828  9119  9116 25205  9120
13786    2812  2718  3160  3632  13957 16615 14352 19629 17023 16616
13787    1387   676   350  3438  12678 13896 13894 12679 12681 24811
13788    2852  3183  3214  3601   7895 16852 17490  7899  7896 17491
13789    2761  2929  3105  3111   5617  8642 21874  6523  6525 18366
13790    2962  3139  3427  3679  11476  4404  4402  6194  4401  9531
13791    1066  1056  1422  3459  20412 14797 20404 23079 20403 16340
13792    2647  1325  3690  3761  16618  5782 17714 23410 22075 16619
13793     547   673   257  3160   8122  8119 21196 22980 13960  8120
13794     457  3084   569  3565  21983 18793  9672  9675  8649  9673
13795    2020  2310  3285  3377   8100 21214 24392 21523 21520 22809
13796    1105   641  1499  2801  17993  6336 23101 20399 12749 17992
13797    3237  2911  3365  1921  13719 16180 22435 13717 13716 16177
13798    2519  2518  3037  3943   8053 11012 12027  9864  9866 11013
13799    2712   191  2829  3327  12368 17464  7133 12373 12369 17463
13800    3266  3036   229  3367  16830 15737  9265  9268 18228  9266
13801    1067   592  3235  3565  21509 19229 19230 14409 16641 22638
13802    3111  2929  3180  3575  22168  4174  6525  6522 15905  6521
13803    1668  3533  3534  3793  24887 23173 25187 18964 23569 25247
13804     824   823  1778  3415  25015  8823 24726 25248 24727  9292
13805     709   944  3271  3424  12868  8670 24042 24089 22507 22338
13806    1125   124  2034  3541  21541 17358 23282 25249 18596 24734
13807    2034   124  1755  3541  17879 21541 25249 18598 18596 24869
13808    2800  2724  3466  3739   5927 22042 23801 16032 16030 18537
13809    3867  3939  3940  4026  15126 20110  4381  7432 15023  7435
13810    1760   963  3038  3397   8694  5817  5815 24058  5814 22003
13811     851  1337  3066  3157  14105  9755  9758 10196  9759 10764
13812     428  2462  2769  3752  19343 24478 10205 10207 18697 10204
13813    1076  2606  2663  3226  15204 25037 18630  5872 24193 18631
13814    1324  2932  2945  3872  15600 17021 21966 11092 21965  6472
13815    2763   422  2828  3367   6048 15739 12229  7661  7657  8897
13816     592  2013  1033  3235  14410 14409 25250 25251 14052 14414
13817    2626  2679  2720  2759   8588 14886 21875 24038 23529  8755
13818     859  1960  1913  2990   9746 20189 24645  9747  9749 20192
13819    3309   360  3373  3475  12033  4938 10526 10523 12034 10522
13820     202  3101  3223  3300   8423  8421 23240 21122 11466  8420
13821    2603  2703  2809  3392   8302 18904 20930  8808 20766 17026
13822    2231  1747  2230  3696  23014 20347 23806 25252 23804  9202
13823    2758  1225  3410  3984  18212 18213 23141 11344 23470 17802
13824      30   117   539  3061  20763  9304 22906 21497 21498 20760
13825    3388   462  3720  3764   4454  9520 21676  4459  4455 22879
13826    2361  1058  3076  3495  18237 22515 22517 22161 11604 15561
13827    2779  1727  3295  3395  11590 18728 14330 15185  4903  9136
13828     409  1027  3189  3575  21014 21023 19669  4533 21021 19670
13829    1072  3258  3651  3661  22429  7183  7187 13060  7182 13063
13830    3084  3165  3313  3565  10839  8649  8647 17994  8646  9914
13831    2869  2764  3123  3656   4843 12143 15845 15843 17328 12142
13832    3163  3672  3714  3890  12206 12208 13731 12105 13727 12207
13833    1421   777  2345  3099   8721 10439 10437  8722  8724 16276
13834    3165  3349  3881  3898  23862 18267 10708 24321  9871 14020
13835    1440  1413   593  3083  15388 13608 25253 17494  6186 24996
13836    1893  2488   922  3314  14422  6617  6614 17445  6615 19200
13837    3088  3267  3386  3629   9971 15500 16200 24033  4168 15872
13838    2348   775  3032  3564  11116 22385 23427 11160 23316 22366
13839    2404  3323  3698  3882   9917 14146 14144 17038 14143 23267
13840    1515   967  3433  3691  13586 24607 18018  6327 20267 18016
13841    1358  2312  1728  3076   5962 10402 25197 25049  4361 10404
13842    2013  1972  1033  3235  14410 14052 20638 24851 20636 25251
13843    2013   592  2390  3235  21511 14052 25250 21510 14409 25246
13844    2869  2733  3290  3303   5684 10605 10603 19540 10602 19539
13845     933   932   875  3223   4203  4202 15833 22206 11000  4207
13846     466   967  2678  3433  13783  6323  6326  7237  6327 17857
13847    1440   328  1413  3083   6186 13608 25213 23506 18515 25253
13848     303  1352   859  2990  20189 20820 24724 25241 22803 24755
13849    2607  2634  3105  3161  16159 20478 21301 23296 11385 23259
13850    3303  3290  3983  3994  21345 23580  5684  5208 19758  5683
13851    1825  2914  3736  3935   5995 25151 18060  5996  5998 18059
13852    2111   428  3423  3752   5391 20122 24386 18929 24478 22405
13853     428  2769  3423  3752   5391 24478 10204 21765 19343 18929
13854    3537  3249  3645  4005  14298  4371  4345  4341 15641  4340
13855    1329  2840  3114  3756  14186  9936  9939 14190  9935 11367
13856    1681  2039  1435  2828   5141  5138 25188  8287  8289  5139
13857     944   971  3271  3424  12868 22507 22506 12867 12870 24089
13858    1299   191  1304  2829  25009 25146  7134 25240 12373 25254
13859     972  1506  3363   551  13473  9379 25079 13472 13475 18336
13860    1222  3167  3228  4001  13476  8253  8257  4965  8252  9786
13861     983   351  2800  3466  18537  4058  4061  8933  4062 18536
13862    1511  3377  3467  3898   9870 20247 20249 22043 12466  9781
13863    2003   390  3399  3477  13311 13314 17283 15433  4257 13313
13864    2889  2688  3272  3831  17210 24467 23393  5289 21266  7336
13865    2761  2594  2828  2833   6047  5866 11425 17967  7409 18576
13866     287   263  3316  3693  10086  5599  8584  8581  4395  8580
13867    2605    24  2814  3047   9609  9607  6441 11880 17889  9606
13868    2877  3901  2871  1221   6793  6789 11834 23302 11835  6788
13869     598   597  3910  3960  24845 23567 23602 25255 24852 25256
13870    2308   224  3463  3994  19757 22884 20740 20738 22099  7377
13871    1775  3290  3463  3994  19757 24285 23035 19762 19758 21246
13872     816  1797  3983  3994  21345 22102 22667 21346 21348 22171
13873     975  2140  3279  3453   8471  5272 23798 13268 19698 23786
13874    2403  1619  2544  2851   4232  4236 11453 20900 11454  4235
13875    1234   112  2907  3723  10673 21674 23854 10678 10674 10076
13876    2523  3003  2524  3153  19208 20097 24512 19207 15344 23118
13877     800   598  3910  3960  24845 12122  6436 25256 23567 24135
13878    3129  3290  3547  3994  22969 19761 19759 24899 19758 22970
13879    2383  3547  3983  3994  21345 21344 22989 23581 22969 21349
13880    3293  1897  3579  4021  15444 20180 20183 15449 15445 22931
13881     588  1759  3769  3961  15075 23650 23651 25084 12893  5801
13882    2838  1266  2843  3247  12948 18683 21176 23767  4863 19089
13883    2812  1884  3459  3477   7710 10446 10449 11021 10450 16617
13884    3077  1623  3149  3647  10273 18979 18982 14738 14734 20854
13885    1971    40  1417  3471  20835 10354 10352 20838 10351 24992
13886    2589  2694  2699  3603  10775 10772 21597 15188 15057 10773
13887    1759  2322  3769  3961  15075 12893 12896  5802 12892 25084
13888    3162   588  3769  3961  15075 15079 24722  5801 23650 15078
13889    1503  3772  3855  3889   5099  6595 14289  5964 14288 14803
# Generated by ./tetgen -pqa -o2 vase/protect_foam_ascii.ply 
